Workbook

Sheet Sheet1
B1: \\cenmes\CCE\WACP\LeakDetection\acpLeakDetection|CircFlow_2_0
A2: {=_xll.PISampDat(Sheet1!$B$1,"2023/11/19 09:40:00","*","1m",1,"")} -> #NAME? | B2: #NAME?
A3: #NAME? | B3: #NAME?
A4: #NAME? | B4: #NAME?
A5: #NAME? | B5: #NAME?
A6: #NAME? | B6: #NAME?
A7: #NAME? | B7: #NAME?
A8: #NAME? | B8: #NAME?
A9: #NAME? | B9: #NAME?
A10: #NAME? | B10: #NAME?
A11: #NAME? | B11: #NAME?
A12: #NAME? | B12: #NAME?
A13: #NAME? | B13: #NAME?
A14: #NAME? | B14: #NAME?
... A346: #NAME? | B346: #NAME?

Sheet Sheet2
B1: \\cenmes\CCE\WACP\LeakDetection\acpLeakDetection|AcidPlantGasFlowrate_0_0 | C1: \\cenmes\CCE\WACP\LeakDetection\acpLeakDetection|AmbientTemp_0_0 | D1: \\cenmes\CCE\WACP\LeakDetection\acpLeakDetection|CircFlow_1_0 | E1: \\cenmes\CCE\WACP\LeakDetection\acpLeakDetection|CircFlow_2_0 | F1: \\cenmes\CCE\WACP\LeakDetection\acpLeakDetection|CircPress_1_0 | G1: \\cenmes\CCE\WACP\LeakDetection\acpLeakDetection|CircPress_2_0 | H1: \\cenmes\CCE\WACP\LeakDetection\acpLeakDetection|CircPump_1_1 | I1: \\cenmes\CCE\WACP\LeakDetection\acpLeakDetection|CircPump_2_1 | J1: \\cenmes\CCE\WACP\LeakDetection\acpLeakDetection|CircPumpCommon_0_1 | K1: \\cenmes\CCE\WACP\LeakDetection\acpLeakDetection|ConvertorMode_0_0 | L1: \\cenmes\CCE\WACP\LeakDetection\acpLeakDetection|ExpansionTankLevel_1_0 | M1: \\cenmes\CCE\WACP\LeakDetection\acpLeakDetection|ExpansionTankLevel_2_0 | N1: \\cenmes\CCE\WACP\LeakDetection\acpLeakDetection|FuelCoalCarrierAir_0_0 | O1: \\cenmes\CCE\WACP\LeakDetection\acpLeakDetection|FurnaceSuctionPress_1_0 | P1: \\cenmes\CCE\WACP\LeakDetection\acpLeakDetection|FurnaceSuctionPress_2_0 | Q1: \\cenmes\CCE\WACP\LeakDetection\acpLeakDetection|LanceAir_0_0 | R1: \\cenmes\CCE\WACP\LeakDetection\acpLeakDetection|LanceCoal_0_0 | S1: \\cenmes\CCE\WACP\LeakDetection\acpLeakDetection|LanceCoalLoss_0_0 | T1: \\cenmes\CCE\WACP\LeakDetection\acpLeakDetection|LanceOxygen_0_0 | U1: \\cenmes\CCE\WACP\LeakDetection\acpLeakDetection|MakeUpPump005_0_1 | V1: \\cenmes\CCE\WACP\LeakDetection\acpLeakDetection|MakeUpPump012_0_1 | W1: \\cenmes\CCE\WACP\LeakDetection\acpLeakDetection|MatteCarrierAir_0_0 | X1: \\cenmes\CCE\WACP\LeakDetection\acpLeakDetection|MatteFeed_0_0 | Y1: \\cenmes\CCE\WACP\LeakDetection\acpLeakDetection|Moisture_0_0 | Z1: \\cenmes\CCE\WACP\LeakDetection\acpLeakDetection|RoofCoalCarrierAir_0_0 | AA1: \\cenmes\CCE\WACP\LeakDetection\acpLeakDetection|RoofCoalLoss_0_0 | AB1: \\cenmes\CCE\WACP\LeakDetection\acpLeakDetection|ShroudAir_0_0 | AC1: \\cenmes\CCE\WACP\LeakDetection\acpLeakDetection|ShroudOxygen_0_0 | AD1: \\cenmes\CCE\WACP\LeakDetection\acpLeakDetection|SprayCoolerInletTemp_1_0 | AE1: \\cenmes\CCE\WACP\LeakDetection\acpLeakDetection|SprayCoolerInletTemp_2_0 | AF1: \\cenmes\CCE\WACP\LeakDetection\acpLeakDetection|StandbyCoalLoss_0_0
A2: {=_xll.PISampDat(Sheet2!$B$1,"2023/11/19 11:40:00","2023/11/19 15:00:00","1m",1,"")} -> #NAME? | B2: #NAME? | C2: {=_xll.PISampDat(Sheet2!$C$1,"2023/11/19 11:40:00","2023/11/19 15:00:00","1m",0,"")} -> #NAME? | D2: {=_xll.PISampDat(Sheet2!$D$1,"2023/11/19 11:40:00","2023/11/19 15:00:00","1m",0,"")} -> #NAME? | E2: {=_xll.PISampDat(Sheet2!$E$1,"2023/11/19 11:40:00","2023/11/19 15:00:00","1m",0,"")} -> #NAME? | F2: {=_xll.PISampDat(Sheet2!$F$1,"2023/11/19 11:40:00","2023/11/19 15:00:00","1m",0,"")} -> #NAME? | G2: {=_xll.PISampDat(Sheet2!$G$1,"2023/11/19 11:40:00","2023/11/19 15:00:00","1m",0,"")} -> #NAME? | H2: {=_xll.PISampDat(Sheet2!$H$1,"2023/11/19 11:40:00","2023/11/19 15:00:00","1m",0,"")} -> #NAME? | I2: {=_xll.PISampDat(Sheet2!$I$1,"2023/11/19 11:40:00","2023/11/19 15:00:00","1m",0,"")} -> #NAME? | J2: {=_xll.PISampDat(Sheet2!$J$1,"2023/11/19 11:40:00","2023/11/19 15:00:00","1m",0,"")} -> #NAME? | K2: {=_xll.PISampDat(Sheet2!$K$1,"2023/11/19 11:40:00","2023/11/19 15:00:00","1m",0,"")} -> #NAME? | L2: {=_xll.PISampDat(Sheet2!$L$1,"2023/11/19 11:40:00","2023/11/19 15:00:00","1m",0,"")} -> #NAME? | M2: {=_xll.PISampDat(Sheet2!$M$1,"2023/11/19 11:40:00","2023/11/19 15:00:00","1m",0,"")} -> #NAME? | N2: {=_xll.PISampDat(Sheet2!$N$1,"2023/11/19 11:40:00","2023/11/19 15:00:00","1m",0,"")} -> #NAME? | O2: {=_xll.PISampDat(Sheet2!$O$1,"2023/11/19 11:40:00","2023/11/19 15:00:00","1m",0,"")} -> #NAME? | P2: {=_xll.PISampDat(Sheet2!$P$1,"2023/11/19 11:40:00","2023/11/19 15:00:00","1m",0,"")} -> #NAME? | Q2: {=_xll.PISampDat(Sheet2!$Q$1,"2023/11/19 11:40:00","2023/11/19 15:00:00","1m",0,"")} -> #NAME? | R2: {=_xll.PISampDat(Sheet2!$R$1,"2023/11/19 11:40:00","2023/11/19 15:00:00","1m",0,"")} -> #NAME? | S2: {=_xll.PISampDat(Sheet2!$S$1,"2023/11/19 11:40:00","2023/11/19 15:00:00","1m",0,"")} -> #NAME? | T2: {=_xll.PISampDat(Sheet2!$T$1,"2023/11/19 11:40:00","2023/11/19 15:00:00","1m",0,"")} -> #NAME? | U2: {=_xll.PISampDat(Sheet2!$U$1,"2023/11/19 11:40:00","2023/11/19 15:00:00","1m",0,"")} -> #NAME? | V2: {=_xll.PISampDat(Sheet2!$V$1,"2023/11/19 11:40:00","2023/11/19 15:00:00","1m",0,"")} -> #NAME? | W2: {=_xll.PISampDat(Sheet2!$W$1,"2023/11/19 11:40:00","2023/11/19 15:00:00","1m",0,"")} -> #NAME? | X2: {=_xll.PISampDat(Sheet2!$X$1,"2023/11/19 11:40:00","2023/11/19 15:00:00","1m",0,"")} -> #NAME? | Y2: {=_xll.PISampDat(Sheet2!$Y$1,"2023/11/19 11:40:00","2023/11/19 15:00:00","1m",0,"")} -> #NAME? | Z2: {=_xll.PISampDat(Sheet2!$Z$1,"2023/11/19 11:40:00","2023/11/19 15:00:00","1m",0,"")} -> #NAME? | AA2: {=_xll.PISampDat(Sheet2!$AA$1,"2023/11/19 11:40:00","2023/11/19 15:00:00","1m",0,"")} -> #NAME? | AB2: {=_xll.PISampDat(Sheet2!$AB$1,"2023/11/19 11:40:00","2023/11/19 15:00:00","1m",0,"")} -> #NAME? | AC2: {=_xll.PISampDat(Sheet2!$AC$1,"2023/11/19 11:40:00","2023/11/19 15:00:00","1m",0,"")} -> #NAME? | AD2: {=_xll.PISampDat(Sheet2!$AD$1,"2023/11/19 11:40:00","2023/11/19 15:00:00","1m",0,"")} -> #NAME? | AE2: {=_xll.PISampDat(Sheet2!$AE$1,"2023/11/19 11:40:00","2023/11/19 15:00:00","1m",0,"")} -> #NAME? | AF2: {=_xll.PISampDat(Sheet2!$AF$1,"2023/11/19 11:40:00","2023/11/19 15:00:00","1m",0,"")} -> #NAME?
A3: #NAME? | B3: #NAME? | C3: #NAME? | D3: #NAME? | E3: #NAME? | F3: #NAME? | G3: #NAME? | H3: #NAME? | I3: #NAME? | J3: #NAME? | K3: #NAME? | L3: #NAME? | M3: #NAME? | N3: #NAME? | O3: #NAME? | P3: #NAME? | Q3: #NAME? | R3: #NAME? | S3: #NAME? | T3: #NAME? | U3: #NAME? | V3: #NAME? | W3: #NAME? | X3: #NAME? | Y3: #NAME? | Z3: #NAME? | AA3: #NAME? | AB3: #NAME? | AC3: #NAME? | AD3: #NAME? | AE3: #NAME? | AF3: #NAME?
A4: #NAME? | B4: #NAME? | C4: #NAME? | D4: #NAME? | E4: #NAME? | F4: #NAME? | G4: #NAME? | H4: #NAME? | I4: #NAME? | J4: #NAME? | K4: #NAME? | L4: #NAME? | M4: #NAME? | N4: #NAME? | O4: #NAME? | P4: #NAME? | Q4: #NAME? | R4: #NAME? | S4: #NAME? | T4: #NAME? | U4: #NAME? | V4: #NAME? | W4: #NAME? | X4: #NAME? | Y4: #NAME? | Z4: #NAME? | AA4: #NAME? | AB4: #NAME? | AC4: #NAME? | AD4: #NAME? | AE4: #NAME? | AF4: #NAME?
A5: #NAME? | B5: #NAME? | C5: #NAME? | D5: #NAME? | E5: #NAME? | F5: #NAME? | G5: #NAME? | H5: #NAME? | I5: #NAME? | J5: #NAME? | K5: #NAME? | L5: #NAME? | M5: #NAME? | N5: #NAME? | O5: #NAME? | P5: #NAME? | Q5: #NAME? | R5: #NAME? | S5: #NAME? | T5: #NAME? | U5: #NAME? | V5: #NAME? | W5: #NAME? | X5: #NAME? | Y5: #NAME? | Z5: #NAME? | AA5: #NAME? | AB5: #NAME? | AC5: #NAME? | AD5: #NAME? | AE5: #NAME? | AF5: #NAME?
A6: #NAME? | B6: #NAME? | C6: #NAME? | D6: #NAME? | E6: #NAME? | F6: #NAME? | G6: #NAME? | H6: #NAME? | I6: #NAME? | J6: #NAME? | K6: #NAME? | L6: #NAME? | M6: #NAME? | N6: #NAME? | O6: #NAME? | P6: #NAME? | Q6: #NAME? | R6: #NAME? | S6: #NAME? | T6: #NAME? | U6: #NAME? | V6: #NAME? | W6: #NAME? | X6: #NAME? | Y6: #NAME? | Z6: #NAME? | AA6: #NAME? | AB6: #NAME? | AC6: #NAME? | AD6: #NAME? | AE6: #NAME? | AF6: #NAME?
A7: #NAME? | B7: #NAME? | C7: #NAME? | D7: #NAME? | E7: #NAME? | F7: #NAME? | G7: #NAME? | H7: #NAME? | I7: #NAME? | J7: #NAME? | K7: #NAME? | L7: #NAME? | M7: #NAME? | N7: #NAME? | O7: #NAME? | P7: #NAME? | Q7: #NAME? | R7: #NAME? | S7: #NAME? | T7: #NAME? | U7: #NAME? | V7: #NAME? | W7: #NAME? | X7: #NAME? | Y7: #NAME? | Z7: #NAME? | AA7: #NAME? | AB7: #NAME? | AC7: #NAME? | AD7: #NAME? | AE7: #NAME? | AF7: #NAME?
A8: #NAME? | B8: #NAME? | C8: #NAME? | D8: #NAME? | E8: #NAME? | F8: #NAME? | G8: #NAME? | H8: #NAME? | I8: #NAME? | J8: #NAME? | K8: #NAME? | L8: #NAME? | M8: #NAME? | N8: #NAME? | O8: #NAME? | P8: #NAME? | Q8: #NAME? | R8: #NAME? | S8: #NAME? | T8: #NAME? | U8: #NAME? | V8: #NAME? | W8: #NAME? | X8: #NAME? | Y8: #NAME? | Z8: #NAME? | AA8: #NAME? | AB8: #NAME? | AC8: #NAME? | AD8: #NAME? | AE8: #NAME? | AF8: #NAME?
A9: #NAME? | B9: #NAME? | C9: #NAME? | D9: #NAME? | E9: #NAME? | F9: #NAME? | G9: #NAME? | H9: #NAME? | I9: #NAME? | J9: #NAME? | K9: #NAME? | L9: #NAME? | M9: #NAME? | N9: #NAME? | O9: #NAME? | P9: #NAME? | Q9: #NAME? | R9: #NAME? | S9: #NAME? | T9: #NAME? | U9: #NAME? | V9: #NAME? | W9: #NAME? | X9: #NAME? | Y9: #NAME? | Z9: #NAME? | AA9: #NAME? | AB9: #NAME? | AC9: #NAME? | AD9: #NAME? | AE9: #NAME? | AF9: #NAME?
A10: #NAME? | B10: #NAME? | C10: #NAME? | D10: #NAME? | E10: #NAME? | F10: #NAME? | G10: #NAME? | H10: #NAME? | I10: #NAME? | J10: #NAME? | K10: #NAME? | L10: #NAME? | M10: #NAME? | N10: #NAME? | O10: #NAME? | P10: #NAME? | Q10: #NAME? | R10: #NAME? | S10: #NAME? | T10: #NAME? | U10: #NAME? | V10: #NAME? | W10: #NAME? | X10: #NAME? | Y10: #NAME? | Z10: #NAME? | AA10: #NAME? | AB10: #NAME? | AC10: #NAME? | AD10: #NAME? | AE10: #NAME? | AF10: #NAME?
A11: #NAME? | B11: #NAME? | C11: #NAME? | D11: #NAME? | E11: #NAME? | F11: #NAME? | G11: #NAME? | H11: #NAME? | I11: #NAME? | J11: #NAME? | K11: #NAME? | L11: #NAME? | M11: #NAME? | N11: #NAME? | O11: #NAME? | P11: #NAME? | Q11: #NAME? | R11: #NAME? | S11: #NAME? | T11: #NAME? | U11: #NAME? | V11: #NAME? | W11: #NAME? | X11: #NAME? | Y11: #NAME? | Z11: #NAME? | AA11: #NAME? | AB11: #NAME? | AC11: #NAME? | AD11: #NAME? | AE11: #NAME? | AF11: #NAME?
A12: #NAME? | B12: #NAME? | C12: #NAME? | D12: #NAME? | E12: #NAME? | F12: #NAME? | G12: #NAME? | H12: #NAME? | I12: #NAME? | J12: #NAME? | K12: #NAME? | L12: #NAME? | M12: #NAME? | N12: #NAME? | O12: #NAME? | P12: #NAME? | Q12: #NAME? | R12: #NAME? | S12: #NAME? | T12: #NAME? | U12: #NAME? | V12: #NAME? | W12: #NAME? | X12: #NAME? | Y12: #NAME? | Z12: #NAME? | AA12: #NAME? | AB12: #NAME? | AC12: #NAME? | AD12: #NAME? | AE12: #NAME? | AF12: #NAME?
A13: #NAME? | B13: #NAME? | C13: #NAME? | D13: #NAME? | E13: #NAME? | F13: #NAME? | G13: #NAME? | H13: #NAME? | I13: #NAME? | J13: #NAME? | K13: #NAME? | L13: #NAME? | M13: #NAME? | N13: #NAME? | O13: #NAME? | P13: #NAME? | Q13: #NAME? | R13: #NAME? | S13: #NAME? | T13: #NAME? | U13: #NAME? | V13: #NAME? | W13: #NAME? | X13: #NAME? | Y13: #NAME? | Z13: #NAME? | AA13: #NAME? | AB13: #NAME? | AC13: #NAME? | AD13: #NAME? | AE13: #NAME? | AF13: #NAME?
A14: #NAME? | B14: #NAME? | C14: #NAME? | D14: #NAME? | E14: #NAME? | F14: #NAME? | G14: #NAME? | H14: #NAME? | I14: #NAME? | J14: #NAME? | K14: #NAME? | L14: #NAME? | M14: #NAME? | N14: #NAME? | O14: #NAME? | P14: #NAME? | Q14: #NAME? | R14: #NAME? | S14: #NAME? | T14: #NAME? | U14: #NAME? | V14: #NAME? | W14: #NAME? | X14: #NAME? | Y14: #NAME? | Z14: #NAME? | AA14: #NAME? | AB14: #NAME? | AC14: #NAME? | AD14: #NAME? | AE14: #NAME? | AF14: #NAME?
... A202: #NAME? | B202: #NAME? | C202: #NAME? | D202: #NAME? | E202: #NAME? | F202: #NAME? | G202: #NAME? | H202: #NAME? | I202: #NAME? | J202: #NAME? | K202: #NAME? | L202: #NAME? | M202: #NAME? | N202: #NAME? | O202: #NAME? | P202: #NAME? | Q202: #NAME? | R202: #NAME? | S202: #NAME? | T202: #NAME? | U202: #NAME? | V202: #NAME? | W202: #NAME? | X202: #NAME? | Y202: #NAME? | Z202: #NAME? | AA202: #NAME? | AB202: #NAME? | AC202: #NAME? | AD202: #NAME? | AE202: #NAME? | AF202: #NAME?

Sheet Sheet3
B1: AcidPlantGasFlowrate_0_0 | C1: AmbientTemp_0_0 | D1: CircFlow_1_0 | E1: CircFlow_2_0 | F1: CircPress_1_0 | G1: CircPress_2_0 | H1: CircPump_1_1 | I1: CircPump_2_1 | J1: CircPumpCommon_0_1 | K1: ConvertorMode_0_0 | L1: ExpansionTankLevel_1_0 | M1: ExpansionTankLevel_2_0 | N1: FuelCoalCarrierAir_0_0 | O1: FurnaceSuctionPress_1_0 | P1: FurnaceSuctionPress_2_0 | Q1: LanceAir_0_0 | R1: LanceCoal_0_0 | S1: LanceCoalLoss_0_0 | T1: LanceOxygen_0_0 | U1: MakeUpPump005_0_1 | V1: MakeUpPump012_0_1 | W1: MatteCarrierAir_0_0 | X1: MatteFeed_0_0 | Y1: Moisture_0_0 | Z1: RoofCoalCarrierAir_0_0 | AA1: RoofCoalLoss_0_0 | AB1: ShroudAir_0_0 | AC1: ShroudOxygen_0_0 | AD1: SprayCoolerInletTemp_1_0 | AE1: SprayCoolerInletTemp_2_0 | AF1: StandbyCoalLoss_0_0
A2: 45249.486 | B2: Bad | C2: 35.600052 | D2: Bad | E2: 104.49934 | F2: Bad | G2: 0.45350316 | H2: OFF | I2: OFF | J2: OFF | K2: 1 | L2: Bad | M2: 7.4260645 | N2: 0 | O2: 0 | P2: -0.91347802 | Q2: 302.28824 | R2: 0 | S2: 0 | T2: 0 | U2: OFF | V2: OFF | W2: 0 | X2: 0 | Y2: Bad | Z2: 0 | AA2: 0 | AB2: -2.2463821e-06 | AC2: 0 | AD2: Bad | AE2: 31.232649 | AF2: 0
A3: 45249.487 | B3: Bad | C3: 35.585266 | D3: Bad | E3: 92.414436 | F3: Bad | G3: 0.45241311 | H3: OFF | I3: OFF | J3: OFF | K3: 1 | L3: Bad | M3: 7.2335105 | N3: 0 | O3: 0 | P3: -0.87565655 | Q3: 310.40353 | R3: 0 | S3: 0 | T3: 0 | U3: OFF | V3: OFF | W3: 0 | X3: 0 | Y3: Bad | Z3: 0 | AA3: 0 | AB3: -2.2462611e-06 | AC3: 0 | AD3: Bad | AE3: 31.246817 | AF3: 0
A4: 45249.488 | B4: Bad | C4: 35.614841 | D4: Bad | E4: 79.746895 | F4: Bad | G4: 0.45132309 | H4: OFF | I4: OFF | J4: OFF | K4: 1 | L4: Bad | M4: 7.351841 | N4: 0 | O4: 0 | P4: -0.86334932 | Q4: 311.80951 | R4: 0 | S4: 0 | T4: 0 | U4: OFF | V4: OFF | W4: 0 | X4: 0 | Y4: Bad | Z4: 0 | AA4: 0 | AB4: -2.24614e-06 | AC4: 0 | AD4: Bad | AE4: 31.260983 | AF4: 0
A5: 45249.488 | B5: Bad | C5: 35.568848 | D5: Bad | E5: 66.910118 | F5: Bad | G5: 0.45023304 | H5: OFF | I5: OFF | J5: OFF | K5: 1 | L5: Bad | M5: 7.2677417 | N5: 0 | O5: 0 | P5: -0.87097269 | Q5: 309.16672 | R5: 0 | S5: 0 | T5: 0 | U5: OFF | V5: OFF | W5: 0 | X5: 0 | Y5: Bad | Z5: 0 | AA5: 0 | AB5: -2.246019e-06 | AC5: 0 | AD5: Bad | AE5: 31.275148 | AF5: 0
A6: 45249.489 | B6: Bad | C6: 35.592304 | D6: Bad | E6: 108.86161 | F6: Bad | G6: 0.44914299 | H6: OFF | I6: OFF | J6: OFF | K6: 1 | L6: Bad | M6: 7.4842525 | N6: 0 | O6: 0 | P6: -0.86251259 | Q6: 307.33334 | R6: 0 | S6: 0 | T6: 0 | U6: OFF | V6: OFF | W6: 0 | X6: 0 | Y6: Bad | Z6: 0 | AA6: 0 | AB6: -2.245898e-06 | AC6: 0 | AD6: Bad | AE6: 31.289316 | AF6: 0
A7: 45249.49 | B7: Bad | C7: 35.669212 | D7: Bad | E7: 78.992683 | F7: Bad | G7: 0.44805297 | H7: OFF | I7: OFF | J7: OFF | K7: 1 | L7: Bad | M7: 7.5362902 | N7: 0 | O7: 0 | P7: -0.84222561 | Q7: 312.17776 | R7: 0 | S7: 0 | T7: 0 | U7: OFF | V7: OFF | W7: 0 | X7: 0 | Y7: Bad | Z7: 0 | AA7: 0 | AB7: -2.2457768e-06 | AC7: 0 | AD7: Bad | AE7: 31.303482 | AF7: 0
A8: 45249.49 | B8: Bad | C8: 35.615273 | D8: Bad | E8: 74.465668 | F8: Bad | G8: 0.44696292 | H8: OFF | I8: OFF | J8: OFF | K8: 1 | L8: Bad | M8: 7.0624065 | N8: 0 | O8: 0 | P8: -0.90161312 | Q8: 308.1781 | R8: 0 | S8: 0 | T8: 0 | U8: OFF | V8: OFF | W8: 0 | X8: 0 | Y8: Bad | Z8: 0 | AA8: 0 | AB8: -2.2456559e-06 | AC8: 0 | AD8: Bad | AE8: 31.31765 | AF8: 0
A9: 45249.491 | B9: Bad | C9: 35.625305 | D9: Bad | E9: 81.886223 | F9: Bad | G9: 0.44587287 | H9: OFF | I9: OFF | J9: OFF | K9: 1 | L9: Bad | M9: 7.1442118 | N9: 0 | O9: 0 | P9: -0.89386028 | Q9: 311.32422 | R9: 0 | S9: 0 | T9: 0 | U9: OFF | V9: OFF | W9: 0 | X9: 0 | Y9: Bad | Z9: 0 | AA9: 0 | AB9: -2.2455349e-06 | AC9: 0 | AD9: Bad | AE9: 31.331816 | AF9: 0
A10: 45249.492 | B10: Bad | C10: 35.680485 | D10: Bad | E10: 63.437592 | F10: Bad | G10: 0.44478285 | H10: OFF | I10: OFF | J10: OFF | K10: 1 | L10: Bad | M10: 7.355422 | N10: 0 | O10: 0 | P10: -0.85700363 | Q10: 314.28708 | R10: 0 | S10: 0 | T10: 0 | U10: OFF | V10: OFF | W10: 0 | X10: 0 | Y10: Bad | Z10: 0 | AA10: 0 | AB10: -2.2454137e-06 | AC10: 0 | AD10: Bad | AE10: 31.345982 | AF10: 0
A11: 45249.492 | B11: Bad | C11: 35.636738 | D11: Bad | E11: 65.341507 | F11: Bad | G11: 0.4436928 | H11: OFF | I11: OFF | J11: OFF | K11: 1 | L11: Bad | M11: 7.3523693 | N11: 0 | O11: 0 | P11: -0.83816105 | Q11: 316.64609 | R11: 0 | S11: 0 | T11: 0 | U11: OFF | V11: OFF | W11: 0 | X11: 0 | Y11: Bad | Z11: 0 | AA11: 0 | AB11: -2.2452928e-06 | AC11: 0 | AD11: Bad | AE11: 31.360149 | AF11: 0
A12: 45249.493 | B12: Bad | C12: 35.626282 | D12: Bad | E12: 78.616196 | F12: Bad | G12: 0.44260275 | H12: OFF | I12: OFF | J12: OFF | K12: 1 | L12: Bad | M12: 7.1966963 | N12: 0 | O12: 0 | P12: -0.899791 | Q12: 315.21103 | R12: 0 | S12: 0 | T12: 0 | U12: OFF | V12: OFF | W12: 0 | X12: 0 | Y12: Bad | Z12: 0 | AA12: 0 | AB12: -2.2451718e-06 | AC12: 0 | AD12: Bad | AE12: 31.374315 | AF12: 0
A13: 45249.494 | B13: Bad | C13: 35.693913 | D13: Bad | E13: 90.353859 | F13: Bad | G13: 0.44151273 | H13: OFF | I13: OFF | J13: OFF | K13: 1 | L13: Bad | M13: 7.3431306 | N13: 0 | O13: 0 | P13: -0.87647033 | Q13: 315.1713 | R13: 0 | S13: 0 | T13: 0 | U13: OFF | V13: OFF | W13: 0 | X13: 0 | Y13: Bad | Z13: 0 | AA13: 0 | AB13: -2.2450506e-06 | AC13: 0 | AD13: Bad | AE13: 31.388483 | AF13: 0
... A202: 45249.625 | B202: Bad | C202: 37.329983 | D202: Bad | E202: 62.99073 | F202: Bad | G202: 0.42825711 | H202: OFF | I202: OFF | J202: OFF | K202: 1 | L202: Bad | M202: 6.3620205 | N202: 0 | O202: 0 | P202: -1.066694 | Q202: 435.9635 | R202: 0 | S202: 0 | T202: 0 | U202: OFF | V202: OFF | W202: 0 | X202: 0 | Y202: Bad | Z202: 0 | AA202: 0 | AB202: -2.2221743e-06 | AC202: 0 | AD202: Bad | AE202: 33.697803 | AF202: 0

Sheet Sheet4
B1: \\cenmes\CCE\WACP\LeakDetection\acpLeakDetection|AcidPlantGasFlowrate_In | C1: \\cenmes\CCE\WACP\LeakDetection\acpLeakDetection|AmbientTemp_In | D1: \\cenmes\CCE\WACP\LeakDetection\acpLeakDetection|CircFlow_In | E1: \\cenmes\CCE\WACP\LeakDetection\acpLeakDetection|CircPress_In | F1: \\cenmes\CCE\WACP\LeakDetection\acpLeakDetection|ConvertorMode_In | G1: \\cenmes\CCE\WACP\LeakDetection\acpLeakDetection|ExpansionTankLevel_In | H1: \\cenmes\CCE\WACP\LeakDetection\acpLeakDetection|FuelCoalCarrierAir_In | I1: \\cenmes\CCE\WACP\LeakDetection\acpLeakDetection|FurnaceSuctionPress_In | J1: \\cenmes\CCE\WACP\LeakDetection\acpLeakDetection|LanceAir_In | K1: \\cenmes\CCE\WACP\LeakDetection\acpLeakDetection|LanceCoal_In | L1: \\cenmes\CCE\WACP\LeakDetection\acpLeakDetection|LanceCoalLoss_In | M1: \\cenmes\CCE\WACP\LeakDetection\acpLeakDetection|LanceOxygen_In | N1: \\cenmes\CCE\WACP\LeakDetection\acpLeakDetection|MakeUpPump30_In | O1: \\cenmes\CCE\WACP\LeakDetection\acpLeakDetection|MakeUpPump60_In | P1: \\cenmes\CCE\WACP\LeakDetection\acpLeakDetection|MatteCarrierAir_In | Q1: \\cenmes\CCE\WACP\LeakDetection\acpLeakDetection|MatteFeed_In | R1: \\cenmes\CCE\WACP\LeakDetection\acpLeakDetection|Moisture_In | S1: \\cenmes\CCE\WACP\LeakDetection\acpLeakDetection|RoofCoalCarrierAir_In | T1: \\cenmes\CCE\WACP\LeakDetection\acpLeakDetection|RoofCoalLoss_In | U1: \\cenmes\CCE\WACP\LeakDetection\acpLeakDetection|Run_In | V1: \\cenmes\CCE\WACP\LeakDetection\acpLeakDetection|ShroudAir_In | W1: \\cenmes\CCE\WACP\LeakDetection\acpLeakDetection|ShroudOxygen_In | X1: \\cenmes\CCE\WACP\LeakDetection\acpLeakDetection|SprayCoolerInletTemp_In | Y1: \\cenmes\CCE\WACP\LeakDetection\acpLeakDetection|StandbyCoalLoss_In
A2: {=_xll.PISampDat(Sheet4!$B$1,"2023/11/19 11:40:00","2023/11/19 15:00:00","1m",1,"")} -> #NAME? | B2: #NAME? | C2: {=_xll.PISampDat(Sheet4!$C$1,"2023/11/19 11:40:00","2023/11/19 15:00:00","1m",0,"")} -> #NAME? | D2: {=_xll.PISampDat(Sheet4!$D$1,"2023/11/19 11:40:00","2023/11/19 15:00:00","1m",0,"")} -> #NAME? | E2: {=_xll.PISampDat(Sheet4!$E$1,"2023/11/19 11:40:00","2023/11/19 15:00:00","1m",0,"")} -> #NAME? | F2: {=_xll.PISampDat(Sheet4!$F$1,"2023/11/19 11:40:00","2023/11/19 15:00:00","1m",0,"")} -> #NAME? | G2: {=_xll.PISampDat(Sheet4!$G$1,"2023/11/19 11:40:00","2023/11/19 15:00:00","1m",0,"")} -> #NAME? | H2: {=_xll.PISampDat(Sheet4!$H$1,"2023/11/19 11:40:00","2023/11/19 15:00:00","1m",0,"")} -> #NAME? | I2: {=_xll.PISampDat(Sheet4!$I$1,"2023/11/19 11:40:00","2023/11/19 15:00:00","1m",0,"")} -> #NAME? | J2: {=_xll.PISampDat(Sheet4!$J$1,"2023/11/19 11:40:00","2023/11/19 15:00:00","1m",0,"")} -> #NAME? | K2: {=_xll.PISampDat(Sheet4!$K$1,"2023/11/19 11:40:00","2023/11/19 15:00:00","1m",0,"")} -> #NAME? | L2: {=_xll.PISampDat(Sheet4!$L$1,"2023/11/19 11:40:00","2023/11/19 15:00:00","1m",0,"")} -> #NAME? | M2: {=_xll.PISampDat(Sheet4!$M$1,"2023/11/19 11:40:00","2023/11/19 15:00:00","1m",0,"")} -> #NAME? | N2: {=_xll.PISampDat(Sheet4!$N$1,"2023/11/19 11:40:00","2023/11/19 15:00:00","1m",0,"")} -> #NAME? | O2: {=_xll.PISampDat(Sheet4!$O$1,"2023/11/19 11:40:00","2023/11/19 15:00:00","1m",0,"")} -> #NAME? | P2: {=_xll.PISampDat(Sheet4!$P$1,"2023/11/19 11:40:00","2023/11/19 15:00:00","1m",0,"")} -> #NAME? | Q2: {=_xll.PISampDat(Sheet4!$Q$1,"2023/11/19 11:40:00","2023/11/19 15:00:00","1m",0,"")} -> #NAME? | R2: {=_xll.PISampDat(Sheet4!$R$1,"2023/11/19 11:40:00","2023/11/19 15:00:00","1m",0,"")} -> #NAME? | S2: {=_xll.PISampDat(Sheet4!$S$1,"2023/11/19 11:40:00","2023/11/19 15:00:00","1m",0,"")} -> #NAME? | T2: {=_xll.PISampDat(Sheet4!$T$1,"2023/11/19 11:40:00","2023/11/19 15:00:00","1m",0,"")} -> #NAME? | U2: {=_xll.PISampDat(Sheet4!$U$1,"2023/11/19 11:40:00","2023/11/19 15:00:00","1m",0,"")} -> #NAME? | V2: {=_xll.PISampDat(Sheet4!$V$1,"2023/11/19 11:40:00","2023/11/19 15:00:00","1m",0,"")} -> #NAME? | W2: {=_xll.PISampDat(Sheet4!$W$1,"2023/11/19 11:40:00","2023/11/19 15:00:00","1m",0,"")} -> #NAME? | X2: {=_xll.PISampDat(Sheet4!$X$1,"2023/11/19 11:40:00","2023/11/19 15:00:00","1m",0,"")} -> #NAME? | Y2: {=_xll.PISampDat(Sheet4!$Y$1,"2023/11/19 11:40:00","2023/11/19 15:00:00","1m",0,"")} -> #NAME?
A3: #NAME? | B3: #NAME? | C3: #NAME? | D3: #NAME? | E3: #NAME? | F3: #NAME? | G3: #NAME? | H3: #NAME? | I3: #NAME? | J3: #NAME? | K3: #NAME? | L3: #NAME? | M3: #NAME? | N3: #NAME? | O3: #NAME? | P3: #NAME? | Q3: #NAME? | R3: #NAME? | S3: #NAME? | T3: #NAME? | U3: #NAME? | V3: #NAME? | W3: #NAME? | X3: #NAME? | Y3: #NAME?
A4: #NAME? | B4: #NAME? | C4: #NAME? | D4: #NAME? | E4: #NAME? | F4: #NAME? | G4: #NAME? | H4: #NAME? | I4: #NAME? | J4: #NAME? | K4: #NAME? | L4: #NAME? | M4: #NAME? | N4: #NAME? | O4: #NAME? | P4: #NAME? | Q4: #NAME? | R4: #NAME? | S4: #NAME? | T4: #NAME? | U4: #NAME? | V4: #NAME? | W4: #NAME? | X4: #NAME? | Y4: #NAME?
A5: #NAME? | B5: #NAME? | C5: #NAME? | D5: #NAME? | E5: #NAME? | F5: #NAME? | G5: #NAME? | H5: #NAME? | I5: #NAME? | J5: #NAME? | K5: #NAME? | L5: #NAME? | M5: #NAME? | N5: #NAME? | O5: #NAME? | P5: #NAME? | Q5: #NAME? | R5: #NAME? | S5: #NAME? | T5: #NAME? | U5: #NAME? | V5: #NAME? | W5: #NAME? | X5: #NAME? | Y5: #NAME?
A6: #NAME? | B6: #NAME? | C6: #NAME? | D6: #NAME? | E6: #NAME? | F6: #NAME? | G6: #NAME? | H6: #NAME? | I6: #NAME? | J6: #NAME? | K6: #NAME? | L6: #NAME? | M6: #NAME? | N6: #NAME? | O6: #NAME? | P6: #NAME? | Q6: #NAME? | R6: #NAME? | S6: #NAME? | T6: #NAME? | U6: #NAME? | V6: #NAME? | W6: #NAME? | X6: #NAME? | Y6: #NAME?
A7: #NAME? | B7: #NAME? | C7: #NAME? | D7: #NAME? | E7: #NAME? | F7: #NAME? | G7: #NAME? | H7: #NAME? | I7: #NAME? | J7: #NAME? | K7: #NAME? | L7: #NAME? | M7: #NAME? | N7: #NAME? | O7: #NAME? | P7: #NAME? | Q7: #NAME? | R7: #NAME? | S7: #NAME? | T7: #NAME? | U7: #NAME? | V7: #NAME? | W7: #NAME? | X7: #NAME? | Y7: #NAME?
A8: #NAME? | B8: #NAME? | C8: #NAME? | D8: #NAME? | E8: #NAME? | F8: #NAME? | G8: #NAME? | H8: #NAME? | I8: #NAME? | J8: #NAME? | K8: #NAME? | L8: #NAME? | M8: #NAME? | N8: #NAME? | O8: #NAME? | P8: #NAME? | Q8: #NAME? | R8: #NAME? | S8: #NAME? | T8: #NAME? | U8: #NAME? | V8: #NAME? | W8: #NAME? | X8: #NAME? | Y8: #NAME?
A9: #NAME? | B9: #NAME? | C9: #NAME? | D9: #NAME? | E9: #NAME? | F9: #NAME? | G9: #NAME? | H9: #NAME? | I9: #NAME? | J9: #NAME? | K9: #NAME? | L9: #NAME? | M9: #NAME? | N9: #NAME? | O9: #NAME? | P9: #NAME? | Q9: #NAME? | R9: #NAME? | S9: #NAME? | T9: #NAME? | U9: #NAME? | V9: #NAME? | W9: #NAME? | X9: #NAME? | Y9: #NAME?
A10: #NAME? | B10: #NAME? | C10: #NAME? | D10: #NAME? | E10: #NAME? | F10: #NAME? | G10: #NAME? | H10: #NAME? | I10: #NAME? | J10: #NAME? | K10: #NAME? | L10: #NAME? | M10: #NAME? | N10: #NAME? | O10: #NAME? | P10: #NAME? | Q10: #NAME? | R10: #NAME? | S10: #NAME? | T10: #NAME? | U10: #NAME? | V10: #NAME? | W10: #NAME? | X10: #NAME? | Y10: #NAME?
A11: #NAME? | B11: #NAME? | C11: #NAME? | D11: #NAME? | E11: #NAME? | F11: #NAME? | G11: #NAME? | H11: #NAME? | I11: #NAME? | J11: #NAME? | K11: #NAME? | L11: #NAME? | M11: #NAME? | N11: #NAME? | O11: #NAME? | P11: #NAME? | Q11: #NAME? | R11: #NAME? | S11: #NAME? | T11: #NAME? | U11: #NAME? | V11: #NAME? | W11: #NAME? | X11: #NAME? | Y11: #NAME?
A12: #NAME? | B12: #NAME? | C12: #NAME? | D12: #NAME? | E12: #NAME? | F12: #NAME? | G12: #NAME? | H12: #NAME? | I12: #NAME? | J12: #NAME? | K12: #NAME? | L12: #NAME? | M12: #NAME? | N12: #NAME? | O12: #NAME? | P12: #NAME? | Q12: #NAME? | R12: #NAME? | S12: #NAME? | T12: #NAME? | U12: #NAME? | V12: #NAME? | W12: #NAME? | X12: #NAME? | Y12: #NAME?
A13: #NAME? | B13: #NAME? | C13: #NAME? | D13: #NAME? | E13: #NAME? | F13: #NAME? | G13: #NAME? | H13: #NAME? | I13: #NAME? | J13: #NAME? | K13: #NAME? | L13: #NAME? | M13: #NAME? | N13: #NAME? | O13: #NAME? | P13: #NAME? | Q13: #NAME? | R13: #NAME? | S13: #NAME? | T13: #NAME? | U13: #NAME? | V13: #NAME? | W13: #NAME? | X13: #NAME? | Y13: #NAME?
A14: #NAME? | B14: #NAME? | C14: #NAME? | D14: #NAME? | E14: #NAME? | F14: #NAME? | G14: #NAME? | H14: #NAME? | I14: #NAME? | J14: #NAME? | K14: #NAME? | L14: #NAME? | M14: #NAME? | N14: #NAME? | O14: #NAME? | P14: #NAME? | Q14: #NAME? | R14: #NAME? | S14: #NAME? | T14: #NAME? | U14: #NAME? | V14: #NAME? | W14: #NAME? | X14: #NAME? | Y14: #NAME?
... A202: #NAME? | B202: #NAME? | C202: #NAME? | D202: #NAME? | E202: #NAME? | F202: #NAME? | G202: #NAME? | H202: #NAME? | I202: #NAME? | J202: #NAME? | K202: #NAME? | L202: #NAME? | M202: #NAME? | N202: #NAME? | O202: #NAME? | P202: #NAME? | Q202: #NAME? | R202: #NAME? | S202: #NAME? | T202: #NAME? | U202: #NAME? | V202: #NAME? | W202: #NAME? | X202: #NAME? | Y202: #NAME?

Sheet Sheet5
B1: AcidPlantGasFlowrate_In | C1: AmbientTemp_In | D1: CircFlow_In | E1: CircPress_In | F1: ConvertorMode_In | G1: ExpansionTankLevel_In | H1: FuelCoalCarrierAir_In | I1: FurnaceSuctionPress_In | J1: LanceAir_In | K1: LanceCoal_In | L1: LanceCoalLoss_In | M1: LanceOxygen_In | N1: MakeupPump30_In | O1: MakeupPump60_In | P1: MatteCarrierAir_In | Q1: MatteFeed_In | R1: Moisture_In | S1: RoofCoalCarrierAir_In | T1: RoofCoalLoss_In | U1: Run_In | V1: ShroudAir_In | W1: ShroudOxygen_In | X1: SprayCoolerInletTemp_In | Y1: StandbyCoalLoss_In
A2: 45249.486 | B2: 0 | C2: 35.597607 | D2: 82.240608 | E2: 0.55243206 | F2: 1 | G2: 7.2806153 | H2: 0 | I2: -0.87913251 | J2: 301.6911 | K2: 0 | L2: 0 | M2: 0 | N2: 0 | O2: 0 | P2: 0 | Q2: 0 | R2: 6.4636688 | S2: 0 | T2: 0 | U2: 0 | V2: -2.2533345e-06 | W2: 0 | X2: 31.909397 | Y2: 0
A3: 45249.487 | B3: 0 | C3: 35.604736 | D3: 86.565834 | E3: 0.55204761 | F3: 1 | G3: 7.2820268 | H3: 0 | I3: -0.88301963 | J3: 305.17606 | K3: 0 | L3: 0 | M3: 0 | N3: 0 | O3: 0 | P3: 0 | Q3: 0 | R3: 7.9600091 | S3: 0 | T3: 0 | U3: 0 | V3: -2.2533413e-06 | W3: 0 | X3: 31.916409 | Y3: 0
A4: 45249.488 | B4: 0 | C4: 35.611862 | D4: 81.816422 | E4: 0.5516631 | F4: 1 | G4: 7.2834387 | H4: 0 | I4: -0.88300765 | J4: 307.82944 | K4: 0 | L4: 0 | M4: 0 | N4: 0 | O4: 0 | P4: 0 | Q4: 0 | R4: 4.7492018 | S4: 0 | T4: 0 | U4: 0 | V4: -2.2533482e-06 | W4: 0 | X4: 31.923418 | Y4: 0
A5: 45249.488 | B5: 0 | C5: 35.618992 | D5: 77.067001 | E5: 0.55127859 | F5: 1 | G5: 7.2848506 | H5: 0 | I5: -0.88299561 | J5: 308.36435 | K5: 0 | L5: 0 | M5: 0 | N5: 0 | O5: 0 | P5: 0 | Q5: 0 | R5: 2.8216913 | S5: 0 | T5: 0 | U5: 0 | V5: -2.253355e-06 | W5: 0 | X5: 31.930429 | Y5: 0
A6: 45249.489 | B6: 0 | C6: 35.626118 | D6: 89.784843 | E6: 0.55089408 | F6: 1 | G6: 7.2862625 | H6: 0 | I6: -0.88298362 | J6: 307.95193 | K6: 0 | L6: 0 | M6: 0 | N6: 0 | O6: 0 | P6: 0 | Q6: 0 | R6: 1.6692402 | S6: 0 | T6: 0 | U6: 0 | V6: -2.2533618e-06 | W6: 0 | X6: 31.937439 | Y6: 0
A7: 45249.49 | B7: 0 | C7: 35.633247 | D7: 86.988136 | E7: 0.55050957 | F7: 1 | G7: 7.2876744 | H7: 0 | I7: -0.88297164 | J7: 309.64227 | K7: 0 | L7: 0 | M7: 0 | N7: 0 | O7: 0 | P7: 0 | Q7: 0 | R7: 3.4500582 | S7: 0 | T7: 0 | U7: 0 | V7: -2.2533686e-06 | W7: 0 | X7: 31.94445 | Y7: 0
A8: 45249.49 | B8: 0 | C8: 35.640373 | D8: 84.191429 | E8: 0.55012506 | F8: 1 | G8: 7.2890863 | H8: 0 | I8: -0.8829596 | J8: 309.05661 | K8: 0 | L8: 0 | M8: 0 | N8: 0 | O8: 0 | P8: 0 | Q8: 0 | R8: 5.0070796 | S8: 0 | T8: 0 | U8: 0 | V8: -2.2533754e-06 | W8: 0 | X8: 31.95146 | Y8: 0
A9: 45249.491 | B9: 0 | C9: 35.647503 | D9: 81.394722 | E9: 0.54974061 | F9: 1 | G9: 7.2904983 | H9: 0 | I9: -0.88294762 | J9: 309.96365 | K9: 0 | L9: 0 | M9: 0 | N9: 0 | O9: 0 | P9: 0 | Q9: 0 | R9: 2.9769068 | S9: 0 | T9: 0 | U9: 0 | V9: -2.2533823e-06 | W9: 0 | X9: 31.958471 | Y9: 0
A10: 45249.492 | B10: 0 | C10: 35.654629 | D10: 76.029221 | E10: 0.5493561 | F10: 1 | G10: 7.2919097 | H10: 0 | I10: -0.88293558 | J10: 311.69302 | K10: 0 | L10: 0 | M10: 0 | N10: 0 | O10: 0 | P10: 0 | Q10: 0 | R10: 1.7600896 | S10: 0 | T10: 0 | U10: 0 | V10: -2.2533891e-06 | W10: 0 | X10: 31.965481 | Y10: 0
A11: 45249.492 | B11: 0 | C11: 35.661758 | D11: 70.663727 | E11: 0.54897159 | F11: 1 | G11: 7.2933216 | H11: 0 | I11: -0.8829236 | J11: 313.67426 | K11: 0 | L11: 0 | M11: 0 | N11: 0 | O11: 0 | P11: 0 | Q11: 0 | R11: 1.0284268 | S11: 0 | T11: 0 | U11: 0 | V11: -2.2533959e-06 | W11: 0 | X11: 31.972492 | Y11: 0
A12: 45249.493 | B12: 0 | C12: 35.668884 | D12: 70.068863 | E12: 0.54858708 | F12: 1 | G12: 7.2947335 | H12: 0 | I12: -0.88291162 | J12: 314.28894 | K12: 0 | L12: 0 | M12: 0 | N12: 0 | O12: 0 | P12: 0 | Q12: 0 | R12: 0.58957213 | S12: 0 | T12: 0 | U12: 0 | V12: -2.2534027e-06 | W12: 0 | X12: 31.979504 | Y12: 0
A13: 45249.494 | B13: 0 | C13: 35.676014 | D13: 77.958878 | E13: 0.54820257 | F13: 1 | G13: 7.2961454 | H13: 0 | I13: -0.88289958 | J13: 314.64191 | K13: 0 | L13: 0 | M13: 0 | N13: 0 | O13: 0 | P13: 0 | Q13: 0 | R13: 5.0793462 | S13: 0 | T13: 0 | U13: 0 | V13: -2.2534095e-06 | W13: 0 | X13: 31.986513 | Y13: 0
... A202: 45249.625 | B202: 0 | C202: 37.375904 | D202: 67.96917 | E202: 0.47553241 | F202: 1 | G202: 6.4771061 | H202: 0 | I202: -1.1044997 | J202: 435.74127 | K202: 0 | L202: 0 | M202: 0 | N202: 0 | O202: 0 | P202: 0 | Q202: 0 | R202: 7.8302279 | S202: 0 | T202: 0 | U202: 0 | V202: -2.253335e-06 | W202: 0 | X202: 32.796925 | Y202: 0
