Workbook

Sheet Sheet1
B1: \\cenmes\CCE\LeakDetectionTest2\acpLeakDetection1|AcidPlantGasFlowrate_0_0 | D1: \\cenmes\CCE\LeakDetectionTest2\acpLeakDetection1|AmbientTemp_0_0 | F1: \\cenmes\CCE\LeakDetectionTest2\acpLeakDetection1|CircFlow_1_0 | H1: \\cenmes\CCE\LeakDetectionTest2\acpLeakDetection1|CircFlow_2_0 | J1: \\cenmes\CCE\LeakDetectionTest2\acpLeakDetection1|CircPress_1_0 | L1: \\cenmes\CCE\LeakDetectionTest2\acpLeakDetection1|CircPress_2_0 | N1: \\cenmes\CCE\LeakDetectionTest2\acpLeakDetection1|CircPump_1_1 | P1: \\cenmes\CCE\LeakDetectionTest2\acpLeakDetection1|CircPump_2_1 | R1: \\cenmes\CCE\LeakDetectionTest2\acpLeakDetection1|CircPumpCommon_0_1 | T1: \\cenmes\CCE\LeakDetectionTest2\acpLeakDetection1|ConvertorMode_0_0 | V1: \\cenmes\CCE\LeakDetectionTest2\acpLeakDetection1|ExpansionTankLevel_1_0 | X1: \\cenmes\CCE\LeakDetectionTest2\acpLeakDetection1|ExpansionTankLevel_2_0 | Z1: \\cenmes\CCE\LeakDetectionTest2\acpLeakDetection1|FuelCoalCarrierAir_0_0 | AB1: \\cenmes\CCE\LeakDetectionTest2\acpLeakDetection1|FurnaceSuctionPress_1_0 | AD1: \\cenmes\CCE\LeakDetectionTest2\acpLeakDetection1|FurnaceSuctionPress_2_0 | AF1: \\cenmes\CCE\LeakDetectionTest2\acpLeakDetection1|LanceAir_0_0 | AH1: \\cenmes\CCE\LeakDetectionTest2\acpLeakDetection1|LanceCoal_0_0 | AJ1: \\cenmes\CCE\LeakDetectionTest2\acpLeakDetection1|LanceCoalLoss_0_0 | AL1: \\cenmes\CCE\LeakDetectionTest2\acpLeakDetection1|LanceOxygen_0_0 | AN1: \\cenmes\CCE\LeakDetectionTest2\acpLeakDetection1|MakeUpPump005_0_1 | AP1: \\cenmes\CCE\LeakDetectionTest2\acpLeakDetection1|MakeUpPump012_0_1 | AR1: \\cenmes\CCE\LeakDetectionTest2\acpLeakDetection1|MakeupPump30 | AT1: \\cenmes\CCE\LeakDetectionTest2\acpLeakDetection1|MakeupPump60 | AV1: \\cenmes\CCE\LeakDetectionTest2\acpLeakDetection1|MatteCarrierAir_0_0 | AX1: \\cenmes\CCE\LeakDetectionTest2\acpLeakDetection1|MatteFeed_0_0 | AZ1: \\cenmes\CCE\LeakDetectionTest2\acpLeakDetection1|Moisture | BB1: \\cenmes\CCE\LeakDetectionTest2\acpLeakDetection1|Moisture_0_0 | BD1: \\cenmes\CCE\LeakDetectionTest2\acpLeakDetection1|RoofCoalCarrierAir_0_0 | BF1: \\cenmes\CCE\LeakDetectionTest2\acpLeakDetection1|RoofCoalLoss_0_0 | BH1: \\cenmes\CCE\LeakDetectionTest2\acpLeakDetection1|Run | BJ1: \\cenmes\CCE\LeakDetectionTest2\acpLeakDetection1|ShroudAir_0_0 | BL1: \\cenmes\CCE\LeakDetectionTest2\acpLeakDetection1|ShroudOxygen_0_0 | BN1: \\cenmes\CCE\LeakDetectionTest2\acpLeakDetection1|SprayCoolerInletTemp_1_0 | BP1: \\cenmes\CCE\LeakDetectionTest2\acpLeakDetection1|SprayCoolerInletTemp_2_0 | BR1: \\cenmes\CCE\LeakDetectionTest2\acpLeakDetection1|StandbyCoalLoss_0_0
A2: {=_xll.PICompDat(Sheet1!$B$1,"t","*",9,"","inside")} -> #NAME? | B2: #NAME? | C2: {=_xll.PICompDat(Sheet1!$D$1,"t","*",9,"","inside")} -> #NAME? | D2: #NAME? | E2: {=_xll.PICompDat(Sheet1!$F$1,"t","*",9,"","inside")} -> #NAME? | F2: #NAME? | G2: {=_xll.PICompDat(Sheet1!$H$1,"t","*",9,"","inside")} -> #NAME? | H2: #NAME? | I2: {=_xll.PICompDat(Sheet1!$J$1,"t","*",9,"","inside")} -> #NAME? | J2: #NAME? | K2: {=_xll.PICompDat(Sheet1!$L$1,"t","*",9,"","inside")} -> #NAME? | L2: #NAME? | M2: {=_xll.PICompDat(Sheet1!$N$1,"t","*",9,"","inside")} -> #NAME? | N2: #NAME? | O2: {=_xll.PICompDat(Sheet1!$P$1,"t","*",9,"","inside")} -> #NAME? | P2: #NAME? | Q2: {=_xll.PICompDat(Sheet1!$R$1,"t","*",9,"","inside")} -> #NAME? | R2: #NAME? | S2: {=_xll.PICompDat(Sheet1!$T$1,"t","*",9,"","inside")} -> #NAME? | T2: #NAME? | U2: {=_xll.PICompDat(Sheet1!$V$1,"t","*",9,"","inside")} -> #NAME? | V2: #NAME? | W2: {=_xll.PICompDat(Sheet1!$X$1,"t","*",9,"","inside")} -> #NAME? | X2: #NAME? | Y2: {=_xll.PICompDat(Sheet1!$Z$1,"t","*",9,"","inside")} -> #NAME? | Z2: #NAME? | AA2: {=_xll.PICompDat(Sheet1!$AB$1,"t","*",9,"","inside")} -> #NAME? | AB2: #NAME? | AC2: {=_xll.PICompDat(Sheet1!$AD$1,"t","*",9,"","inside")} -> #NAME? | AD2: #NAME? | AE2: {=_xll.PICompDat(Sheet1!$AF$1,"t","*",9,"","inside")} -> #NAME? | AF2: #NAME? | AG2: {=_xll.PICompDat(Sheet1!$AH$1,"t","*",9,"","inside")} -> #NAME? | AH2: #NAME? | AI2: {=_xll.PICompDat(Sheet1!$AJ$1,"t","*",9,"","inside")} -> #NAME? | AJ2: #NAME? | AK2: {=_xll.PICompDat(Sheet1!$AL$1,"t","*",9,"","inside")} -> #NAME? | AL2: #NAME? | AM2: {=_xll.PICompDat(Sheet1!$AN$1,"t","*",9,"","inside")} -> #NAME? | AN2: #NAME? | AO2: {=_xll.PICompDat(Sheet1!$AP$1,"t","*",9,"","inside")} -> #NAME? | AP2: #NAME? | AQ2: {=_xll.PICompDat(Sheet1!$AR$1,"t","*",9,"","inside")} -> #NAME? | AR2: #NAME? | AS2: {=_xll.PICompDat(Sheet1!$AT$1,"t","*",9,"","inside")} -> #NAME? | AT2: #NAME? | AU2: {=_xll.PICompDat(Sheet1!$AV$1,"t","*",9,"","inside")} -> #NAME? | AV2: #NAME? | AW2: {=_xll.PICompDat(Sheet1!$AX$1,"t","*",9,"","inside")} -> #NAME? | AX2: #NAME? | AY2: {=_xll.PICompDat(Sheet1!$AZ$1,"t","*",9,"","inside")} -> #NAME? | AZ2: #NAME? | BA2: {=_xll.PICompDat(Sheet1!$BB$1,"t","*",9,"","inside")} -> #NAME? | BB2: #NAME? | BC2: {=_xll.PICompDat(Sheet1!$BD$1,"t","*",9,"","inside")} -> #NAME? | BD2: #NAME? | BE2: {=_xll.PICompDat(Sheet1!$BF$1,"t","*",9,"","inside")} -> #NAME? | BF2: #NAME? | BG2: {=_xll.PICompDat(Sheet1!$BH$1,"t","*",9,"","inside")} -> #NAME? | BH2: #NAME? | BI2: {=_xll.PICompDat(Sheet1!$BJ$1,"t","*",9,"","inside")} -> #NAME? | BJ2: #NAME? | BK2: {=_xll.PICompDat(Sheet1!$BL$1,"t","*",9,"","inside")} -> #NAME? | BL2: #NAME? | BM2: {=_xll.PICompDat(Sheet1!$BN$1,"t","*",9,"","inside")} -> #NAME? | BN2: #NAME? | BO2: {=_xll.PICompDat(Sheet1!$BP$1,"t","*",9,"","inside")} -> #NAME? | BP2: #NAME? | BQ2: {=_xll.PICompDat(Sheet1!$BR$1,"t","*",9,"","inside")} -> #NAME? | BR2: #NAME?
A3: #NAME? | B3: #NAME? | C3: #NAME? | D3: #NAME? | E3: #NAME? | F3: #NAME? | G3: #NAME? | H3: #NAME? | I3: #NAME? | J3: #NAME? | K3: #NAME? | L3: #NAME? | S3: #NAME? | T3: #NAME? | U3: #NAME? | V3: #NAME? | W3: #NAME? | X3: #NAME? | Y3: #NAME? | Z3: #NAME? | AC3: #NAME? | AD3: #NAME? | AE3: #NAME? | AF3: #NAME? | AG3: #NAME? | AH3: #NAME? | AI3: #NAME? | AJ3: #NAME? | AK3: #NAME? | AL3: #NAME? | AM3: #NAME? | AN3: #NAME? | AO3: #NAME? | AP3: #NAME? | AQ3: #NAME? | AR3: #NAME? | AS3: #NAME? | AT3: #NAME? | AU3: #NAME? | AV3: #NAME? | AW3: #NAME? | AX3: #NAME? | AY3: #NAME? | AZ3: #NAME? | BC3: #NAME? | BD3: #NAME? | BE3: #NAME? | BF3: #NAME? | BG3: #NAME? | BH3: #NAME? | BI3: #NAME? | BJ3: #NAME? | BK3: #NAME? | BL3: #NAME? | BM3: #NAME? | BN3: #NAME? | BO3: #NAME? | BP3: #NAME?
A4: #NAME? | B4: #NAME? | C4: #NAME? | D4: #NAME? | E4: #NAME? | F4: #NAME? | G4: #NAME? | H4: #NAME? | I4: #NAME? | J4: #NAME? | K4: #NAME? | L4: #NAME? | S4: #NAME? | T4: #NAME? | U4: #NAME? | V4: #NAME? | W4: #NAME? | X4: #NAME? | Y4: #NAME? | Z4: #NAME? | AC4: #NAME? | AD4: #NAME? | AE4: #NAME? | AF4: #NAME? | AG4: #NAME? | AH4: #NAME? | AI4: #NAME? | AJ4: #NAME? | AK4: #NAME? | AL4: #NAME? | AM4: #NAME? | AN4: #NAME? | AO4: #NAME? | AP4: #NAME? | AQ4: #NAME? | AR4: #NAME? | AS4: #NAME? | AT4: #NAME? | AU4: #NAME? | AV4: #NAME? | AW4: #NAME? | AX4: #NAME? | AY4: #NAME? | AZ4: #NAME? | BC4: #NAME? | BD4: #NAME? | BE4: #NAME? | BF4: #NAME? | BG4: #NAME? | BH4: #NAME? | BI4: #NAME? | BJ4: #NAME? | BK4: #NAME? | BL4: #NAME? | BM4: #NAME? | BN4: #NAME? | BO4: #NAME? | BP4: #NAME?
A5: #NAME? | B5: #NAME? | C5: #NAME? | D5: #NAME? | E5: #NAME? | F5: #NAME? | G5: #NAME? | H5: #NAME? | I5: #NAME? | J5: #NAME? | K5: #NAME? | L5: #NAME? | S5: #NAME? | T5: #NAME? | U5: #NAME? | V5: #NAME? | W5: #NAME? | X5: #NAME? | Y5: #NAME? | Z5: #NAME? | AC5: #NAME? | AD5: #NAME? | AE5: #NAME? | AF5: #NAME? | AG5: #NAME? | AH5: #NAME? | AI5: #NAME? | AJ5: #NAME? | AK5: #NAME? | AL5: #NAME? | AO5: #NAME? | AP5: #NAME? | AQ5: #NAME? | AR5: #NAME? | AS5: #NAME? | AT5: #NAME? | AU5: #NAME? | AV5: #NAME? | AW5: #NAME? | AX5: #NAME? | AY5: #NAME? | AZ5: #NAME? | BC5: #NAME? | BD5: #NAME? | BE5: #NAME? | BF5: #NAME? | BI5: #NAME? | BJ5: #NAME? | BK5: #NAME? | BL5: #NAME? | BM5: #NAME? | BN5: #NAME? | BO5: #NAME? | BP5: #NAME?
A6: #NAME? | B6: #NAME? | C6: #NAME? | D6: #NAME? | E6: #NAME? | F6: #NAME? | G6: #NAME? | H6: #NAME? | I6: #NAME? | J6: #NAME? | K6: #NAME? | L6: #NAME? | S6: #NAME? | T6: #NAME? | U6: #NAME? | V6: #NAME? | W6: #NAME? | X6: #NAME? | Y6: #NAME? | Z6: #NAME? | AC6: #NAME? | AD6: #NAME? | AE6: #NAME? | AF6: #NAME? | AG6: #NAME? | AH6: #NAME? | AI6: #NAME? | AJ6: #NAME? | AK6: #NAME? | AL6: #NAME? | AO6: #NAME? | AP6: #NAME? | AQ6: #NAME? | AR6: #NAME? | AS6: #NAME? | AT6: #NAME? | AU6: #NAME? | AV6: #NAME? | AW6: #NAME? | AX6: #NAME? | AY6: #NAME? | AZ6: #NAME? | BC6: #NAME? | BD6: #NAME? | BE6: #NAME? | BF6: #NAME? | BI6: #NAME? | BJ6: #NAME? | BK6: #NAME? | BL6: #NAME? | BM6: #NAME? | BN6: #NAME? | BO6: #NAME? | BP6: #NAME?
A7: #NAME? | B7: #NAME? | C7: #NAME? | D7: #NAME? | E7: #NAME? | F7: #NAME? | G7: #NAME? | H7: #NAME? | I7: #NAME? | J7: #NAME? | K7: #NAME? | L7: #NAME? | U7: #NAME? | V7: #NAME? | W7: #NAME? | X7: #NAME? | Y7: #NAME? | Z7: #NAME? | AC7: #NAME? | AD7: #NAME? | AE7: #NAME? | AF7: #NAME? | AG7: #NAME? | AH7: #NAME? | AI7: #NAME? | AJ7: #NAME? | AK7: #NAME? | AL7: #NAME? | AQ7: #NAME? | AR7: #NAME? | AS7: #NAME? | AT7: #NAME? | AU7: #NAME? | AV7: #NAME? | AW7: #NAME? | AX7: #NAME? | AY7: #NAME? | AZ7: #NAME? | BC7: #NAME? | BD7: #NAME? | BE7: #NAME? | BF7: #NAME? | BI7: #NAME? | BJ7: #NAME? | BK7: #NAME? | BL7: #NAME? | BM7: #NAME? | BN7: #NAME? | BO7: #NAME? | BP7: #NAME?
A8: #NAME? | B8: #NAME? | C8: #NAME? | D8: #NAME? | E8: #NAME? | F8: #NAME? | G8: #NAME? | H8: #NAME? | I8: #NAME? | J8: #NAME? | K8: #NAME? | L8: #NAME? | U8: #NAME? | V8: #NAME? | W8: #NAME? | X8: #NAME? | Y8: #NAME? | Z8: #NAME? | AC8: #NAME? | AD8: #NAME? | AE8: #NAME? | AF8: #NAME? | AG8: #NAME? | AH8: #NAME? | AI8: #NAME? | AJ8: #NAME? | AK8: #NAME? | AL8: #NAME? | AQ8: #NAME? | AR8: #NAME? | AS8: #NAME? | AT8: #NAME? | AU8: #NAME? | AV8: #NAME? | AW8: #NAME? | AX8: #NAME? | AY8: #NAME? | AZ8: #NAME? | BC8: #NAME? | BD8: #NAME? | BE8: #NAME? | BF8: #NAME? | BI8: #NAME? | BJ8: #NAME? | BK8: #NAME? | BL8: #NAME? | BM8: #NAME? | BN8: #NAME? | BO8: #NAME? | BP8: #NAME?
A9: #NAME? | B9: #NAME? | C9: #NAME? | D9: #NAME? | E9: #NAME? | F9: #NAME? | G9: #NAME? | H9: #NAME? | I9: #NAME? | J9: #NAME? | K9: #NAME? | L9: #NAME? | U9: #NAME? | V9: #NAME? | W9: #NAME? | X9: #NAME? | Y9: #NAME? | Z9: #NAME? | AC9: #NAME? | AD9: #NAME? | AE9: #NAME? | AF9: #NAME? | AG9: #NAME? | AH9: #NAME? | AI9: #NAME? | AJ9: #NAME? | AK9: #NAME? | AL9: #NAME? | AQ9: #NAME? | AR9: #NAME? | AS9: #NAME? | AT9: #NAME? | AU9: #NAME? | AV9: #NAME? | AW9: #NAME? | AX9: #NAME? | AY9: #NAME? | AZ9: #NAME? | BC9: #NAME? | BD9: #NAME? | BE9: #NAME? | BF9: #NAME? | BI9: #NAME? | BJ9: #NAME? | BK9: #NAME? | BL9: #NAME? | BM9: #NAME? | BN9: #NAME? | BO9: #NAME? | BP9: #NAME?
A10: #NAME? | B10: #NAME? | C10: #NAME? | D10: #NAME? | E10: #NAME? | F10: #NAME? | G10: #NAME? | H10: #NAME? | I10: #NAME? | J10: #NAME? | K10: #NAME? | L10: #NAME? | U10: #NAME? | V10: #NAME? | W10: #NAME? | X10: #NAME? | Y10: #NAME? | Z10: #NAME? | AC10: #NAME? | AD10: #NAME? | AE10: #NAME? | AF10: #NAME? | AG10: #NAME? | AH10: #NAME? | AI10: #NAME? | AJ10: #NAME? | AK10: #NAME? | AL10: #NAME? | AQ10: #NAME? | AR10: #NAME? | AS10: #NAME? | AT10: #NAME? | AU10: #NAME? | AV10: #NAME? | AW10: #NAME? | AX10: #NAME? | AY10: #NAME? | AZ10: #NAME? | BC10: #NAME? | BD10: #NAME? | BE10: #NAME? | BF10: #NAME? | BI10: #NAME? | BJ10: #NAME? | BK10: #NAME? | BL10: #NAME? | BM10: #NAME? | BN10: #NAME? | BO10: #NAME? | BP10: #NAME?
A11: #NAME? | B11: #NAME? | C11: #NAME? | D11: #NAME? | E11: #NAME? | F11: #NAME? | G11: #NAME? | H11: #NAME? | I11: #NAME? | J11: #NAME? | K11: #NAME? | L11: #NAME? | U11: #NAME? | V11: #NAME? | W11: #NAME? | X11: #NAME? | Y11: #NAME? | Z11: #NAME? | AC11: #NAME? | AD11: #NAME? | AE11: #NAME? | AF11: #NAME? | AG11: #NAME? | AH11: #NAME? | AI11: #NAME? | AJ11: #NAME? | AK11: #NAME? | AL11: #NAME? | AQ11: #NAME? | AR11: #NAME? | AS11: #NAME? | AT11: #NAME? | AU11: #NAME? | AV11: #NAME? | AW11: #NAME? | AX11: #NAME? | AY11: #NAME? | AZ11: #NAME? | BC11: #NAME? | BD11: #NAME? | BE11: #NAME? | BF11: #NAME? | BI11: #NAME? | BJ11: #NAME? | BK11: #NAME? | BL11: #NAME? | BM11: #NAME? | BN11: #NAME? | BO11: #NAME? | BP11: #NAME?
A12: #NAME? | B12: #NAME? | C12: #NAME? | D12: #NAME? | E12: #NAME? | F12: #NAME? | G12: #NAME? | H12: #NAME? | I12: #NAME? | J12: #NAME? | K12: #NAME? | L12: #NAME? | U12: #NAME? | V12: #NAME? | W12: #NAME? | X12: #NAME? | Y12: #NAME? | Z12: #NAME? | AC12: #NAME? | AD12: #NAME? | AE12: #NAME? | AF12: #NAME? | AG12: #NAME? | AH12: #NAME? | AI12: #NAME? | AJ12: #NAME? | AK12: #NAME? | AL12: #NAME? | AQ12: #NAME? | AR12: #NAME? | AS12: #NAME? | AT12: #NAME? | AU12: #NAME? | AV12: #NAME? | AW12: #NAME? | AX12: #NAME? | AY12: #NAME? | AZ12: #NAME? | BC12: #NAME? | BD12: #NAME? | BE12: #NAME? | BF12: #NAME? | BI12: #NAME? | BJ12: #NAME? | BK12: #NAME? | BL12: #NAME? | BM12: #NAME? | BN12: #NAME? | BO12: #NAME? | BP12: #NAME?
A13: #NAME? | B13: #NAME? | C13: #NAME? | D13: #NAME? | E13: #NAME? | F13: #NAME? | G13: #NAME? | H13: #NAME? | I13: #NAME? | J13: #NAME? | K13: #NAME? | L13: #NAME? | U13: #NAME? | V13: #NAME? | W13: #NAME? | X13: #NAME? | Y13: #NAME? | Z13: #NAME? | AC13: #NAME? | AD13: #NAME? | AE13: #NAME? | AF13: #NAME? | AG13: #NAME? | AH13: #NAME? | AI13: #NAME? | AJ13: #NAME? | AK13: #NAME? | AL13: #NAME? | AQ13: #NAME? | AR13: #NAME? | AS13: #NAME? | AT13: #NAME? | AU13: #NAME? | AV13: #NAME? | AW13: #NAME? | AX13: #NAME? | AY13: #NAME? | AZ13: #NAME? | BC13: #NAME? | BD13: #NAME? | BE13: #NAME? | BF13: #NAME? | BI13: #NAME? | BJ13: #NAME? | BK13: #NAME? | BL13: #NAME? | BM13: #NAME? | BN13: #NAME? | BO13: #NAME? | BP13: #NAME?
A14: #NAME? | B14: #NAME? | C14: #NAME? | D14: #NAME? | E14: #NAME? | F14: #NAME? | G14: #NAME? | H14: #NAME? | I14: #NAME? | J14: #NAME? | K14: #NAME? | L14: #NAME? | U14: #NAME? | V14: #NAME? | W14: #NAME? | X14: #NAME? | Y14: #NAME? | Z14: #NAME? | AC14: #NAME? | AD14: #NAME? | AE14: #NAME? | AF14: #NAME? | AG14: #NAME? | AH14: #NAME? | AI14: #NAME? | AJ14: #NAME? | AK14: #NAME? | AL14: #NAME? | AQ14: #NAME? | AR14: #NAME? | AS14: #NAME? | AT14: #NAME? | AU14: #NAME? | AV14: #NAME? | AW14: #NAME? | AX14: #NAME? | AY14: #NAME? | AZ14: #NAME? | BC14: #NAME? | BD14: #NAME? | BE14: #NAME? | BF14: #NAME? | BI14: #NAME? | BJ14: #NAME? | BK14: #NAME? | BL14: #NAME? | BM14: #NAME? | BN14: #NAME? | BO14: #NAME? | BP14: #NAME?
A15: #NAME? | B15: #NAME? | C15: #NAME? | D15: #NAME? | E15: #NAME? | F15: #NAME? | G15: #NAME? | H15: #NAME? | I15: #NAME? | J15: #NAME? | K15: #NAME? | L15: #NAME? | U15: #NAME? | V15: #NAME? | W15: #NAME? | X15: #NAME? | Y15: #NAME? | Z15: #NAME? | AC15: #NAME? | AD15: #NAME? | AE15: #NAME? | AF15: #NAME? | AG15: #NAME? | AH15: #NAME? | AI15: #NAME? | AJ15: #NAME? | AK15: #NAME? | AL15: #NAME? | AU15: #NAME? | AV15: #NAME? | AW15: #NAME? | AX15: #NAME? | AY15: #NAME? | AZ15: #NAME? | BC15: #NAME? | BD15: #NAME? | BE15: #NAME? | BF15: #NAME? | BI15: #NAME? | BJ15: #NAME? | BK15: #NAME? | BL15: #NAME? | BM15: #NAME? | BN15: #NAME? | BO15: #NAME? | BP15: #NAME?
A16: #NAME? | B16: #NAME? | C16: #NAME? | D16: #NAME? | E16: #NAME? | F16: #NAME? | G16: #NAME? | H16: #NAME? | I16: #NAME? | J16: #NAME? | K16: #NAME? | L16: #NAME? | U16: #NAME? | V16: #NAME? | W16: #NAME? | X16: #NAME? | Y16: #NAME? | Z16: #NAME? | AC16: #NAME? | AD16: #NAME? | AE16: #NAME? | AF16: #NAME? | AG16: #NAME? | AH16: #NAME? | AI16: #NAME? | AJ16: #NAME? | AK16: #NAME? | AL16: #NAME? | AU16: #NAME? | AV16: #NAME? | AW16: #NAME? | AX16: #NAME? | AY16: #NAME? | AZ16: #NAME? | BC16: #NAME? | BD16: #NAME? | BE16: #NAME? | BF16: #NAME? | BI16: #NAME? | BJ16: #NAME? | BK16: #NAME? | BL16: #NAME? | BM16: #NAME? | BN16: #NAME? | BO16: #NAME? | BP16: #NAME?
A17: #NAME? | B17: #NAME? | C17: #NAME? | D17: #NAME? | E17: #NAME? | F17: #NAME? | G17: #NAME? | H17: #NAME? | I17: #NAME? | J17: #NAME? | K17: #NAME? | L17: #NAME? | U17: #NAME? | V17: #NAME? | W17: #NAME? | X17: #NAME? | Y17: #NAME? | Z17: #NAME? | AC17: #NAME? | AD17: #NAME? | AE17: #NAME? | AF17: #NAME? | AG17: #NAME? | AH17: #NAME? | AI17: #NAME? | AJ17: #NAME? | AK17: #NAME? | AL17: #NAME? | AU17: #NAME? | AV17: #NAME? | AW17: #NAME? | AX17: #NAME? | AY17: #NAME? | AZ17: #NAME? | BC17: #NAME? | BD17: #NAME? | BE17: #NAME? | BF17: #NAME? | BI17: #NAME? | BJ17: #NAME? | BK17: #NAME? | BL17: #NAME? | BM17: #NAME? | BN17: #NAME? | BO17: #NAME? | BP17: #NAME?
A18: #NAME? | B18: #NAME? | C18: #NAME? | D18: #NAME? | E18: #NAME? | F18: #NAME? | G18: #NAME? | H18: #NAME? | I18: #NAME? | J18: #NAME? | K18: #NAME? | L18: #NAME? | U18: #NAME? | V18: #NAME? | W18: #NAME? | X18: #NAME? | Y18: #NAME? | Z18: #NAME? | AC18: #NAME? | AD18: #NAME? | AE18: #NAME? | AF18: #NAME? | AG18: #NAME? | AH18: #NAME? | AI18: #NAME? | AJ18: #NAME? | AK18: #NAME? | AL18: #NAME? | AU18: #NAME? | AV18: #NAME? | AW18: #NAME? | AX18: #NAME? | AY18: #NAME? | AZ18: #NAME? | BC18: #NAME? | BD18: #NAME? | BE18: #NAME? | BF18: #NAME? | BI18: #NAME? | BJ18: #NAME? | BK18: #NAME? | BL18: #NAME? | BM18: #NAME? | BN18: #NAME? | BO18: #NAME? | BP18: #NAME?
A19: #NAME? | B19: #NAME? | C19: #NAME? | D19: #NAME? | E19: #NAME? | F19: #NAME? | G19: #NAME? | H19: #NAME? | I19: #NAME? | J19: #NAME? | K19: #NAME? | L19: #NAME? | U19: #NAME? | V19: #NAME? | W19: #NAME? | X19: #NAME? | Y19: #NAME? | Z19: #NAME? | AC19: #NAME? | AD19: #NAME? | AE19: #NAME? | AF19: #NAME? | AG19: #NAME? | AH19: #NAME? | AI19: #NAME? | AJ19: #NAME? | AK19: #NAME? | AL19: #NAME? | AU19: #NAME? | AV19: #NAME? | AW19: #NAME? | AX19: #NAME? | AY19: #NAME? | AZ19: #NAME? | BC19: #NAME? | BD19: #NAME? | BE19: #NAME? | BF19: #NAME? | BI19: #NAME? | BJ19: #NAME? | BK19: #NAME? | BL19: #NAME? | BM19: #NAME? | BN19: #NAME? | BO19: #NAME? | BP19: #NAME?
A20: #NAME? | B20: #NAME? | C20: #NAME? | D20: #NAME? | E20: #NAME? | F20: #NAME? | G20: #NAME? | H20: #NAME? | I20: #NAME? | J20: #NAME? | K20: #NAME? | L20: #NAME? | U20: #NAME? | V20: #NAME? | W20: #NAME? | X20: #NAME? | Y20: #NAME? | Z20: #NAME? | AC20: #NAME? | AD20: #NAME? | AE20: #NAME? | AF20: #NAME? | AG20: #NAME? | AH20: #NAME? | AI20: #NAME? | AJ20: #NAME? | AK20: #NAME? | AL20: #NAME? | AU20: #NAME? | AV20: #NAME? | AW20: #NAME? | AX20: #NAME? | AY20: #NAME? | AZ20: #NAME? | BC20: #NAME? | BD20: #NAME? | BE20: #NAME? | BF20: #NAME? | BI20: #NAME? | BJ20: #NAME? | BK20: #NAME? | BL20: #NAME? | BM20: #NAME? | BN20: #NAME? | BO20: #NAME? | BP20: #NAME?
A21: #NAME? | B21: #NAME? | C21: #NAME? | D21: #NAME? | E21: #NAME? | F21: #NAME? | G21: #NAME? | H21: #NAME? | I21: #NAME? | J21: #NAME? | K21: #NAME? | L21: #NAME? | U21: #NAME? | V21: #NAME? | W21: #NAME? | X21: #NAME? | Y21: #NAME? | Z21: #NAME? | AC21: #NAME? | AD21: #NAME? | AE21: #NAME? | AF21: #NAME? | AG21: #NAME? | AH21: #NAME? | AI21: #NAME? | AJ21: #NAME? | AK21: #NAME? | AL21: #NAME? | AU21: #NAME? | AV21: #NAME? | AW21: #NAME? | AX21: #NAME? | AY21: #NAME? | AZ21: #NAME? | BC21: #NAME? | BD21: #NAME? | BE21: #NAME? | BF21: #NAME? | BI21: #NAME? | BJ21: #NAME? | BK21: #NAME? | BL21: #NAME? | BM21: #NAME? | BN21: #NAME? | BO21: #NAME? | BP21: #NAME?
A22: #NAME? | B22: #NAME? | C22: #NAME? | D22: #NAME? | E22: #NAME? | F22: #NAME? | G22: #NAME? | H22: #NAME? | I22: #NAME? | J22: #NAME? | K22: #NAME? | L22: #NAME? | U22: #NAME? | V22: #NAME? | W22: #NAME? | X22: #NAME? | Y22: #NAME? | Z22: #NAME? | AC22: #NAME? | AD22: #NAME? | AE22: #NAME? | AF22: #NAME? | AG22: #NAME? | AH22: #NAME? | AI22: #NAME? | AJ22: #NAME? | AK22: #NAME? | AL22: #NAME? | AU22: #NAME? | AV22: #NAME? | AW22: #NAME? | AX22: #NAME? | AY22: #NAME? | AZ22: #NAME? | BC22: #NAME? | BD22: #NAME? | BE22: #NAME? | BF22: #NAME? | BI22: #NAME? | BJ22: #NAME? | BK22: #NAME? | BL22: #NAME? | BM22: #NAME? | BN22: #NAME? | BO22: #NAME? | BP22: #NAME?
A23: #NAME? | B23: #NAME? | C23: #NAME? | D23: #NAME? | E23: #NAME? | F23: #NAME? | G23: #NAME? | H23: #NAME? | I23: #NAME? | J23: #NAME? | K23: #NAME? | L23: #NAME? | U23: #NAME? | V23: #NAME? | W23: #NAME? | X23: #NAME? | Y23: #NAME? | Z23: #NAME? | AC23: #NAME? | AD23: #NAME? | AE23: #NAME? | AF23: #NAME? | AG23: #NAME? | AH23: #NAME? | AI23: #NAME? | AJ23: #NAME? | AK23: #NAME? | AL23: #NAME? | AU23: #NAME? | AV23: #NAME? | AW23: #NAME? | AX23: #NAME? | AY23: #NAME? | AZ23: #NAME? | BC23: #NAME? | BD23: #NAME? | BE23: #NAME? | BF23: #NAME? | BI23: #NAME? | BJ23: #NAME? | BK23: #NAME? | BL23: #NAME? | BM23: #NAME? | BN23: #NAME? | BO23: #NAME? | BP23: #NAME?
A24: #NAME? | B24: #NAME? | C24: #NAME? | D24: #NAME? | E24: #NAME? | F24: #NAME? | G24: #NAME? | H24: #NAME? | I24: #NAME? | J24: #NAME? | K24: #NAME? | L24: #NAME? | U24: #NAME? | V24: #NAME? | W24: #NAME? | X24: #NAME? | Y24: #NAME? | Z24: #NAME? | AC24: #NAME? | AD24: #NAME? | AE24: #NAME? | AF24: #NAME? | AG24: #NAME? | AH24: #NAME? | AI24: #NAME? | AJ24: #NAME? | AK24: #NAME? | AL24: #NAME? | AU24: #NAME? | AV24: #NAME? | AW24: #NAME? | AX24: #NAME? | AY24: #NAME? | AZ24: #NAME? | BC24: #NAME? | BD24: #NAME? | BE24: #NAME? | BF24: #NAME? | BI24: #NAME? | BJ24: #NAME? | BK24: #NAME? | BL24: #NAME? | BM24: #NAME? | BN24: #NAME? | BO24: #NAME? | BP24: #NAME?
A25: #NAME? | B25: #NAME? | C25: #NAME? | D25: #NAME? | E25: #NAME? | F25: #NAME? | G25: #NAME? | H25: #NAME? | I25: #NAME? | J25: #NAME? | K25: #NAME? | L25: #NAME? | U25: #NAME? | V25: #NAME? | W25: #NAME? | X25: #NAME? | Y25: #NAME? | Z25: #NAME? | AC25: #NAME? | AD25: #NAME? | AE25: #NAME? | AF25: #NAME? | AG25: #NAME? | AH25: #NAME? | AI25: #NAME? | AJ25: #NAME? | AK25: #NAME? | AL25: #NAME? | AU25: #NAME? | AV25: #NAME? | AW25: #NAME? | AX25: #NAME? | AY25: #NAME? | AZ25: #NAME? | BC25: #NAME? | BD25: #NAME? | BE25: #NAME? | BF25: #NAME? | BI25: #NAME? | BJ25: #NAME? | BK25: #NAME? | BL25: #NAME? | BM25: #NAME? | BN25: #NAME? | BO25: #NAME? | BP25: #NAME?
A26: #NAME? | B26: #NAME? | C26: #NAME? | D26: #NAME? | E26: #NAME? | F26: #NAME? | G26: #NAME? | H26: #NAME? | I26: #NAME? | J26: #NAME? | K26: #NAME? | L26: #NAME? | U26: #NAME? | V26: #NAME? | W26: #NAME? | X26: #NAME? | Y26: #NAME? | Z26: #NAME? | AC26: #NAME? | AD26: #NAME? | AE26: #NAME? | AF26: #NAME? | AG26: #NAME? | AH26: #NAME? | AI26: #NAME? | AJ26: #NAME? | AK26: #NAME? | AL26: #NAME? | AU26: #NAME? | AV26: #NAME? | AW26: #NAME? | AX26: #NAME? | AY26: #NAME? | AZ26: #NAME? | BC26: #NAME? | BD26: #NAME? | BE26: #NAME? | BF26: #NAME? | BI26: #NAME? | BJ26: #NAME? | BK26: #NAME? | BL26: #NAME? | BM26: #NAME? | BN26: #NAME? | BO26: #NAME? | BP26: #NAME?
... A91: #NAME? | B91: #NAME? | C91: #NAME? | D91: #NAME? | E91: #NAME? | F91: #NAME? | G91: #NAME? | H91: #NAME? | I91: #NAME? | J91: #NAME? | K91: #NAME? | L91: #NAME? | U91: #NAME? | V91: #NAME? | W91: #NAME? | X91: #NAME? | Y91: #NAME? | Z91: #NAME? | AC91: #NAME? | AD91: #NAME? | AE91: #NAME? | AF91: #NAME? | AG91: #NAME? | AH91: #NAME? | AI91: #NAME? | AJ91: #NAME? | AK91: #NAME? | AL91: #NAME? | AU91: #NAME? | AV91: #NAME? | AW91: #NAME? | AX91: #NAME? | AY91: #NAME? | AZ91: #NAME? | BC91: #NAME? | BD91: #NAME? | BE91: #NAME? | BF91: #NAME? | BI91: #NAME? | BJ91: #NAME? | BK91: #NAME? | BL91: #NAME? | BM91: #NAME? | BN91: #NAME? | BO91: #NAME? | BP91: #NAME?
A92: #NAME? | B92: #NAME? | C92: #NAME? | D92: #NAME? | E92: #NAME? | F92: #NAME? | G92: #NAME? | H92: #NAME? | I92: #NAME? | J92: #NAME? | K92: #NAME? | L92: #NAME? | U92: #NAME? | V92: #NAME? | W92: #NAME? | X92: #NAME? | Y92: #NAME? | Z92: #NAME? | AC92: #NAME? | AD92: #NAME? | AE92: #NAME? | AF92: #NAME? | AI92: #NAME? | AJ92: #NAME? | AK92: #NAME? | AL92: #NAME? | AU92: #NAME? | AV92: #NAME? | AW92: #NAME? | AX92: #NAME? | AY92: #NAME? | AZ92: #NAME? | BC92: #NAME? | BD92: #NAME? | BE92: #NAME? | BF92: #NAME? | BI92: #NAME? | BJ92: #NAME? | BK92: #NAME? | BL92: #NAME? | BM92: #NAME? | BN92: #NAME? | BO92: #NAME? | BP92: #NAME?
A93: #NAME? | B93: #NAME? | C93: #NAME? | D93: #NAME? | E93: #NAME? | F93: #NAME? | G93: #NAME? | H93: #NAME? | I93: #NAME? | J93: #NAME? | K93: #NAME? | L93: #NAME? | U93: #NAME? | V93: #NAME? | W93: #NAME? | X93: #NAME? | Y93: #NAME? | Z93: #NAME? | AC93: #NAME? | AD93: #NAME? | AE93: #NAME? | AF93: #NAME? | AI93: #NAME? | AJ93: #NAME? | AK93: #NAME? | AL93: #NAME? | AU93: #NAME? | AV93: #NAME? | AW93: #NAME? | AX93: #NAME? | AY93: #NAME? | AZ93: #NAME? | BC93: #NAME? | BD93: #NAME? | BE93: #NAME? | BF93: #NAME? | BI93: #NAME? | BJ93: #NAME? | BK93: #NAME? | BL93: #NAME? | BM93: #NAME? | BN93: #NAME? | BO93: #NAME? | BP93: #NAME?
A94: #NAME? | B94: #NAME? | C94: #NAME? | D94: #NAME? | E94: #NAME? | F94: #NAME? | G94: #NAME? | H94: #NAME? | I94: #NAME? | J94: #NAME? | K94: #NAME? | L94: #NAME? | U94: #NAME? | V94: #NAME? | W94: #NAME? | X94: #NAME? | Y94: #NAME? | Z94: #NAME? | AC94: #NAME? | AD94: #NAME? | AE94: #NAME? | AF94: #NAME? | AI94: #NAME? | AJ94: #NAME? | AK94: #NAME? | AL94: #NAME? | AU94: #NAME? | AV94: #NAME? | AW94: #NAME? | AX94: #NAME? | AY94: #NAME? | AZ94: #NAME? | BC94: #NAME? | BD94: #NAME? | BE94: #NAME? | BF94: #NAME? | BI94: #NAME? | BJ94: #NAME? | BK94: #NAME? | BL94: #NAME? | BM94: #NAME? | BN94: #NAME? | BO94: #NAME? | BP94: #NAME?
A95: #NAME? | B95: #NAME? | C95: #NAME? | D95: #NAME? | E95: #NAME? | F95: #NAME? | G95: #NAME? | H95: #NAME? | I95: #NAME? | J95: #NAME? | K95: #NAME? | L95: #NAME? | U95: #NAME? | V95: #NAME? | W95: #NAME? | X95: #NAME? | Y95: #NAME? | Z95: #NAME? | AC95: #NAME? | AD95: #NAME? | AE95: #NAME? | AF95: #NAME? | AI95: #NAME? | AJ95: #NAME? | AK95: #NAME? | AL95: #NAME? | AU95: #NAME? | AV95: #NAME? | AW95: #NAME? | AX95: #NAME? | AY95: #NAME? | AZ95: #NAME? | BC95: #NAME? | BD95: #NAME? | BE95: #NAME? | BF95: #NAME? | BI95: #NAME? | BJ95: #NAME? | BK95: #NAME? | BL95: #NAME? | BM95: #NAME? | BN95: #NAME? | BO95: #NAME? | BP95: #NAME?
A96: #NAME? | B96: #NAME? | C96: #NAME? | D96: #NAME? | E96: #NAME? | F96: #NAME? | G96: #NAME? | H96: #NAME? | I96: #NAME? | J96: #NAME? | K96: #NAME? | L96: #NAME? | U96: #NAME? | V96: #NAME? | W96: #NAME? | X96: #NAME? | Y96: #NAME? | Z96: #NAME? | AC96: #NAME? | AD96: #NAME? | AE96: #NAME? | AF96: #NAME? | AI96: #NAME? | AJ96: #NAME? | AK96: #NAME? | AL96: #NAME? | AU96: #NAME? | AV96: #NAME? | AW96: #NAME? | AX96: #NAME? | AY96: #NAME? | AZ96: #NAME? | BC96: #NAME? | BD96: #NAME? | BE96: #NAME? | BF96: #NAME? | BI96: #NAME? | BJ96: #NAME? | BK96: #NAME? | BL96: #NAME? | BM96: #NAME? | BN96: #NAME? | BO96: #NAME? | BP96: #NAME?
A97: #NAME? | B97: #NAME? | C97: #NAME? | D97: #NAME? | E97: #NAME? | F97: #NAME? | G97: #NAME? | H97: #NAME? | I97: #NAME? | J97: #NAME? | K97: #NAME? | L97: #NAME? | U97: #NAME? | V97: #NAME? | W97: #NAME? | X97: #NAME? | Y97: #NAME? | Z97: #NAME? | AC97: #NAME? | AD97: #NAME? | AE97: #NAME? | AF97: #NAME? | AI97: #NAME? | AJ97: #NAME? | AK97: #NAME? | AL97: #NAME? | AU97: #NAME? | AV97: #NAME? | AW97: #NAME? | AX97: #NAME? | AY97: #NAME? | AZ97: #NAME? | BC97: #NAME? | BD97: #NAME? | BE97: #NAME? | BF97: #NAME? | BI97: #NAME? | BJ97: #NAME? | BK97: #NAME? | BL97: #NAME? | BM97: #NAME? | BN97: #NAME? | BO97: #NAME? | BP97: #NAME?
A98: #NAME? | B98: #NAME? | C98: #NAME? | D98: #NAME? | E98: #NAME? | F98: #NAME? | G98: #NAME? | H98: #NAME? | I98: #NAME? | J98: #NAME? | K98: #NAME? | L98: #NAME? | U98: #NAME? | V98: #NAME? | W98: #NAME? | X98: #NAME? | Y98: #NAME? | Z98: #NAME? | AC98: #NAME? | AD98: #NAME? | AE98: #NAME? | AF98: #NAME? | AI98: #NAME? | AJ98: #NAME? | AK98: #NAME? | AL98: #NAME? | AU98: #NAME? | AV98: #NAME? | AW98: #NAME? | AX98: #NAME? | AY98: #NAME? | AZ98: #NAME? | BC98: #NAME? | BD98: #NAME? | BE98: #NAME? | BF98: #NAME? | BI98: #NAME? | BJ98: #NAME? | BK98: #NAME? | BL98: #NAME? | BM98: #NAME? | BN98: #NAME? | BO98: #NAME? | BP98: #NAME?
A99: #NAME? | B99: #NAME? | C99: #NAME? | D99: #NAME? | E99: #NAME? | F99: #NAME? | G99: #NAME? | H99: #NAME? | I99: #NAME? | J99: #NAME? | K99: #NAME? | L99: #NAME? | U99: #NAME? | V99: #NAME? | W99: #NAME? | X99: #NAME? | Y99: #NAME? | Z99: #NAME? | AC99: #NAME? | AD99: #NAME? | AE99: #NAME? | AF99: #NAME? | AI99: #NAME? | AJ99: #NAME? | AK99: #NAME? | AL99: #NAME? | AU99: #NAME? | AV99: #NAME? | AW99: #NAME? | AX99: #NAME? | AY99: #NAME? | AZ99: #NAME? | BC99: #NAME? | BD99: #NAME? | BE99: #NAME? | BF99: #NAME? | BI99: #NAME? | BJ99: #NAME? | BK99: #NAME? | BL99: #NAME? | BM99: #NAME? | BN99: #NAME? | BO99: #NAME? | BP99: #NAME?
A100: #NAME? | B100: #NAME? | C100: #NAME? | D100: #NAME? | E100: #NAME? | F100: #NAME? | G100: #NAME? | H100: #NAME? | I100: #NAME? | J100: #NAME? | K100: #NAME? | L100: #NAME? | U100: #NAME? | V100: #NAME? | W100: #NAME? | X100: #NAME? | Y100: #NAME? | Z100: #NAME? | AC100: #NAME? | AD100: #NAME? | AE100: #NAME? | AF100: #NAME? | AI100: #NAME? | AJ100: #NAME? | AK100: #NAME? | AL100: #NAME? | AU100: #NAME? | AV100: #NAME? | AW100: #NAME? | AX100: #NAME? | AY100: #NAME? | AZ100: #NAME? | BC100: #NAME? | BD100: #NAME? | BE100: #NAME? | BF100: #NAME? | BI100: #NAME? | BJ100: #NAME? | BK100: #NAME? | BL100: #NAME? | BM100: #NAME? | BN100: #NAME? | BO100: #NAME? | BP100: #NAME?
A101: #NAME? | B101: #NAME? | C101: #NAME? | D101: #NAME? | E101: #NAME? | F101: #NAME? | G101: #NAME? | H101: #NAME? | I101: #NAME? | J101: #NAME? | K101: #NAME? | L101: #NAME? | U101: #NAME? | V101: #NAME? | W101: #NAME? | X101: #NAME? | Y101: #NAME? | Z101: #NAME? | AC101: #NAME? | AD101: #NAME? | AE101: #NAME? | AF101: #NAME? | AI101: #NAME? | AJ101: #NAME? | AK101: #NAME? | AL101: #NAME? | AU101: #NAME? | AV101: #NAME? | AW101: #NAME? | AX101: #NAME? | AY101: #NAME? | AZ101: #NAME? | BC101: #NAME? | BD101: #NAME? | BE101: #NAME? | BF101: #NAME? | BI101: #NAME? | BJ101: #NAME? | BK101: #NAME? | BL101: #NAME? | BM101: #NAME? | BN101: #NAME? | BO101: #NAME? | BP101: #NAME?
A102: #NAME? | B102: #NAME? | C102: #NAME? | D102: #NAME? | E102: #NAME? | F102: #NAME? | G102: #NAME? | H102: #NAME? | I102: #NAME? | J102: #NAME? | K102: #NAME? | L102: #NAME? | U102: #NAME? | V102: #NAME? | W102: #NAME? | X102: #NAME? | Y102: #NAME? | Z102: #NAME? | AC102: #NAME? | AD102: #NAME? | AE102: #NAME? | AF102: #NAME? | AI102: #NAME? | AJ102: #NAME? | AK102: #NAME? | AL102: #NAME? | AU102: #NAME? | AV102: #NAME? | AW102: #NAME? | AX102: #NAME? | AY102: #NAME? | AZ102: #NAME? | BC102: #NAME? | BD102: #NAME? | BE102: #NAME? | BF102: #NAME? | BI102: #NAME? | BJ102: #NAME? | BK102: #NAME? | BL102: #NAME? | BM102: #NAME? | BN102: #NAME? | BO102: #NAME? | BP102: #NAME?
A103: #NAME? | B103: #NAME? | C103: #NAME? | D103: #NAME? | E103: #NAME? | F103: #NAME? | G103: #NAME? | H103: #NAME? | I103: #NAME? | J103: #NAME? | K103: #NAME? | L103: #NAME? | U103: #NAME? | V103: #NAME? | W103: #NAME? | X103: #NAME? | Y103: #NAME? | Z103: #NAME? | AC103: #NAME? | AD103: #NAME? | AE103: #NAME? | AF103: #NAME? | AI103: #NAME? | AJ103: #NAME? | AK103: #NAME? | AL103: #NAME? | AU103: #NAME? | AV103: #NAME? | AW103: #NAME? | AX103: #NAME? | AY103: #NAME? | AZ103: #NAME? | BC103: #NAME? | BD103: #NAME? | BE103: #NAME? | BF103: #NAME? | BI103: #NAME? | BJ103: #NAME? | BK103: #NAME? | BL103: #NAME? | BM103: #NAME? | BN103: #NAME? | BO103: #NAME? | BP103: #NAME?
... A206: #NAME? | B206: #NAME? | C206: #NAME? | D206: #NAME? | E206: #NAME? | F206: #NAME? | G206: #NAME? | H206: #NAME? | I206: #NAME? | J206: #NAME? | K206: #NAME? | L206: #NAME? | U206: #NAME? | V206: #NAME? | W206: #NAME? | X206: #NAME? | Y206: #NAME? | Z206: #NAME? | AC206: #NAME? | AD206: #NAME? | AE206: #NAME? | AF206: #NAME? | AI206: #NAME? | AJ206: #NAME? | AK206: #NAME? | AL206: #NAME? | AU206: #NAME? | AV206: #NAME? | AW206: #NAME? | AX206: #NAME? | AY206: #NAME? | AZ206: #NAME? | BC206: #NAME? | BD206: #NAME? | BE206: #NAME? | BF206: #NAME? | BI206: #NAME? | BJ206: #NAME? | BK206: #NAME? | BL206: #NAME? | BM206: #NAME? | BN206: #NAME? | BO206: #NAME? | BP206: #NAME?
A207: #NAME? | B207: #NAME? | C207: #NAME? | D207: #NAME? | E207: #NAME? | F207: #NAME? | G207: #NAME? | H207: #NAME? | K207: #NAME? | L207: #NAME? | U207: #NAME? | V207: #NAME? | W207: #NAME? | X207: #NAME? | Y207: #NAME? | Z207: #NAME? | AC207: #NAME? | AD207: #NAME? | AE207: #NAME? | AF207: #NAME? | AI207: #NAME? | AJ207: #NAME? | AK207: #NAME? | AL207: #NAME? | AU207: #NAME? | AV207: #NAME? | AW207: #NAME? | AX207: #NAME? | AY207: #NAME? | AZ207: #NAME? | BC207: #NAME? | BD207: #NAME? | BE207: #NAME? | BF207: #NAME? | BI207: #NAME? | BJ207: #NAME? | BK207: #NAME? | BL207: #NAME? | BM207: #NAME? | BN207: #NAME? | BO207: #NAME? | BP207: #NAME?
A208: #NAME? | B208: #NAME? | C208: #NAME? | D208: #NAME? | E208: #NAME? | F208: #NAME? | G208: #NAME? | H208: #NAME? | K208: #NAME? | L208: #NAME? | U208: #NAME? | V208: #NAME? | W208: #NAME? | X208: #NAME? | Y208: #NAME? | Z208: #NAME? | AC208: #NAME? | AD208: #NAME? | AE208: #NAME? | AF208: #NAME? | AI208: #NAME? | AJ208: #NAME? | AK208: #NAME? | AL208: #NAME? | AU208: #NAME? | AV208: #NAME? | AW208: #NAME? | AX208: #NAME? | AY208: #NAME? | AZ208: #NAME? | BC208: #NAME? | BD208: #NAME? | BE208: #NAME? | BF208: #NAME? | BI208: #NAME? | BJ208: #NAME? | BK208: #NAME? | BL208: #NAME? | BM208: #NAME? | BN208: #NAME? | BO208: #NAME? | BP208: #NAME?
A209: #NAME? | B209: #NAME? | C209: #NAME? | D209: #NAME? | E209: #NAME? | F209: #NAME? | G209: #NAME? | H209: #NAME? | K209: #NAME? | L209: #NAME? | U209: #NAME? | V209: #NAME? | W209: #NAME? | X209: #NAME? | Y209: #NAME? | Z209: #NAME? | AC209: #NAME? | AD209: #NAME? | AE209: #NAME? | AF209: #NAME? | AI209: #NAME? | AJ209: #NAME? | AK209: #NAME? | AL209: #NAME? | AU209: #NAME? | AV209: #NAME? | AW209: #NAME? | AX209: #NAME? | AY209: #NAME? | AZ209: #NAME? | BC209: #NAME? | BD209: #NAME? | BE209: #NAME? | BF209: #NAME? | BI209: #NAME? | BJ209: #NAME? | BK209: #NAME? | BL209: #NAME? | BM209: #NAME? | BN209: #NAME? | BO209: #NAME? | BP209: #NAME?
A210: #NAME? | B210: #NAME? | C210: #NAME? | D210: #NAME? | E210: #NAME? | F210: #NAME? | G210: #NAME? | H210: #NAME? | K210: #NAME? | L210: #NAME? | U210: #NAME? | V210: #NAME? | W210: #NAME? | X210: #NAME? | Y210: #NAME? | Z210: #NAME? | AC210: #NAME? | AD210: #NAME? | AE210: #NAME? | AF210: #NAME? | AI210: #NAME? | AJ210: #NAME? | AK210: #NAME? | AL210: #NAME? | AU210: #NAME? | AV210: #NAME? | AW210: #NAME? | AX210: #NAME? | AY210: #NAME? | AZ210: #NAME? | BC210: #NAME? | BD210: #NAME? | BE210: #NAME? | BF210: #NAME? | BI210: #NAME? | BJ210: #NAME? | BK210: #NAME? | BL210: #NAME? | BM210: #NAME? | BN210: #NAME? | BO210: #NAME? | BP210: #NAME?
A211: #NAME? | B211: #NAME? | C211: #NAME? | D211: #NAME? | E211: #NAME? | F211: #NAME? | G211: #NAME? | H211: #NAME? | K211: #NAME? | L211: #NAME? | U211: #NAME? | V211: #NAME? | W211: #NAME? | X211: #NAME? | Y211: #NAME? | Z211: #NAME? | AC211: #NAME? | AD211: #NAME? | AE211: #NAME? | AF211: #NAME? | AI211: #NAME? | AJ211: #NAME? | AK211: #NAME? | AL211: #NAME? | AU211: #NAME? | AV211: #NAME? | AW211: #NAME? | AX211: #NAME? | AY211: #NAME? | AZ211: #NAME? | BC211: #NAME? | BD211: #NAME? | BE211: #NAME? | BF211: #NAME? | BI211: #NAME? | BJ211: #NAME? | BK211: #NAME? | BL211: #NAME? | BM211: #NAME? | BN211: #NAME? | BO211: #NAME? | BP211: #NAME?
A212: #NAME? | B212: #NAME? | C212: #NAME? | D212: #NAME? | E212: #NAME? | F212: #NAME? | G212: #NAME? | H212: #NAME? | K212: #NAME? | L212: #NAME? | U212: #NAME? | V212: #NAME? | W212: #NAME? | X212: #NAME? | Y212: #NAME? | Z212: #NAME? | AC212: #NAME? | AD212: #NAME? | AE212: #NAME? | AF212: #NAME? | AI212: #NAME? | AJ212: #NAME? | AK212: #NAME? | AL212: #NAME? | AU212: #NAME? | AV212: #NAME? | AW212: #NAME? | AX212: #NAME? | AY212: #NAME? | AZ212: #NAME? | BC212: #NAME? | BD212: #NAME? | BE212: #NAME? | BF212: #NAME? | BI212: #NAME? | BJ212: #NAME? | BK212: #NAME? | BL212: #NAME? | BM212: #NAME? | BN212: #NAME? | BO212: #NAME? | BP212: #NAME?
A213: #NAME? | B213: #NAME? | C213: #NAME? | D213: #NAME? | E213: #NAME? | F213: #NAME? | G213: #NAME? | H213: #NAME? | K213: #NAME? | L213: #NAME? | U213: #NAME? | V213: #NAME? | W213: #NAME? | X213: #NAME? | Y213: #NAME? | Z213: #NAME? | AC213: #NAME? | AD213: #NAME? | AE213: #NAME? | AF213: #NAME? | AI213: #NAME? | AJ213: #NAME? | AK213: #NAME? | AL213: #NAME? | AU213: #NAME? | AV213: #NAME? | AW213: #NAME? | AX213: #NAME? | AY213: #NAME? | AZ213: #NAME? | BC213: #NAME? | BD213: #NAME? | BE213: #NAME? | BF213: #NAME? | BI213: #NAME? | BJ213: #NAME? | BK213: #NAME? | BL213: #NAME? | BM213: #NAME? | BN213: #NAME? | BO213: #NAME? | BP213: #NAME?
A214: #NAME? | B214: #NAME? | C214: #NAME? | D214: #NAME? | E214: #NAME? | F214: #NAME? | G214: #NAME? | H214: #NAME? | K214: #NAME? | L214: #NAME? | U214: #NAME? | V214: #NAME? | W214: #NAME? | X214: #NAME? | Y214: #NAME? | Z214: #NAME? | AC214: #NAME? | AD214: #NAME? | AE214: #NAME? | AF214: #NAME? | AI214: #NAME? | AJ214: #NAME? | AK214: #NAME? | AL214: #NAME? | AU214: #NAME? | AV214: #NAME? | AW214: #NAME? | AX214: #NAME? | AY214: #NAME? | AZ214: #NAME? | BC214: #NAME? | BD214: #NAME? | BE214: #NAME? | BF214: #NAME? | BI214: #NAME? | BJ214: #NAME? | BK214: #NAME? | BL214: #NAME? | BM214: #NAME? | BN214: #NAME? | BO214: #NAME? | BP214: #NAME?
A215: #NAME? | B215: #NAME? | C215: #NAME? | D215: #NAME? | E215: #NAME? | F215: #NAME? | G215: #NAME? | H215: #NAME? | K215: #NAME? | L215: #NAME? | U215: #NAME? | V215: #NAME? | W215: #NAME? | X215: #NAME? | Y215: #NAME? | Z215: #NAME? | AC215: #NAME? | AD215: #NAME? | AE215: #NAME? | AF215: #NAME? | AI215: #NAME? | AJ215: #NAME? | AK215: #NAME? | AL215: #NAME? | AU215: #NAME? | AV215: #NAME? | AW215: #NAME? | AX215: #NAME? | AY215: #NAME? | AZ215: #NAME? | BC215: #NAME? | BD215: #NAME? | BE215: #NAME? | BF215: #NAME? | BI215: #NAME? | BJ215: #NAME? | BK215: #NAME? | BL215: #NAME? | BM215: #NAME? | BN215: #NAME? | BO215: #NAME? | BP215: #NAME?
A216: #NAME? | B216: #NAME? | C216: #NAME? | D216: #NAME? | E216: #NAME? | F216: #NAME? | G216: #NAME? | H216: #NAME? | K216: #NAME? | L216: #NAME? | U216: #NAME? | V216: #NAME? | W216: #NAME? | X216: #NAME? | Y216: #NAME? | Z216: #NAME? | AC216: #NAME? | AD216: #NAME? | AE216: #NAME? | AF216: #NAME? | AI216: #NAME? | AJ216: #NAME? | AK216: #NAME? | AL216: #NAME? | AU216: #NAME? | AV216: #NAME? | AW216: #NAME? | AX216: #NAME? | AY216: #NAME? | AZ216: #NAME? | BC216: #NAME? | BD216: #NAME? | BE216: #NAME? | BF216: #NAME? | BI216: #NAME? | BJ216: #NAME? | BK216: #NAME? | BL216: #NAME? | BM216: #NAME? | BN216: #NAME? | BO216: #NAME? | BP216: #NAME?
A217: #NAME? | B217: #NAME? | C217: #NAME? | D217: #NAME? | E217: #NAME? | F217: #NAME? | G217: #NAME? | H217: #NAME? | K217: #NAME? | L217: #NAME? | U217: #NAME? | V217: #NAME? | W217: #NAME? | X217: #NAME? | Y217: #NAME? | Z217: #NAME? | AC217: #NAME? | AD217: #NAME? | AE217: #NAME? | AF217: #NAME? | AI217: #NAME? | AJ217: #NAME? | AK217: #NAME? | AL217: #NAME? | AU217: #NAME? | AV217: #NAME? | AW217: #NAME? | AX217: #NAME? | AY217: #NAME? | AZ217: #NAME? | BC217: #NAME? | BD217: #NAME? | BE217: #NAME? | BF217: #NAME? | BI217: #NAME? | BJ217: #NAME? | BK217: #NAME? | BL217: #NAME? | BM217: #NAME? | BN217: #NAME? | BO217: #NAME? | BP217: #NAME?
A218: #NAME? | B218: #NAME? | C218: #NAME? | D218: #NAME? | E218: #NAME? | F218: #NAME? | G218: #NAME? | H218: #NAME? | K218: #NAME? | L218: #NAME? | U218: #NAME? | V218: #NAME? | W218: #NAME? | X218: #NAME? | Y218: #NAME? | Z218: #NAME? | AC218: #NAME? | AD218: #NAME? | AE218: #NAME? | AF218: #NAME? | AI218: #NAME? | AJ218: #NAME? | AK218: #NAME? | AL218: #NAME? | AU218: #NAME? | AV218: #NAME? | AW218: #NAME? | AX218: #NAME? | AY218: #NAME? | AZ218: #NAME? | BC218: #NAME? | BD218: #NAME? | BE218: #NAME? | BF218: #NAME? | BI218: #NAME? | BJ218: #NAME? | BK218: #NAME? | BL218: #NAME? | BM218: #NAME? | BN218: #NAME? | BO218: #NAME? | BP218: #NAME?
... A287: #NAME? | B287: #NAME? | C287: #NAME? | D287: #NAME? | E287: #NAME? | F287: #NAME? | G287: #NAME? | H287: #NAME? | K287: #NAME? | L287: #NAME? | U287: #NAME? | V287: #NAME? | W287: #NAME? | X287: #NAME? | Y287: #NAME? | Z287: #NAME? | AC287: #NAME? | AD287: #NAME? | AE287: #NAME? | AF287: #NAME? | AI287: #NAME? | AJ287: #NAME? | AK287: #NAME? | AL287: #NAME? | AU287: #NAME? | AV287: #NAME? | AW287: #NAME? | AX287: #NAME? | AY287: #NAME? | AZ287: #NAME? | BC287: #NAME? | BD287: #NAME? | BE287: #NAME? | BF287: #NAME? | BI287: #NAME? | BJ287: #NAME? | BK287: #NAME? | BL287: #NAME? | BM287: #NAME? | BN287: #NAME? | BO287: #NAME? | BP287: #NAME?
A288: #NAME? | B288: #NAME? | C288: #NAME? | D288: #NAME? | E288: #NAME? | F288: #NAME? | G288: #NAME? | H288: #NAME? | K288: #NAME? | L288: #NAME? | W288: #NAME? | X288: #NAME? | Y288: #NAME? | Z288: #NAME? | AC288: #NAME? | AD288: #NAME? | AE288: #NAME? | AF288: #NAME? | AI288: #NAME? | AJ288: #NAME? | AK288: #NAME? | AL288: #NAME? | AU288: #NAME? | AV288: #NAME? | AW288: #NAME? | AX288: #NAME? | AY288: #NAME? | AZ288: #NAME? | BC288: #NAME? | BD288: #NAME? | BE288: #NAME? | BF288: #NAME? | BI288: #NAME? | BJ288: #NAME? | BK288: #NAME? | BL288: #NAME? | BM288: #NAME? | BN288: #NAME? | BO288: #NAME? | BP288: #NAME?
A289: #NAME? | B289: #NAME? | C289: #NAME? | D289: #NAME? | E289: #NAME? | F289: #NAME? | G289: #NAME? | H289: #NAME? | K289: #NAME? | L289: #NAME? | W289: #NAME? | X289: #NAME? | Y289: #NAME? | Z289: #NAME? | AC289: #NAME? | AD289: #NAME? | AE289: #NAME? | AF289: #NAME? | AI289: #NAME? | AJ289: #NAME? | AK289: #NAME? | AL289: #NAME? | AU289: #NAME? | AV289: #NAME? | AW289: #NAME? | AX289: #NAME? | AY289: #NAME? | AZ289: #NAME? | BC289: #NAME? | BD289: #NAME? | BE289: #NAME? | BF289: #NAME? | BI289: #NAME? | BJ289: #NAME? | BK289: #NAME? | BL289: #NAME? | BM289: #NAME? | BN289: #NAME? | BO289: #NAME? | BP289: #NAME?
A290: #NAME? | B290: #NAME? | C290: #NAME? | D290: #NAME? | E290: #NAME? | F290: #NAME? | G290: #NAME? | H290: #NAME? | K290: #NAME? | L290: #NAME? | W290: #NAME? | X290: #NAME? | Y290: #NAME? | Z290: #NAME? | AC290: #NAME? | AD290: #NAME? | AE290: #NAME? | AF290: #NAME? | AI290: #NAME? | AJ290: #NAME? | AK290: #NAME? | AL290: #NAME? | AU290: #NAME? | AV290: #NAME? | AW290: #NAME? | AX290: #NAME? | AY290: #NAME? | AZ290: #NAME? | BC290: #NAME? | BD290: #NAME? | BE290: #NAME? | BF290: #NAME? | BI290: #NAME? | BJ290: #NAME? | BK290: #NAME? | BL290: #NAME? | BM290: #NAME? | BN290: #NAME? | BO290: #NAME? | BP290: #NAME?
A291: #NAME? | B291: #NAME? | C291: #NAME? | D291: #NAME? | E291: #NAME? | F291: #NAME? | G291: #NAME? | H291: #NAME? | K291: #NAME? | L291: #NAME? | W291: #NAME? | X291: #NAME? | Y291: #NAME? | Z291: #NAME? | AC291: #NAME? | AD291: #NAME? | AE291: #NAME? | AF291: #NAME? | AI291: #NAME? | AJ291: #NAME? | AK291: #NAME? | AL291: #NAME? | AU291: #NAME? | AV291: #NAME? | AW291: #NAME? | AX291: #NAME? | AY291: #NAME? | AZ291: #NAME? | BC291: #NAME? | BD291: #NAME? | BE291: #NAME? | BF291: #NAME? | BI291: #NAME? | BJ291: #NAME? | BK291: #NAME? | BL291: #NAME? | BM291: #NAME? | BN291: #NAME? | BO291: #NAME? | BP291: #NAME?
A292: #NAME? | B292: #NAME? | C292: #NAME? | D292: #NAME? | E292: #NAME? | F292: #NAME? | G292: #NAME? | H292: #NAME? | K292: #NAME? | L292: #NAME? | W292: #NAME? | X292: #NAME? | Y292: #NAME? | Z292: #NAME? | AC292: #NAME? | AD292: #NAME? | AE292: #NAME? | AF292: #NAME? | AI292: #NAME? | AJ292: #NAME? | AK292: #NAME? | AL292: #NAME? | AU292: #NAME? | AV292: #NAME? | AW292: #NAME? | AX292: #NAME? | AY292: #NAME? | AZ292: #NAME? | BC292: #NAME? | BD292: #NAME? | BE292: #NAME? | BF292: #NAME? | BI292: #NAME? | BJ292: #NAME? | BK292: #NAME? | BL292: #NAME? | BM292: #NAME? | BN292: #NAME? | BO292: #NAME? | BP292: #NAME?
A293: #NAME? | B293: #NAME? | C293: #NAME? | D293: #NAME? | E293: #NAME? | F293: #NAME? | G293: #NAME? | H293: #NAME? | K293: #NAME? | L293: #NAME? | W293: #NAME? | X293: #NAME? | Y293: #NAME? | Z293: #NAME? | AC293: #NAME? | AD293: #NAME? | AE293: #NAME? | AF293: #NAME? | AI293: #NAME? | AJ293: #NAME? | AK293: #NAME? | AL293: #NAME? | AU293: #NAME? | AV293: #NAME? | AW293: #NAME? | AX293: #NAME? | AY293: #NAME? | AZ293: #NAME? | BC293: #NAME? | BD293: #NAME? | BE293: #NAME? | BF293: #NAME? | BI293: #NAME? | BJ293: #NAME? | BK293: #NAME? | BL293: #NAME? | BM293: #NAME? | BN293: #NAME? | BO293: #NAME? | BP293: #NAME?
A294: #NAME? | B294: #NAME? | C294: #NAME? | D294: #NAME? | E294: #NAME? | F294: #NAME? | G294: #NAME? | H294: #NAME? | K294: #NAME? | L294: #NAME? | W294: #NAME? | X294: #NAME? | Y294: #NAME? | Z294: #NAME? | AC294: #NAME? | AD294: #NAME? | AE294: #NAME? | AF294: #NAME? | AI294: #NAME? | AJ294: #NAME? | AK294: #NAME? | AL294: #NAME? | AU294: #NAME? | AV294: #NAME? | AW294: #NAME? | AX294: #NAME? | AY294: #NAME? | AZ294: #NAME? | BC294: #NAME? | BD294: #NAME? | BE294: #NAME? | BF294: #NAME? | BI294: #NAME? | BJ294: #NAME? | BK294: #NAME? | BL294: #NAME? | BM294: #NAME? | BN294: #NAME? | BO294: #NAME? | BP294: #NAME?
A295: #NAME? | B295: #NAME? | C295: #NAME? | D295: #NAME? | E295: #NAME? | F295: #NAME? | G295: #NAME? | H295: #NAME? | K295: #NAME? | L295: #NAME? | W295: #NAME? | X295: #NAME? | Y295: #NAME? | Z295: #NAME? | AC295: #NAME? | AD295: #NAME? | AE295: #NAME? | AF295: #NAME? | AI295: #NAME? | AJ295: #NAME? | AK295: #NAME? | AL295: #NAME? | AU295: #NAME? | AV295: #NAME? | AW295: #NAME? | AX295: #NAME? | AY295: #NAME? | AZ295: #NAME? | BC295: #NAME? | BD295: #NAME? | BE295: #NAME? | BF295: #NAME? | BI295: #NAME? | BJ295: #NAME? | BK295: #NAME? | BL295: #NAME? | BM295: #NAME? | BN295: #NAME? | BO295: #NAME? | BP295: #NAME?
A296: #NAME? | B296: #NAME? | C296: #NAME? | D296: #NAME? | E296: #NAME? | F296: #NAME? | G296: #NAME? | H296: #NAME? | K296: #NAME? | L296: #NAME? | W296: #NAME? | X296: #NAME? | Y296: #NAME? | Z296: #NAME? | AC296: #NAME? | AD296: #NAME? | AE296: #NAME? | AF296: #NAME? | AI296: #NAME? | AJ296: #NAME? | AK296: #NAME? | AL296: #NAME? | AU296: #NAME? | AV296: #NAME? | AW296: #NAME? | AX296: #NAME? | AY296: #NAME? | AZ296: #NAME? | BC296: #NAME? | BD296: #NAME? | BE296: #NAME? | BF296: #NAME? | BI296: #NAME? | BJ296: #NAME? | BK296: #NAME? | BL296: #NAME? | BM296: #NAME? | BN296: #NAME? | BO296: #NAME? | BP296: #NAME?
A297: #NAME? | B297: #NAME? | C297: #NAME? | D297: #NAME? | E297: #NAME? | F297: #NAME? | G297: #NAME? | H297: #NAME? | K297: #NAME? | L297: #NAME? | W297: #NAME? | X297: #NAME? | Y297: #NAME? | Z297: #NAME? | AC297: #NAME? | AD297: #NAME? | AE297: #NAME? | AF297: #NAME? | AI297: #NAME? | AJ297: #NAME? | AK297: #NAME? | AL297: #NAME? | AU297: #NAME? | AV297: #NAME? | AW297: #NAME? | AX297: #NAME? | AY297: #NAME? | AZ297: #NAME? | BC297: #NAME? | BD297: #NAME? | BE297: #NAME? | BF297: #NAME? | BI297: #NAME? | BJ297: #NAME? | BK297: #NAME? | BL297: #NAME? | BM297: #NAME? | BN297: #NAME? | BO297: #NAME? | BP297: #NAME?
A298: #NAME? | B298: #NAME? | C298: #NAME? | D298: #NAME? | E298: #NAME? | F298: #NAME? | G298: #NAME? | H298: #NAME? | K298: #NAME? | L298: #NAME? | W298: #NAME? | X298: #NAME? | Y298: #NAME? | Z298: #NAME? | AC298: #NAME? | AD298: #NAME? | AE298: #NAME? | AF298: #NAME? | AI298: #NAME? | AJ298: #NAME? | AK298: #NAME? | AL298: #NAME? | AU298: #NAME? | AV298: #NAME? | AW298: #NAME? | AX298: #NAME? | AY298: #NAME? | AZ298: #NAME? | BC298: #NAME? | BD298: #NAME? | BE298: #NAME? | BF298: #NAME? | BI298: #NAME? | BJ298: #NAME? | BK298: #NAME? | BL298: #NAME? | BM298: #NAME? | BN298: #NAME? | BO298: #NAME? | BP298: #NAME?
A299: #NAME? | B299: #NAME? | C299: #NAME? | D299: #NAME? | E299: #NAME? | F299: #NAME? | G299: #NAME? | H299: #NAME? | K299: #NAME? | L299: #NAME? | W299: #NAME? | X299: #NAME? | Y299: #NAME? | Z299: #NAME? | AC299: #NAME? | AD299: #NAME? | AE299: #NAME? | AF299: #NAME? | AI299: #NAME? | AJ299: #NAME? | AK299: #NAME? | AL299: #NAME? | AU299: #NAME? | AV299: #NAME? | AW299: #NAME? | AX299: #NAME? | AY299: #NAME? | AZ299: #NAME? | BC299: #NAME? | BD299: #NAME? | BE299: #NAME? | BF299: #NAME? | BI299: #NAME? | BJ299: #NAME? | BK299: #NAME? | BL299: #NAME? | BM299: #NAME? | BN299: #NAME? | BO299: #NAME? | BP299: #NAME?
... A347: #NAME? | B347: #NAME? | C347: #NAME? | D347: #NAME? | E347: #NAME? | F347: #NAME? | G347: #NAME? | H347: #NAME? | K347: #NAME? | L347: #NAME? | W347: #NAME? | X347: #NAME? | Y347: #NAME? | Z347: #NAME? | AC347: #NAME? | AD347: #NAME? | AE347: #NAME? | AF347: #NAME? | AI347: #NAME? | AJ347: #NAME? | AK347: #NAME? | AL347: #NAME? | AU347: #NAME? | AV347: #NAME? | AW347: #NAME? | AX347: #NAME? | AY347: #NAME? | AZ347: #NAME? | BC347: #NAME? | BD347: #NAME? | BE347: #NAME? | BF347: #NAME? | BI347: #NAME? | BJ347: #NAME? | BK347: #NAME? | BL347: #NAME? | BM347: #NAME? | BN347: #NAME? | BO347: #NAME? | BP347: #NAME?
A348: #NAME? | B348: #NAME? | E348: #NAME? | F348: #NAME? | G348: #NAME? | H348: #NAME? | K348: #NAME? | L348: #NAME? | W348: #NAME? | X348: #NAME? | Y348: #NAME? | Z348: #NAME? | AC348: #NAME? | AD348: #NAME? | AE348: #NAME? | AF348: #NAME? | AI348: #NAME? | AJ348: #NAME? | AK348: #NAME? | AL348: #NAME? | AU348: #NAME? | AV348: #NAME? | AW348: #NAME? | AX348: #NAME? | AY348: #NAME? | AZ348: #NAME? | BC348: #NAME? | BD348: #NAME? | BE348: #NAME? | BF348: #NAME? | BI348: #NAME? | BJ348: #NAME? | BK348: #NAME? | BL348: #NAME? | BM348: #NAME? | BN348: #NAME? | BO348: #NAME? | BP348: #NAME?
A349: #NAME? | B349: #NAME? | E349: #NAME? | F349: #NAME? | G349: #NAME? | H349: #NAME? | K349: #NAME? | L349: #NAME? | W349: #NAME? | X349: #NAME? | Y349: #NAME? | Z349: #NAME? | AC349: #NAME? | AD349: #NAME? | AE349: #NAME? | AF349: #NAME? | AI349: #NAME? | AJ349: #NAME? | AK349: #NAME? | AL349: #NAME? | AU349: #NAME? | AV349: #NAME? | AW349: #NAME? | AX349: #NAME? | AY349: #NAME? | AZ349: #NAME? | BC349: #NAME? | BD349: #NAME? | BE349: #NAME? | BF349: #NAME? | BI349: #NAME? | BJ349: #NAME? | BK349: #NAME? | BL349: #NAME? | BM349: #NAME? | BN349: #NAME? | BO349: #NAME? | BP349: #NAME?
A350: #NAME? | B350: #NAME? | E350: #NAME? | F350: #NAME? | G350: #NAME? | H350: #NAME? | K350: #NAME? | L350: #NAME? | W350: #NAME? | X350: #NAME? | Y350: #NAME? | Z350: #NAME? | AC350: #NAME? | AD350: #NAME? | AE350: #NAME? | AF350: #NAME? | AI350: #NAME? | AJ350: #NAME? | AK350: #NAME? | AL350: #NAME? | AU350: #NAME? | AV350: #NAME? | AW350: #NAME? | AX350: #NAME? | AY350: #NAME? | AZ350: #NAME? | BC350: #NAME? | BD350: #NAME? | BE350: #NAME? | BF350: #NAME? | BI350: #NAME? | BJ350: #NAME? | BK350: #NAME? | BL350: #NAME? | BM350: #NAME? | BN350: #NAME? | BO350: #NAME? | BP350: #NAME?
A351: #NAME? | B351: #NAME? | E351: #NAME? | F351: #NAME? | G351: #NAME? | H351: #NAME? | K351: #NAME? | L351: #NAME? | W351: #NAME? | X351: #NAME? | Y351: #NAME? | Z351: #NAME? | AC351: #NAME? | AD351: #NAME? | AE351: #NAME? | AF351: #NAME? | AI351: #NAME? | AJ351: #NAME? | AK351: #NAME? | AL351: #NAME? | AU351: #NAME? | AV351: #NAME? | AW351: #NAME? | AX351: #NAME? | AY351: #NAME? | AZ351: #NAME? | BC351: #NAME? | BD351: #NAME? | BE351: #NAME? | BF351: #NAME? | BI351: #NAME? | BJ351: #NAME? | BK351: #NAME? | BL351: #NAME? | BM351: #NAME? | BN351: #NAME? | BO351: #NAME? | BP351: #NAME?
A352: #NAME? | B352: #NAME? | E352: #NAME? | F352: #NAME? | G352: #NAME? | H352: #NAME? | K352: #NAME? | L352: #NAME? | W352: #NAME? | X352: #NAME? | Y352: #NAME? | Z352: #NAME? | AC352: #NAME? | AD352: #NAME? | AE352: #NAME? | AF352: #NAME? | AI352: #NAME? | AJ352: #NAME? | AK352: #NAME? | AL352: #NAME? | AU352: #NAME? | AV352: #NAME? | AW352: #NAME? | AX352: #NAME? | AY352: #NAME? | AZ352: #NAME? | BC352: #NAME? | BD352: #NAME? | BE352: #NAME? | BF352: #NAME? | BI352: #NAME? | BJ352: #NAME? | BK352: #NAME? | BL352: #NAME? | BM352: #NAME? | BN352: #NAME? | BO352: #NAME? | BP352: #NAME?
A353: #NAME? | B353: #NAME? | E353: #NAME? | F353: #NAME? | G353: #NAME? | H353: #NAME? | K353: #NAME? | L353: #NAME? | W353: #NAME? | X353: #NAME? | Y353: #NAME? | Z353: #NAME? | AC353: #NAME? | AD353: #NAME? | AE353: #NAME? | AF353: #NAME? | AI353: #NAME? | AJ353: #NAME? | AK353: #NAME? | AL353: #NAME? | AU353: #NAME? | AV353: #NAME? | AW353: #NAME? | AX353: #NAME? | AY353: #NAME? | AZ353: #NAME? | BC353: #NAME? | BD353: #NAME? | BE353: #NAME? | BF353: #NAME? | BI353: #NAME? | BJ353: #NAME? | BK353: #NAME? | BL353: #NAME? | BM353: #NAME? | BN353: #NAME? | BO353: #NAME? | BP353: #NAME?
A354: #NAME? | B354: #NAME? | E354: #NAME? | F354: #NAME? | G354: #NAME? | H354: #NAME? | K354: #NAME? | L354: #NAME? | W354: #NAME? | X354: #NAME? | Y354: #NAME? | Z354: #NAME? | AC354: #NAME? | AD354: #NAME? | AE354: #NAME? | AF354: #NAME? | AI354: #NAME? | AJ354: #NAME? | AK354: #NAME? | AL354: #NAME? | AU354: #NAME? | AV354: #NAME? | AW354: #NAME? | AX354: #NAME? | AY354: #NAME? | AZ354: #NAME? | BC354: #NAME? | BD354: #NAME? | BE354: #NAME? | BF354: #NAME? | BI354: #NAME? | BJ354: #NAME? | BK354: #NAME? | BL354: #NAME? | BM354: #NAME? | BN354: #NAME? | BO354: #NAME? | BP354: #NAME?
A355: #NAME? | B355: #NAME? | E355: #NAME? | F355: #NAME? | G355: #NAME? | H355: #NAME? | K355: #NAME? | L355: #NAME? | W355: #NAME? | X355: #NAME? | Y355: #NAME? | Z355: #NAME? | AC355: #NAME? | AD355: #NAME? | AE355: #NAME? | AF355: #NAME? | AI355: #NAME? | AJ355: #NAME? | AK355: #NAME? | AL355: #NAME? | AU355: #NAME? | AV355: #NAME? | AW355: #NAME? | AX355: #NAME? | AY355: #NAME? | AZ355: #NAME? | BC355: #NAME? | BD355: #NAME? | BE355: #NAME? | BF355: #NAME? | BI355: #NAME? | BJ355: #NAME? | BK355: #NAME? | BL355: #NAME? | BM355: #NAME? | BN355: #NAME? | BO355: #NAME? | BP355: #NAME?
A356: #NAME? | B356: #NAME? | E356: #NAME? | F356: #NAME? | G356: #NAME? | H356: #NAME? | K356: #NAME? | L356: #NAME? | W356: #NAME? | X356: #NAME? | Y356: #NAME? | Z356: #NAME? | AC356: #NAME? | AD356: #NAME? | AE356: #NAME? | AF356: #NAME? | AI356: #NAME? | AJ356: #NAME? | AK356: #NAME? | AL356: #NAME? | AU356: #NAME? | AV356: #NAME? | AW356: #NAME? | AX356: #NAME? | AY356: #NAME? | AZ356: #NAME? | BC356: #NAME? | BD356: #NAME? | BE356: #NAME? | BF356: #NAME? | BI356: #NAME? | BJ356: #NAME? | BK356: #NAME? | BL356: #NAME? | BM356: #NAME? | BN356: #NAME? | BO356: #NAME? | BP356: #NAME?
A357: #NAME? | B357: #NAME? | E357: #NAME? | F357: #NAME? | G357: #NAME? | H357: #NAME? | K357: #NAME? | L357: #NAME? | W357: #NAME? | X357: #NAME? | Y357: #NAME? | Z357: #NAME? | AC357: #NAME? | AD357: #NAME? | AE357: #NAME? | AF357: #NAME? | AI357: #NAME? | AJ357: #NAME? | AK357: #NAME? | AL357: #NAME? | AU357: #NAME? | AV357: #NAME? | AW357: #NAME? | AX357: #NAME? | AY357: #NAME? | AZ357: #NAME? | BC357: #NAME? | BD357: #NAME? | BE357: #NAME? | BF357: #NAME? | BI357: #NAME? | BJ357: #NAME? | BK357: #NAME? | BL357: #NAME? | BM357: #NAME? | BN357: #NAME? | BO357: #NAME? | BP357: #NAME?
A358: #NAME? | B358: #NAME? | E358: #NAME? | F358: #NAME? | G358: #NAME? | H358: #NAME? | K358: #NAME? | L358: #NAME? | W358: #NAME? | X358: #NAME? | Y358: #NAME? | Z358: #NAME? | AC358: #NAME? | AD358: #NAME? | AE358: #NAME? | AF358: #NAME? | AI358: #NAME? | AJ358: #NAME? | AK358: #NAME? | AL358: #NAME? | AU358: #NAME? | AV358: #NAME? | AW358: #NAME? | AX358: #NAME? | AY358: #NAME? | AZ358: #NAME? | BC358: #NAME? | BD358: #NAME? | BE358: #NAME? | BF358: #NAME? | BI358: #NAME? | BJ358: #NAME? | BK358: #NAME? | BL358: #NAME? | BM358: #NAME? | BN358: #NAME? | BO358: #NAME? | BP358: #NAME?
A359: #NAME? | B359: #NAME? | E359: #NAME? | F359: #NAME? | G359: #NAME? | H359: #NAME? | K359: #NAME? | L359: #NAME? | W359: #NAME? | X359: #NAME? | Y359: #NAME? | Z359: #NAME? | AC359: #NAME? | AD359: #NAME? | AE359: #NAME? | AF359: #NAME? | AI359: #NAME? | AJ359: #NAME? | AK359: #NAME? | AL359: #NAME? | AU359: #NAME? | AV359: #NAME? | AW359: #NAME? | AX359: #NAME? | AY359: #NAME? | AZ359: #NAME? | BC359: #NAME? | BD359: #NAME? | BE359: #NAME? | BF359: #NAME? | BI359: #NAME? | BJ359: #NAME? | BK359: #NAME? | BL359: #NAME? | BM359: #NAME? | BN359: #NAME? | BO359: #NAME? | BP359: #NAME?
... A597: #NAME? | B597: #NAME? | E597: #NAME? | F597: #NAME? | G597: #NAME? | H597: #NAME? | K597: #NAME? | L597: #NAME? | W597: #NAME? | X597: #NAME? | Y597: #NAME? | Z597: #NAME? | AC597: #NAME? | AD597: #NAME? | AE597: #NAME? | AF597: #NAME? | AI597: #NAME? | AJ597: #NAME? | AK597: #NAME? | AL597: #NAME? | AU597: #NAME? | AV597: #NAME? | AW597: #NAME? | AX597: #NAME? | AY597: #NAME? | AZ597: #NAME? | BC597: #NAME? | BD597: #NAME? | BE597: #NAME? | BF597: #NAME? | BI597: #NAME? | BJ597: #NAME? | BK597: #NAME? | BL597: #NAME? | BM597: #NAME? | BN597: #NAME? | BO597: #NAME? | BP597: #NAME?
A598: #NAME? | B598: #NAME? | E598: #NAME? | F598: #NAME? | G598: #NAME? | H598: #NAME? | K598: #NAME? | L598: #NAME? | W598: #NAME? | X598: #NAME? | Y598: #NAME? | Z598: #NAME? | AC598: #NAME? | AD598: #NAME? | AE598: #NAME? | AF598: #NAME? | AI598: #NAME? | AJ598: #NAME? | AK598: #NAME? | AL598: #NAME? | AU598: #NAME? | AV598: #NAME? | AW598: #NAME? | AX598: #NAME? | BC598: #NAME? | BD598: #NAME? | BE598: #NAME? | BF598: #NAME? | BI598: #NAME? | BJ598: #NAME? | BK598: #NAME? | BL598: #NAME? | BM598: #NAME? | BN598: #NAME? | BO598: #NAME? | BP598: #NAME?
A599: #NAME? | B599: #NAME? | E599: #NAME? | F599: #NAME? | G599: #NAME? | H599: #NAME? | K599: #NAME? | L599: #NAME? | W599: #NAME? | X599: #NAME? | Y599: #NAME? | Z599: #NAME? | AC599: #NAME? | AD599: #NAME? | AE599: #NAME? | AF599: #NAME? | AI599: #NAME? | AJ599: #NAME? | AK599: #NAME? | AL599: #NAME? | AU599: #NAME? | AV599: #NAME? | AW599: #NAME? | AX599: #NAME? | BC599: #NAME? | BD599: #NAME? | BE599: #NAME? | BF599: #NAME? | BI599: #NAME? | BJ599: #NAME? | BK599: #NAME? | BL599: #NAME? | BM599: #NAME? | BN599: #NAME? | BO599: #NAME? | BP599: #NAME?
A600: #NAME? | B600: #NAME? | E600: #NAME? | F600: #NAME? | G600: #NAME? | H600: #NAME? | K600: #NAME? | L600: #NAME? | W600: #NAME? | X600: #NAME? | Y600: #NAME? | Z600: #NAME? | AC600: #NAME? | AD600: #NAME? | AE600: #NAME? | AF600: #NAME? | AI600: #NAME? | AJ600: #NAME? | AK600: #NAME? | AL600: #NAME? | AU600: #NAME? | AV600: #NAME? | AW600: #NAME? | AX600: #NAME? | BC600: #NAME? | BD600: #NAME? | BE600: #NAME? | BF600: #NAME? | BI600: #NAME? | BJ600: #NAME? | BK600: #NAME? | BL600: #NAME? | BM600: #NAME? | BN600: #NAME? | BO600: #NAME? | BP600: #NAME?
A601: #NAME? | B601: #NAME? | E601: #NAME? | F601: #NAME? | G601: #NAME? | H601: #NAME? | K601: #NAME? | L601: #NAME? | W601: #NAME? | X601: #NAME? | Y601: #NAME? | Z601: #NAME? | AC601: #NAME? | AD601: #NAME? | AE601: #NAME? | AF601: #NAME? | AI601: #NAME? | AJ601: #NAME? | AK601: #NAME? | AL601: #NAME? | AU601: #NAME? | AV601: #NAME? | AW601: #NAME? | AX601: #NAME? | BC601: #NAME? | BD601: #NAME? | BE601: #NAME? | BF601: #NAME? | BI601: #NAME? | BJ601: #NAME? | BK601: #NAME? | BL601: #NAME? | BM601: #NAME? | BN601: #NAME? | BO601: #NAME? | BP601: #NAME?
A602: #NAME? | B602: #NAME? | E602: #NAME? | F602: #NAME? | G602: #NAME? | H602: #NAME? | K602: #NAME? | L602: #NAME? | W602: #NAME? | X602: #NAME? | Y602: #NAME? | Z602: #NAME? | AC602: #NAME? | AD602: #NAME? | AE602: #NAME? | AF602: #NAME? | AI602: #NAME? | AJ602: #NAME? | AK602: #NAME? | AL602: #NAME? | AU602: #NAME? | AV602: #NAME? | AW602: #NAME? | AX602: #NAME? | BC602: #NAME? | BD602: #NAME? | BE602: #NAME? | BF602: #NAME? | BI602: #NAME? | BJ602: #NAME? | BK602: #NAME? | BL602: #NAME? | BM602: #NAME? | BN602: #NAME? | BO602: #NAME? | BP602: #NAME?
A603: #NAME? | B603: #NAME? | E603: #NAME? | F603: #NAME? | G603: #NAME? | H603: #NAME? | K603: #NAME? | L603: #NAME? | W603: #NAME? | X603: #NAME? | Y603: #NAME? | Z603: #NAME? | AC603: #NAME? | AD603: #NAME? | AE603: #NAME? | AF603: #NAME? | AI603: #NAME? | AJ603: #NAME? | AK603: #NAME? | AL603: #NAME? | AU603: #NAME? | AV603: #NAME? | AW603: #NAME? | AX603: #NAME? | BC603: #NAME? | BD603: #NAME? | BE603: #NAME? | BF603: #NAME? | BI603: #NAME? | BJ603: #NAME? | BK603: #NAME? | BL603: #NAME? | BM603: #NAME? | BN603: #NAME? | BO603: #NAME? | BP603: #NAME?
A604: #NAME? | B604: #NAME? | E604: #NAME? | F604: #NAME? | G604: #NAME? | H604: #NAME? | K604: #NAME? | L604: #NAME? | W604: #NAME? | X604: #NAME? | Y604: #NAME? | Z604: #NAME? | AC604: #NAME? | AD604: #NAME? | AE604: #NAME? | AF604: #NAME? | AI604: #NAME? | AJ604: #NAME? | AK604: #NAME? | AL604: #NAME? | AU604: #NAME? | AV604: #NAME? | AW604: #NAME? | AX604: #NAME? | BC604: #NAME? | BD604: #NAME? | BE604: #NAME? | BF604: #NAME? | BI604: #NAME? | BJ604: #NAME? | BK604: #NAME? | BL604: #NAME? | BM604: #NAME? | BN604: #NAME? | BO604: #NAME? | BP604: #NAME?
A605: #NAME? | B605: #NAME? | E605: #NAME? | F605: #NAME? | G605: #NAME? | H605: #NAME? | K605: #NAME? | L605: #NAME? | W605: #NAME? | X605: #NAME? | Y605: #NAME? | Z605: #NAME? | AC605: #NAME? | AD605: #NAME? | AE605: #NAME? | AF605: #NAME? | AI605: #NAME? | AJ605: #NAME? | AK605: #NAME? | AL605: #NAME? | AU605: #NAME? | AV605: #NAME? | AW605: #NAME? | AX605: #NAME? | BC605: #NAME? | BD605: #NAME? | BE605: #NAME? | BF605: #NAME? | BI605: #NAME? | BJ605: #NAME? | BK605: #NAME? | BL605: #NAME? | BM605: #NAME? | BN605: #NAME? | BO605: #NAME? | BP605: #NAME?
A606: #NAME? | B606: #NAME? | E606: #NAME? | F606: #NAME? | G606: #NAME? | H606: #NAME? | K606: #NAME? | L606: #NAME? | W606: #NAME? | X606: #NAME? | Y606: #NAME? | Z606: #NAME? | AC606: #NAME? | AD606: #NAME? | AE606: #NAME? | AF606: #NAME? | AI606: #NAME? | AJ606: #NAME? | AK606: #NAME? | AL606: #NAME? | AU606: #NAME? | AV606: #NAME? | AW606: #NAME? | AX606: #NAME? | BC606: #NAME? | BD606: #NAME? | BE606: #NAME? | BF606: #NAME? | BI606: #NAME? | BJ606: #NAME? | BK606: #NAME? | BL606: #NAME? | BM606: #NAME? | BN606: #NAME? | BO606: #NAME? | BP606: #NAME?
A607: #NAME? | B607: #NAME? | E607: #NAME? | F607: #NAME? | G607: #NAME? | H607: #NAME? | K607: #NAME? | L607: #NAME? | W607: #NAME? | X607: #NAME? | Y607: #NAME? | Z607: #NAME? | AC607: #NAME? | AD607: #NAME? | AE607: #NAME? | AF607: #NAME? | AI607: #NAME? | AJ607: #NAME? | AK607: #NAME? | AL607: #NAME? | AU607: #NAME? | AV607: #NAME? | AW607: #NAME? | AX607: #NAME? | BC607: #NAME? | BD607: #NAME? | BE607: #NAME? | BF607: #NAME? | BI607: #NAME? | BJ607: #NAME? | BK607: #NAME? | BL607: #NAME? | BM607: #NAME? | BN607: #NAME? | BO607: #NAME? | BP607: #NAME?
A608: #NAME? | B608: #NAME? | E608: #NAME? | F608: #NAME? | G608: #NAME? | H608: #NAME? | K608: #NAME? | L608: #NAME? | W608: #NAME? | X608: #NAME? | Y608: #NAME? | Z608: #NAME? | AC608: #NAME? | AD608: #NAME? | AE608: #NAME? | AF608: #NAME? | AI608: #NAME? | AJ608: #NAME? | AK608: #NAME? | AL608: #NAME? | AU608: #NAME? | AV608: #NAME? | AW608: #NAME? | AX608: #NAME? | BC608: #NAME? | BD608: #NAME? | BE608: #NAME? | BF608: #NAME? | BI608: #NAME? | BJ608: #NAME? | BK608: #NAME? | BL608: #NAME? | BM608: #NAME? | BN608: #NAME? | BO608: #NAME? | BP608: #NAME?
A609: #NAME? | B609: #NAME? | E609: #NAME? | F609: #NAME? | G609: #NAME? | H609: #NAME? | K609: #NAME? | L609: #NAME? | W609: #NAME? | X609: #NAME? | Y609: #NAME? | Z609: #NAME? | AC609: #NAME? | AD609: #NAME? | AE609: #NAME? | AF609: #NAME? | AI609: #NAME? | AJ609: #NAME? | AK609: #NAME? | AL609: #NAME? | AU609: #NAME? | AV609: #NAME? | AW609: #NAME? | AX609: #NAME? | BC609: #NAME? | BD609: #NAME? | BE609: #NAME? | BF609: #NAME? | BI609: #NAME? | BJ609: #NAME? | BK609: #NAME? | BL609: #NAME? | BM609: #NAME? | BN609: #NAME? | BO609: #NAME? | BP609: #NAME?
... A785: #NAME? | B785: #NAME? | E785: #NAME? | F785: #NAME? | G785: #NAME? | H785: #NAME? | K785: #NAME? | L785: #NAME? | W785: #NAME? | X785: #NAME? | Y785: #NAME? | Z785: #NAME? | AC785: #NAME? | AD785: #NAME? | AE785: #NAME? | AF785: #NAME? | AI785: #NAME? | AJ785: #NAME? | AK785: #NAME? | AL785: #NAME? | AU785: #NAME? | AV785: #NAME? | AW785: #NAME? | AX785: #NAME? | BC785: #NAME? | BD785: #NAME? | BE785: #NAME? | BF785: #NAME? | BI785: #NAME? | BJ785: #NAME? | BK785: #NAME? | BL785: #NAME? | BM785: #NAME? | BN785: #NAME? | BO785: #NAME? | BP785: #NAME?
A786: #NAME? | B786: #NAME? | E786: #NAME? | F786: #NAME? | G786: #NAME? | H786: #NAME? | K786: #NAME? | L786: #NAME? | W786: #NAME? | X786: #NAME? | Y786: #NAME? | Z786: #NAME? | AC786: #NAME? | AD786: #NAME? | AE786: #NAME? | AF786: #NAME? | AI786: #NAME? | AJ786: #NAME? | AK786: #NAME? | AL786: #NAME? | AU786: #NAME? | AV786: #NAME? | AW786: #NAME? | AX786: #NAME? | BC786: #NAME? | BD786: #NAME? | BE786: #NAME? | BF786: #NAME? | BI786: #NAME? | BJ786: #NAME? | BK786: #NAME? | BL786: #NAME? | BO786: #NAME? | BP786: #NAME?
A787: #NAME? | B787: #NAME? | E787: #NAME? | F787: #NAME? | G787: #NAME? | H787: #NAME? | K787: #NAME? | L787: #NAME? | W787: #NAME? | X787: #NAME? | Y787: #NAME? | Z787: #NAME? | AC787: #NAME? | AD787: #NAME? | AE787: #NAME? | AF787: #NAME? | AI787: #NAME? | AJ787: #NAME? | AK787: #NAME? | AL787: #NAME? | AU787: #NAME? | AV787: #NAME? | AW787: #NAME? | AX787: #NAME? | BC787: #NAME? | BD787: #NAME? | BE787: #NAME? | BF787: #NAME? | BI787: #NAME? | BJ787: #NAME? | BK787: #NAME? | BL787: #NAME? | BO787: #NAME? | BP787: #NAME?
A788: #NAME? | B788: #NAME? | E788: #NAME? | F788: #NAME? | G788: #NAME? | H788: #NAME? | K788: #NAME? | L788: #NAME? | W788: #NAME? | X788: #NAME? | Y788: #NAME? | Z788: #NAME? | AC788: #NAME? | AD788: #NAME? | AE788: #NAME? | AF788: #NAME? | AI788: #NAME? | AJ788: #NAME? | AK788: #NAME? | AL788: #NAME? | AU788: #NAME? | AV788: #NAME? | AW788: #NAME? | AX788: #NAME? | BC788: #NAME? | BD788: #NAME? | BE788: #NAME? | BF788: #NAME? | BI788: #NAME? | BJ788: #NAME? | BK788: #NAME? | BL788: #NAME? | BO788: #NAME? | BP788: #NAME?
A789: #NAME? | B789: #NAME? | E789: #NAME? | F789: #NAME? | G789: #NAME? | H789: #NAME? | K789: #NAME? | L789: #NAME? | W789: #NAME? | X789: #NAME? | Y789: #NAME? | Z789: #NAME? | AC789: #NAME? | AD789: #NAME? | AE789: #NAME? | AF789: #NAME? | AI789: #NAME? | AJ789: #NAME? | AK789: #NAME? | AL789: #NAME? | AU789: #NAME? | AV789: #NAME? | AW789: #NAME? | AX789: #NAME? | BC789: #NAME? | BD789: #NAME? | BE789: #NAME? | BF789: #NAME? | BI789: #NAME? | BJ789: #NAME? | BK789: #NAME? | BL789: #NAME? | BO789: #NAME? | BP789: #NAME?
A790: #NAME? | B790: #NAME? | E790: #NAME? | F790: #NAME? | G790: #NAME? | H790: #NAME? | K790: #NAME? | L790: #NAME? | W790: #NAME? | X790: #NAME? | Y790: #NAME? | Z790: #NAME? | AC790: #NAME? | AD790: #NAME? | AE790: #NAME? | AF790: #NAME? | AI790: #NAME? | AJ790: #NAME? | AK790: #NAME? | AL790: #NAME? | AU790: #NAME? | AV790: #NAME? | AW790: #NAME? | AX790: #NAME? | BC790: #NAME? | BD790: #NAME? | BE790: #NAME? | BF790: #NAME? | BI790: #NAME? | BJ790: #NAME? | BK790: #NAME? | BL790: #NAME? | BO790: #NAME? | BP790: #NAME?
A791: #NAME? | B791: #NAME? | E791: #NAME? | F791: #NAME? | G791: #NAME? | H791: #NAME? | K791: #NAME? | L791: #NAME? | W791: #NAME? | X791: #NAME? | Y791: #NAME? | Z791: #NAME? | AC791: #NAME? | AD791: #NAME? | AE791: #NAME? | AF791: #NAME? | AI791: #NAME? | AJ791: #NAME? | AK791: #NAME? | AL791: #NAME? | AU791: #NAME? | AV791: #NAME? | AW791: #NAME? | AX791: #NAME? | BC791: #NAME? | BD791: #NAME? | BE791: #NAME? | BF791: #NAME? | BI791: #NAME? | BJ791: #NAME? | BK791: #NAME? | BL791: #NAME? | BO791: #NAME? | BP791: #NAME?
A792: #NAME? | B792: #NAME? | E792: #NAME? | F792: #NAME? | G792: #NAME? | H792: #NAME? | K792: #NAME? | L792: #NAME? | W792: #NAME? | X792: #NAME? | Y792: #NAME? | Z792: #NAME? | AC792: #NAME? | AD792: #NAME? | AE792: #NAME? | AF792: #NAME? | AI792: #NAME? | AJ792: #NAME? | AK792: #NAME? | AL792: #NAME? | AU792: #NAME? | AV792: #NAME? | AW792: #NAME? | AX792: #NAME? | BC792: #NAME? | BD792: #NAME? | BE792: #NAME? | BF792: #NAME? | BI792: #NAME? | BJ792: #NAME? | BK792: #NAME? | BL792: #NAME? | BO792: #NAME? | BP792: #NAME?
A793: #NAME? | B793: #NAME? | E793: #NAME? | F793: #NAME? | G793: #NAME? | H793: #NAME? | K793: #NAME? | L793: #NAME? | W793: #NAME? | X793: #NAME? | Y793: #NAME? | Z793: #NAME? | AC793: #NAME? | AD793: #NAME? | AE793: #NAME? | AF793: #NAME? | AI793: #NAME? | AJ793: #NAME? | AK793: #NAME? | AL793: #NAME? | AU793: #NAME? | AV793: #NAME? | AW793: #NAME? | AX793: #NAME? | BC793: #NAME? | BD793: #NAME? | BE793: #NAME? | BF793: #NAME? | BI793: #NAME? | BJ793: #NAME? | BK793: #NAME? | BL793: #NAME? | BO793: #NAME? | BP793: #NAME?
...

Sheet Sheet2
B1: AcidPlantGasFlowrate_0_0 | D1: AmbientTemp_0_0 | F1: CircFlow_1_0 | H1: CircFlow_2_0 | J1: CircPress_1_0 | L1: CircPress_2_0 | N1: CircPump_1_1 | P1: CircPump_2_1 | R1: CircPumpCommon_0_1 | T1: ConvertorMode_0_0 | V1: ExpansionTankLevel_1_0 | X1: ExpansionTankLevel_2_0 | Z1: FuelCoalCarrierAir_0_0 | AB1: FurnaceSuctionPress_1_0 | AD1: FurnaceSuctionPress_2_0 | AF1: LanceAir_0_0 | AH1: LanceCoal_0_0 | AJ1: LanceCoalLoss_0_0 | AL1: LanceOxygen_0_0 | AN1: MakeUpPump005_0_1 | AP1: MakeUpPump012_0_1 | AR1: MakeupPump30 | AT1: MakeupPump60 | AV1: MatteCarrierAir_0_0 | AX1: MatteFeed_0_0 | AZ1: Moisture | BB1: Moisture_0_0 | BD1: RoofCoalCarrierAir_0_0 | BF1: RoofCoalLoss_0_0 | BH1: Run | BJ1: ShroudAir_0_0 | BL1: ShroudOxygen_0_0 | BN1: SprayCoolerInletTemp_1_0 | BP1: SprayCoolerInletTemp_2_0 | BR1: StandbyCoalLoss_0_0
A2: 45240 | B2: 14348.011 | C2: 45240.299 | D2: 29.386612 | E2: 45240 | F2: 40.881302 | G2: 45240 | H2: 1625.1456 | I2: 45240.001 | J2: 0.55070364 | K2: 45240 | L2: 54.698093 | S2: 45240.044 | T2: 8 | U2: 45240.001 | V2: 2.1019135 | W2: 45240 | X2: 52.33017 | Y2: 45240 | Z2: 596.87073 | AC2: 45240 | AD2: -5.1685333 | AE2: 45240 | AF2: 10384.734 | AG2: 45240.017 | AH2: 1.5074257 | AI2: 45240.001 | AJ2: 1.4603508 | AK2: 45240 | AL2: 5929.647 | AM2: 45240.141 | AN2: OFF | AO2: 45240.06 | AP2: OFF | AQ2: 45240.06 | AR2: 0 | AS2: 45240.06 | AT2: 0 | AU2: 45240 | AV2: 3477.2849 | AW2: 45240 | AX2: 30.074842 | AY2: 45240 | AZ2: 9.5926733 | BC2: 45240 | BD2: 340.10626 | BE2: 45240 | BF2: 2.1406877 | BG2: 45240.101 | BH2: 1 | BI2: 45240 | BJ2: 7591.8335 | BK2: 45240 | BL2: 1661.9187 | BM2: 45240.001 | BN2: 27.672453 | BO2: 45240 | BP2: 547.53827
A3: 45240 | B3: 14801.294 | C3: 45240.299 | D3: 29.452488 | E3: 45240 | F3: 41.740501 | G3: 45240 | H3: 1623.3149 | I3: 45240.009 | J3: 0.54844695 | K3: 45240 | L3: 54.709835 | S3: 45240.044 | T3: 7 | U3: 45240.001 | V3: 2.1313629 | W3: 45240 | X3: 52.454296 | Y3: 45240 | Z3: 592.3089 | AC3: 45240 | AD3: -5.9040985 | AE3: 45240 | AF3: 10390.223 | AG3: 45240.045 | AH3: 1.5302174 | AI3: 45240.001 | AJ3: 1.5061415 | AK3: 45240 | AL3: 5907.3706 | AM3: 45240.141 | AN3: ON | AO3: 45240.06 | AP3: ON | AQ3: 45240.063 | AR3: 5 | AS3: 45240.063 | AT3: 5 | AU3: 45240 | AV3: 3486.0142 | AW3: 45240 | AX3: 30.183401 | AY3: 45240.001 | AZ3: 9.692523 | BC3: 45240 | BD3: 342.66269 | BE3: 45240.001 | BF3: 2.1576047 | BG3: 45240.435 | BH3: 1 | BI3: 45240 | BJ3: 7414.1909 | BK3: 45240 | BL3: 1649.0551 | BM3: 45240.001 | BN3: 26.732183 | BO3: 45240 | BP3: 549.13525
A4: 45240 | B4: 14628.323 | C4: 45240.3 | D4: 29.416073 | E4: 45240 | F4: 41.564644 | G4: 45240 | H4: 1620.4961 | I4: 45240.01 | J4: 0.55572581 | K4: 45240.001 | L4: 54.681694 | S4: 45240.044 | T4: 6 | U4: 45240.001 | V4: 2.2835591 | W4: 45240 | X4: 52.61467 | Y4: 45240 | Z4: 589.763 | AC4: 45240 | AD4: -5.7256775 | AE4: 45240 | AF4: 10404.687 | AG4: 45240.045 | AH4: 1.6404808 | AI4: 45240.001 | AJ4: 1.5450644 | AK4: 45240 | AL4: 5973.0923 | AM4: 45240.143 | AN4: OFF | AO4: 45240.064 | AP4: OFF | AQ4: 45240.101 | AR4: 5 | AS4: 45240.101 | AT4: 5 | AU4: 45240 | AV4: 3497.0491 | AW4: 45240.002 | AX4: 30.177145 | AY4: 45240.001 | AZ4: 9.3962574 | BC4: 45240 | BD4: 341.12189 | BE4: 45240.001 | BF4: 2.1856918 | BG4: 45240.504 | BH4: 1 | BI4: 45240 | BJ4: 7663.6201 | BK4: 45240 | BL4: 1555.0061 | BM4: 45240.002 | BN4: 27.740488 | BO4: 45240 | BP4: 549.87183
A5: 45240 | B5: 15332.117 | C5: 45240.3 | D5: 29.426487 | E5: 45240.001 | F5: 41.113266 | G5: 45240 | H5: 1628.6284 | I5: 45240.01 | J5: 0.53514707 | K5: 45240.001 | L5: 54.658901 | S5: 45240.045 | T5: 7 | U5: 45240.002 | V5: 2.3563564 | W5: 45240 | X5: 52.69873 | Y5: 45240 | Z5: 487.93323 | AC5: 45240 | AD5: -5.8446655 | AE5: 45240 | AF5: 10370.476 | AG5: 45240.045 | AH5: 1.7929218 | AI5: 45240.001 | AJ5: 1.58606 | AK5: 45240 | AL5: 5971.2646 | AO5: 45240.286 | AP5: ON | AQ5: 45240.105 | AR5: 0 | AS5: 45240.105 | AT5: 0 | AU5: 45240 | AV5: 3493.5642 | AW5: 45240.002 | AX5: 30.223078 | AY5: 45240.002 | AZ5: 8.4661913 | BC5: 45240 | BD5: 336.86945 | BE5: 45240.001 | BF5: 2.1964061 | BI5: 45240 | BJ5: 7768.0127 | BK5: 45240 | BL5: 1611.1641 | BM5: 45240.002 | BN5: 27.672827 | BO5: 45240.001 | BP5: 551.93726
A6: 45240.001 | B6: 15156.725 | C6: 45240.3 | D6: 29.53373 | E6: 45240.001 | F6: 42.144939 | G6: 45240.001 | H6: 1630.6984 | I6: 45240.011 | J6: 0.54914498 | K6: 45240.002 | L6: 54.621773 | S6: 45240.156 | T6: 8 | U6: 45240.002 | V6: 2.3605168 | W6: 45240 | X6: 52.824432 | Y6: 45240.001 | Z6: 508.79248 | AC6: 45240.001 | AD6: -6.083786 | AE6: 45240.001 | AF6: 10402.534 | AG6: 45240.045 | AH6: 1.9282348 | AI6: 45240.001 | AJ6: 1.6208632 | AK6: 45240.001 | AL6: 5982.6758 | AO6: 45240.289 | AP6: OFF | AQ6: 45240.141 | AR6: 0 | AS6: 45240.141 | AT6: 0 | AU6: 45240.001 | AV6: 3486.8208 | AW6: 45240.002 | AX6: 30.098087 | AY6: 45240.003 | AZ6: 8.8338652 | BC6: 45240 | BD6: 338.45016 | BE6: 45240.001 | BF6: 2.2786078 | BI6: 45240.001 | BJ6: 7451.958 | BK6: 45240.001 | BL6: 1672.5087 | BM6: 45240.002 | BN6: 26.797754 | BO6: 45240.001 | BP6: 551.85815
A7: 45240.001 | B7: 14363.662 | C7: 45240.3 | D7: 29.472736 | E7: 45240.001 | F7: 42.276981 | G7: 45240.001 | H7: 1616.75 | I7: 45240.019 | J7: 0.55193788 | K7: 45240.002 | L7: 54.664352 | U7: 45240.002 | V7: 2.2977219 | W7: 45240.001 | X7: 52.858826 | Y7: 45240.001 | Z7: 526.37256 | AC7: 45240.001 | AD7: -5.7758789 | AE7: 45240.001 | AF7: 10357.283 | AG7: 45240.046 | AH7: 2.0464196 | AI7: 45240.001 | AJ7: 1.6504465 | AK7: 45240.001 | AL7: 6057.7959 | AQ7: 45240.142 | AR7: 2 | AS7: 45240.142 | AT7: 2 | AU7: 45240.001 | AV7: 3469.8069 | AW7: 45240.002 | AX7: 29.96558 | AY7: 45240.003 | AZ7: 8.7613707 | BC7: 45240.001 | BD7: 338.98602 | BE7: 45240.001 | BF7: 2.3054237 | BI7: 45240.001 | BJ7: 7901.6323 | BK7: 45240.001 | BL7: 1619.2971 | BM7: 45240.002 | BN7: 27.629583 | BO7: 45240.001 | BP7: 552.91504
A8: 45240.001 | B8: 14657.224 | C8: 45240.3 | D8: 29.477757 | E8: 45240.001 | F8: 43.944923 | G8: 45240.001 | H8: 1620.1531 | I8: 45240.023 | J8: 0.54720098 | K8: 45240.002 | L8: 54.773895 | U8: 45240.011 | V8: 2.2568741 | W8: 45240.001 | X8: 52.84296 | Y8: 45240.001 | Z8: 539.19501 | AC8: 45240.001 | AD8: -5.823288 | AE8: 45240.001 | AF8: 10313.967 | AG8: 45240.046 | AH8: 2.1474767 | AI8: 45240.002 | AJ8: 1.6773633 | AK8: 45240.001 | AL8: 6057.064 | AQ8: 45240.183 | AR8: 2 | AS8: 45240.183 | AT8: 2 | AU8: 45240.001 | AV8: 3442.7229 | AW8: 45240.002 | AX8: 29.899935 | AY8: 45240.004 | AZ8: 8.2913418 | BC8: 45240.001 | BD8: 341.86096 | BE8: 45240.001 | BF8: 2.3261726 | BI8: 45240.001 | BJ8: 7389.4619 | BK8: 45240.001 | BL8: 1545.4073 | BM8: 45240.009 | BN8: 27.64039 | BO8: 45240.001 | BP8: 552.78918
A9: 45240.001 | B9: 15122.451 | C9: 45240.3 | D9: 29.535759 | E9: 45240.001 | F9: 46.108604 | G9: 45240.001 | H9: 1644.142 | I9: 45240.029 | J9: 0.54922831 | K9: 45240.003 | L9: 54.816315 | U9: 45240.011 | V9: 2.1267521 | W9: 45240.001 | X9: 53.027527 | Y9: 45240.001 | Z9: 548.33215 | AC9: 45240.001 | AD9: -5.3819809 | AE9: 45240.001 | AF9: 10334.26 | AG9: 45240.046 | AH9: 2.2314048 | AI9: 45240.002 | AJ9: 1.6556474 | AK9: 45240.001 | AL9: 6018.7632 | AQ9: 45240.184 | AR9: 0 | AS9: 45240.184 | AT9: 0 | AU9: 45240.001 | AV9: 3428.5891 | AW9: 45240.002 | AX9: 29.907438 | AY9: 45240.006 | AZ9: 8.455102 | BC9: 45240.001 | BD9: 338.37436 | BE9: 45240.002 | BF9: 2.3403759 | BI9: 45240.001 | BJ9: 7562.7793 | BK9: 45240.001 | BL9: 1658.7206 | BM9: 45240.009 | BN9: 26.772623 | BO9: 45240.001 | BP9: 553.61548
A10: 45240.001 | B10: 15147.959 | C10: 45240.3 | D10: 29.475731 | E10: 45240.001 | F10: 47.648746 | G10: 45240.001 | H10: 1634.9209 | I10: 45240.032 | J10: 0.54504102 | K10: 45240.003 | L10: 54.787086 | U10: 45240.013 | V10: 2.1225483 | W10: 45240.001 | X10: 53.038219 | Y10: 45240.001 | Z10: 553.80579 | AC10: 45240.001 | AD10: -5.7054367 | AE10: 45240.001 | AF10: 10262.372 | AG10: 45240.046 | AH10: 2.2982054 | AI10: 45240.002 | AJ10: 1.6253505 | AK10: 45240.001 | AL10: 6084.6401 | AQ10: 45240.286 | AR10: 0 | AS10: 45240.286 | AT10: 0 | AU10: 45240.001 | AV10: 3369.9504 | AW10: 45240.003 | AX10: 30.050961 | AY10: 45240.006 | AZ10: 9.5670691 | BC10: 45240.001 | BD10: 337.21725 | BE10: 45240.002 | BF10: 2.3471723 | BI10: 45240.001 | BJ10: 7453.8354 | BK10: 45240.001 | BL10: 1670.458 | BM10: 45240.009 | BN10: 27.626671 | BO10: 45240.002 | BP10: 557.47192
A11: 45240.001 | B11: 15338.5 | C11: 45240.301 | D11: 29.512253 | E11: 45240.001 | F11: 48.114239 | G11: 45240.001 | H11: 1617.6741 | I11: 45240.033 | J11: 0.55708098 | K11: 45240.003 | L11: 54.565563 | U11: 45240.014 | V11: 2.2218323 | W11: 45240.001 | X11: 53.01445 | Y11: 45240.001 | Z11: 557.93134 | AC11: 45240.001 | AD11: -6.2718964 | AE11: 45240.001 | AF11: 10341.754 | AG11: 45240.046 | AH11: 2.3478768 | AI11: 45240.002 | AJ11: 1.5977845 | AK11: 45240.001 | AL11: 6114.7324 | AQ11: 45240.289 | AR11: 4 | AS11: 45240.289 | AT11: 4 | AU11: 45240.001 | AV11: 3351.7212 | AW11: 45240.003 | AX11: 30.625048 | AY11: 45240.007 | AZ11: 8.1282539 | BC11: 45240.001 | BD11: 336.40338 | BE11: 45240.004 | BF11: 2.3207846 | BI11: 45240.001 | BJ11: 7632.9688 | BK11: 45240.001 | BL11: 1577.2155 | BM11: 45240.011 | BN11: 27.61117 | BO11: 45240.002 | BP11: 554.26514
A12: 45240.001 | B12: 16106.104 | C12: 45240.301 | D12: 29.469406 | E12: 45240.002 | F12: 51.121574 | G12: 45240.001 | H12: 1652.4133 | I12: 45240.033 | J12: 0.55061066 | K12: 45240.003 | L12: 54.411072 | U12: 45240.015 | V12: 2.2464497 | W12: 45240.001 | X12: 52.905396 | Y12: 45240.001 | Z12: 560.7677 | AC12: 45240.001 | AD12: -6.0188141 | AE12: 45240.001 | AF12: 10311.414 | AG12: 45240.046 | AH12: 2.3804209 | AI12: 45240.002 | AJ12: 1.5764561 | AK12: 45240.001 | AL12: 6073.6138 | AQ12: 45240.328 | AR12: 4 | AS12: 45240.328 | AT12: 4 | AU12: 45240.001 | AV12: 3348.6548 | AW12: 45240.003 | AX12: 30.912092 | AY12: 45240.009 | AZ12: 7.5173488 | BC12: 45240.001 | BD12: 335.46802 | BE12: 45240.004 | BF12: 2.259419 | BI12: 45240.001 | BJ12: 7764.6782 | BK12: 45240.001 | BL12: 1621.7726 | BM12: 45240.011 | BN12: 26.763641 | BO12: 45240.002 | BP12: 546.22766
A13: 45240.001 | B13: 15073.508 | C13: 45240.301 | D13: 29.476406 | E13: 45240.002 | F13: 51.386711 | G13: 45240.001 | H13: 1618.3871 | I13: 45240.037 | J13: 0.55376023 | K13: 45240.004 | L13: 54.411991 | U13: 45240.016 | V13: 2.1676865 | W13: 45240.001 | X13: 52.684048 | Y13: 45240.001 | Z13: 561.5105 | AC13: 45240.001 | AD13: -6.5590286 | AE13: 45240.001 | AF13: 10287.591 | AG13: 45240.046 | AH13: 2.3960495 | AI13: 45240.002 | AJ13: 1.5479635 | AK13: 45240.001 | AL13: 6032.0742 | AQ13: 45240.331 | AR13: 0 | AS13: 45240.331 | AT13: 0 | AU13: 45240.001 | AV13: 3378.7983 | AW13: 45240.003 | AX13: 31.199133 | AY13: 45240.01 | AZ13: 8.0160236 | BC13: 45240.001 | BD13: 335.88504 | BE13: 45240.004 | BF13: 2.2072577 | BI13: 45240.001 | BJ13: 7637.1045 | BK13: 45240.001 | BL13: 1664.386 | BM13: 45240.011 | BN13: 27.633995 | BO13: 45240.002 | BP13: 545.81378
A14: 45240.002 | B14: 15799.521 | C14: 45240.301 | D14: 29.40435 | E14: 45240.002 | F14: 53.360096 | G14: 45240.001 | H14: 1617.6415 | I14: 45240.04 | J14: 0.55528742 | K14: 45240.004 | L14: 54.429993 | U14: 45240.016 | V14: 2.3019154 | W14: 45240.001 | X14: 52.686722 | Y14: 45240.001 | Z14: 562.73816 | AC14: 45240.002 | AD14: -7.1222153 | AE14: 45240.001 | AF14: 10252.766 | AG14: 45240.047 | AH14: 2.3788271 | AI14: 45240.002 | AJ14: 1.5373182 | AK14: 45240.001 | AL14: 6081.9634 | AQ14: 45240.504 | AR14: 0 | AS14: 45240.504 | AT14: 0 | AU14: 45240.001 | AV14: 3360.7942 | AW14: 45240.003 | AX14: 31.342653 | AY14: 45240.01 | AZ14: 7.899085 | BC14: 45240.002 | BD14: 335.10822 | BE14: 45240.004 | BF14: 2.1645856 | BI14: 45240.001 | BJ14: 7594.7324 | BK14: 45240.001 | BL14: 1671.9598 | BM14: 45240.012 | BN14: 27.629469 | BO14: 45240.002 | BP14: 552.07635
A15: 45240.002 | B15: 15591.847 | C15: 45240.303 | D15: 29.465309 | E15: 45240.002 | F15: 53.078461 | G15: 45240.002 | H15: 1639.1191 | I15: 45240.045 | J15: 0.54902035 | K15: 45240.004 | L15: 54.524487 | U15: 45240.021 | V15: 2.2915165 | W15: 45240.002 | X15: 52.465073 | Y15: 45240.002 | Z15: 562.78052 | AC15: 45240.002 | AD15: -8.0622406 | AE15: 45240.002 | AF15: 10314.491 | AG15: 45240.048 | AH15: 2.3952267 | AI15: 45240.002 | AJ15: 1.5350976 | AK15: 45240.002 | AL15: 6088.3242 | AU15: 45240.002 | AV15: 3324.7422 | AW15: 45240.003 | AX15: 31.916739 | AY15: 45240.011 | AZ15: 8.1344738 | BC15: 45240.002 | BD15: 335.29086 | BE15: 45240.004 | BF15: 2.1341927 | BI15: 45240.002 | BJ15: 7419.6294 | BK15: 45240.002 | BL15: 1581.5619 | BM15: 45240.012 | BN15: 26.781427 | BO15: 45240.002 | BP15: 553.15906
A16: 45240.002 | B16: 15479.974 | C16: 45240.303 | D16: 29.519077 | E16: 45240.003 | F16: 57.202648 | G16: 45240.002 | H16: 1646.8628 | I16: 45240.047 | J16: 0.5599395 | K16: 45240.004 | L16: 54.664722 | U16: 45240.024 | V16: 2.2653248 | W16: 45240.002 | X16: 52.144627 | Y16: 45240.002 | Z16: 564.90186 | AC16: 45240.002 | AD16: -8.5469131 | AE16: 45240.002 | AF16: 10264.761 | AG16: 45240.156 | AH16: 2.2993836 | AI16: 45240.007 | AJ16: 1.5309289 | AK16: 45240.002 | AL16: 6056.874 | AU16: 45240.002 | AV16: 3552.5457 | AW16: 45240.005 | AX16: 32 | AY16: 45240.012 | AZ16: 7.6644073 | BC16: 45240.002 | BD16: 341.63843 | BE16: 45240.005 | BF16: 2.1083579 | BI16: 45240.002 | BJ16: 7367.1567 | BK16: 45240.002 | BL16: 1595.1471 | BM16: 45240.012 | BN16: 27.58094 | BO16: 45240.003 | BP16: 553.63989
A17: 45240.002 | B17: 15410.776 | C17: 45240.304 | D17: 29.516975 | E17: 45240.003 | F17: 58.182213 | G17: 45240.002 | H17: 1622.6606 | I17: 45240.047 | J17: 0.5416649 | K17: 45240.004 | L17: 54.743561 | U17: 45240.026 | V17: 2.2206268 | W17: 45240.002 | X17: 51.96701 | Y17: 45240.002 | Z17: 465.70218 | AC17: 45240.002 | AD17: -7.2513428 | AE17: 45240.002 | AF17: 10392.941 | AG17: 45240.156 | AH17: 2.1379738 | AI17: 45240.007 | AJ17: 1.5178701 | AK17: 45240.002 | AL17: 6123.0112 | AU17: 45240.002 | AV17: 3821.9353 | AW17: 45240.005 | AX17: 31.39238 | AY17: 45240.013 | AZ17: 7.0364814 | BC17: 45240.002 | BD17: 342.89804 | BE17: 45240.005 | BF17: 2.1076438 | BI17: 45240.002 | BJ17: 7495.4004 | BK17: 45240.002 | BL17: 1633.8655 | BM17: 45240.013 | BN17: 27.662621 | BO17: 45240.003 | BP17: 552.18628
A18: 45240.002 | B18: 14849.963 | C18: 45240.304 | D18: 29.55341 | E18: 45240.003 | F18: 60.037132 | G18: 45240.002 | H18: 1623.6056 | I18: 45240.048 | J18: 0.56089544 | K18: 45240.005 | L18: 54.780357 | U18: 45240.026 | V18: 2.1551921 | W18: 45240.002 | X18: 51.955929 | Y18: 45240.002 | Z18: 488.43164 | AC18: 45240.002 | AD18: -5.3417892 | AE18: 45240.002 | AF18: 10215.825 | AG18: 45240.156 | AH18: 1.9986989 | AI18: 45240.007 | AJ18: 1.512991 | AK18: 45240.002 | AL18: 6161.7866 | AU18: 45240.002 | AV18: 2219.427 | AW18: 45240.005 | AX18: 31.084986 | AY18: 45240.014 | AZ18: 7.0249271 | BC18: 45240.002 | BD18: 342.1095 | BE18: 45240.005 | BF18: 2.1093807 | BI18: 45240.002 | BJ18: 10239.633 | BK18: 45240.002 | BL18: 1681.26 | BM18: 45240.013 | BN18: 26.784597 | BO18: 45240.003 | BP18: 551.83264
A19: 45240.002 | B19: 15858.136 | C19: 45240.304 | D19: 29.499485 | E19: 45240.003 | F19: 56.083813 | G19: 45240.002 | H19: 1628.1113 | I19: 45240.05 | J19: 0.5550918 | K19: 45240.006 | L19: 54.717564 | U19: 45240.027 | V19: 2.3564861 | W19: 45240.002 | X19: 51.897533 | Y19: 45240.002 | Z19: 509.63388 | AC19: 45240.002 | AD19: -5.1005707 | AE19: 45240.002 | AF19: 10147.181 | AG19: 45240.156 | AH19: 1.8765724 | AI19: 45240.007 | AJ19: 1.5057349 | AK19: 45240.002 | AL19: 6110.4575 | AU19: 45240.002 | AV19: 840.06024 | AW19: 45240.005 | AX19: 29.954653 | AY19: 45240.015 | AZ19: 8.3214321 | BC19: 45240.002 | BD19: 346.77484 | BE19: 45240.005 | BF19: 2.0685422 | BI19: 45240.002 | BJ19: 7299.46 | BK19: 45240.002 | BL19: 1694.5674 | BM19: 45240.013 | BN19: 27.651018 | BO19: 45240.003 | BP19: 548.97827
A20: 45240.002 | B20: 15311.817 | C20: 45240.304 | D20: 29.513058 | E20: 45240.003 | F20: 56.411411 | G20: 45240.002 | H20: 1628.3732 | I20: 45240.056 | J20: 0.55404365 | K20: 45240.006 | L20: 54.6535 | U20: 45240.027 | V20: 2.2389297 | W20: 45240.002 | X20: 52.162445 | Y20: 45240.002 | Z20: 457.76071 | AC20: 45240.002 | AD20: -5.9374695 | AE20: 45240.002 | AF20: 10497.099 | AG20: 45240.156 | AH20: 1.7715946 | AI20: 45240.007 | AJ20: 1.4622825 | AK20: 45240.002 | AL20: 6110.9458 | AU20: 45240.002 | AV20: 3383.2334 | AW20: 45240.006 | AX20: 29.959278 | AY20: 45240.015 | AZ20: 7.5143752 | BC20: 45240.002 | BD20: 406.7048 | BE20: 45240.005 | BF20: 2.0365148 | BI20: 45240.002 | BJ20: 7150.4238 | BK20: 45240.002 | BL20: 1686.8275 | BM20: 45240.014 | BN20: 27.616808 | BO20: 45240.004 | BP20: 549.79126
A21: 45240.002 | B21: 15156.107 | C21: 45240.304 | D21: 29.497257 | E21: 45240.003 | F21: 55.942223 | G21: 45240.002 | H21: 1623.6024 | I21: 45240.059 | J21: 0.54649973 | K21: 45240.006 | L21: 54.605804 | U21: 45240.028 | V21: 2.1894023 | W21: 45240.002 | X21: 52.380764 | Y21: 45240.002 | Z21: 504.0795 | AC21: 45240.003 | AD21: -4.9684448 | AE21: 45240.002 | AF21: 10647.818 | AG21: 45240.156 | AH21: 1.6837658 | AI21: 45240.007 | AJ21: 1.4282054 | AK21: 45240.002 | AL21: 6228.3159 | AU21: 45240.002 | AV21: 4169.4575 | AW21: 45240.006 | AX21: 29.994827 | AY21: 45240.016 | AZ21: 8.2422132 | BC21: 45240.002 | BD21: 406.45816 | BE21: 45240.005 | BF21: 2.0198514 | BI21: 45240.002 | BJ21: 7391.1304 | BK21: 45240.002 | BL21: 1615.0707 | BM21: 45240.014 | BN21: 26.775049 | BO21: 45240.004 | BP21: 551.50348
A22: 45240.002 | B22: 14728.85 | C22: 45240.305 | D22: 29.524902 | E22: 45240.003 | F22: 56.006546 | G22: 45240.002 | H22: 1632.4967 | I22: 45240.06 | J22: 0.56004345 | K22: 45240.006 | L22: 54.583359 | U22: 45240.029 | V22: 2.1451442 | W22: 45240.002 | X22: 52.877304 | Y22: 45240.002 | Z22: 503.27451 | AC22: 45240.003 | AD22: -4.7487106 | AE22: 45240.002 | AF22: 10677.03 | AG22: 45240.156 | AH22: 1.6130848 | AI22: 45240.007 | AJ22: 1.3992391 | AK22: 45240.002 | AL22: 6242.8384 | AU22: 45240.002 | AV22: 4914.7681 | AW22: 45240.007 | AX22: 29.968502 | AY22: 45240.017 | AZ22: 8.2718477 | BC22: 45240.002 | BD22: 411.43503 | BE22: 45240.005 | BF22: 2.0281503 | BI22: 45240.003 | BJ22: 7474.5352 | BK22: 45240.002 | BL22: 1583.4026 | BM22: 45240.014 | BN22: 27.620234 | BO22: 45240.004 | BP22: 553.01868
A23: 45240.003 | B23: 14714.325 | C23: 45240.305 | D23: 29.506645 | E23: 45240.004 | F23: 57.045498 | G23: 45240.003 | H23: 1624.9615 | I23: 45240.061 | J23: 0.54091394 | K23: 45240.007 | L23: 54.679363 | U23: 45240.029 | V23: 2.376704 | W23: 45240.002 | X23: 52.962784 | Y23: 45240.003 | Z23: 472.81619 | AC23: 45240.003 | AD23: -5.2218475 | AE23: 45240.003 | AF23: 10750.411 | AG23: 45240.156 | AH23: 1.5595521 | AI23: 45240.007 | AJ23: 1.4013187 | AK23: 45240.003 | AL23: 6185.3101 | AU23: 45240.003 | AV23: 4818.3628 | AW23: 45240.007 | AX23: 29.941195 | AY23: 45240.018 | AZ23: 7.867559 | BC23: 45240.003 | BD23: 367.03079 | BE23: 45240.005 | BF23: 2.0346582 | BI23: 45240.003 | BJ23: 7551.0508 | BK23: 45240.003 | BL23: 1545.6213 | BM23: 45240.016 | BN23: 27.597305 | BO23: 45240.004 | BP23: 556.07495
A24: 45240.003 | B24: 15235.731 | C24: 45240.305 | D24: 29.590832 | E24: 45240.004 | F24: 56.573662 | G24: 45240.003 | H24: 1625.8472 | I24: 45240.063 | J24: 0.55688453 | K24: 45240.007 | L24: 54.670731 | U24: 45240.03 | V24: 2.4368947 | W24: 45240.003 | X24: 52.915787 | Y24: 45240.003 | Z24: 463.46445 | AC24: 45240.003 | AD24: -5.3686142 | AE24: 45240.003 | AF24: 10778.493 | AG24: 45240.157 | AH24: 1.5231659 | AI24: 45240.008 | AJ24: 1.4272884 | AK24: 45240.003 | AL24: 6131.4526 | AU24: 45240.003 | AV24: 4535.1348 | AW24: 45240.008 | AX24: 29.908335 | AY24: 45240.019 | AZ24: 7.2415981 | BC24: 45240.003 | BD24: 213.06801 | BE24: 45240.008 | BF24: 2.0285358 | BI24: 45240.003 | BJ24: 7971.9976 | BK24: 45240.003 | BL24: 1612.1499 | BM24: 45240.016 | BN24: 26.819601 | BO24: 45240.004 | BP24: 556.84692
A25: 45240.003 | B25: 14283.817 | C25: 45240.305 | D25: 29.56871 | E25: 45240.004 | F25: 57.613979 | G25: 45240.003 | H25: 1621.8602 | I25: 45240.063 | J25: 0.54953969 | K25: 45240.007 | L25: 54.594936 | U25: 45240.03 | V25: 2.3283947 | W25: 45240.003 | X25: 53.095348 | Y25: 45240.003 | Z25: 472.85556 | AC25: 45240.003 | AD25: -6.0830917 | AE25: 45240.003 | AF25: 10720.001 | AG25: 45240.157 | AH25: 1.503926 | AI25: 45240.008 | AJ25: 1.4493632 | AK25: 45240.003 | AL25: 6144.7656 | AU25: 45240.003 | AV25: 4578.5508 | AW25: 45240.008 | AX25: 29.787851 | AY25: 45240.02 | AZ25: 7.5116248 | BC25: 45240.003 | BD25: 211.97292 | BE25: 45240.008 | BF25: 2.0159161 | BI25: 45240.003 | BJ25: 7492.0244 | BK25: 45240.003 | BL25: 1645.7505 | BM25: 45240.016 | BN25: 27.588028 | BO25: 45240.004 | BP25: 556.24243
A26: 45240.003 | B26: 14693.083 | C26: 45240.307 | D26: 29.793686 | E26: 45240.004 | F26: 56.599606 | G26: 45240.003 | H26: 1623.1046 | I26: 45240.07 | J26: 0.54906088 | K26: 45240.008 | L26: 54.558636 | U26: 45240.039 | V26: 2.3053944 | W26: 45240.003 | X26: 52.953838 | Y26: 45240.003 | Z26: 478.77682 | AC26: 45240.003 | AD26: -5.4275436 | AE26: 45240.003 | AF26: 10715.538 | AG26: 45240.23 | AH26: 1.487462 | AI26: 45240.008 | AJ26: 1.4694482 | AK26: 45240.003 | AL26: 6115.708 | AU26: 45240.003 | AV26: 4382.4355 | AW26: 45240.01 | AX26: 29.808428 | AY26: 45240.021 | AZ26: 8.2475605 | BC26: 45240.003 | BD26: 211.39766 | BE26: 45240.008 | BF26: 2.0165234 | BI26: 45240.003 | BJ26: 8056.9258 | BK26: 45240.003 | BL26: 1663.8284 | BM26: 45240.017 | BN26: 27.690695 | BO26: 45240.004 | BP26: 554.81604
... A91: 45240.011 | B91: 14972.148 | C91: 45240.4 | D91: 32.05278 | E91: 45240.016 | F91: 39.471863 | G91: 45240.011 | H91: 1625.0521 | I91: 45240.275 | J91: 0.55319738 | K91: 45240.026 | L91: 54.144943 | U91: 45240.152 | V91: 2.2728145 | W91: 45240.011 | X91: 50.25848 | Y91: 45240.01 | Z91: 576.1734 | AC91: 45240.011 | AD91: -6.381073 | AE91: 45240.01 | AF91: 10464.962 | AG91: 45240.506 | AH91: 0.79967999 | AI91: 45240.025 | AJ91: 1.6188385 | AK91: 45240.01 | AL91: 5971.3433 | AU91: 45240.01 | AV91: 3391.9897 | AW91: 45240.028 | AX91: 29.530531 | AY91: 45240.081 | AZ91: 11.227448 | BC91: 45240.011 | BD91: 339.5726 | BE91: 45240.027 | BF91: 1.9266212 | BI91: 45240.01 | BJ91: 7516.1753 | BK91: 45240.01 | BL91: 1641.7985 | BM91: 45240.06 | BN91: 26.639765 | BO91: 45240.014 | BP91: 544.63586
A92: 45240.011 | B92: 14669.378 | C92: 45240.401 | D92: 32.011299 | E92: 45240.016 | F92: 40.017746 | G92: 45240.011 | H92: 1629.9629 | I92: 45240.278 | J92: 0.54486012 | K92: 45240.026 | L92: 54.107437 | U92: 45240.152 | V92: 2.3156636 | W92: 45240.011 | X92: 50.317883 | Y92: 45240.01 | Z92: 576.07562 | AC92: 45240.011 | AD92: -6.3192215 | AE92: 45240.011 | AF92: 10597.8 | AI92: 45240.025 | AJ92: 1.5745404 | AK92: 45240.01 | AL92: 5963.9268 | AU92: 45240.01 | AV92: 3403.2004 | AW92: 45240.028 | AX92: 29.603485 | AY92: 45240.082 | AZ92: 10.887649 | BC92: 45240.011 | BD92: 339.11557 | BE92: 45240.027 | BF92: 1.9043356 | BI92: 45240.011 | BJ92: 7444.144 | BK92: 45240.01 | BL92: 1563.083 | BM92: 45240.06 | BN92: 27.572914 | BO92: 45240.014 | BP92: 545.05432
A93: 45240.011 | B93: 13919.107 | C93: 45240.401 | D93: 32.030205 | E93: 45240.016 | F93: 38.373947 | G93: 45240.011 | H93: 1623.6366 | I93: 45240.279 | J93: 0.53941023 | K93: 45240.027 | L93: 54.036171 | U93: 45240.152 | V93: 2.455518 | W93: 45240.011 | X93: 50.641308 | Y93: 45240.011 | Z93: 576.49847 | AC93: 45240.012 | AD93: -6.3052139 | AE93: 45240.011 | AF93: 10546.453 | AI93: 45240.025 | AJ93: 1.5593483 | AK93: 45240.011 | AL93: 5965.0967 | AU93: 45240.011 | AV93: 3409.1711 | AW93: 45240.028 | AX93: 29.798662 | AY93: 45240.085 | AZ93: 10.363415 | BC93: 45240.011 | BD93: 344.29025 | BE93: 45240.027 | BF93: 1.9365382 | BI93: 45240.011 | BJ93: 7469.1377 | BK93: 45240.011 | BL93: 1620.668 | BM93: 45240.061 | BN93: 27.512045 | BO93: 45240.014 | BP93: 546.02051
A94: 45240.011 | B94: 14307.326 | C94: 45240.401 | D94: 31.986324 | E94: 45240.016 | F94: 37.872707 | G94: 45240.011 | H94: 1634.1982 | I94: 45240.283 | J94: 0.53458977 | K94: 45240.027 | L94: 54.024822 | U94: 45240.152 | V94: 2.4920933 | W94: 45240.011 | X94: 50.837238 | Y94: 45240.011 | Z94: 574.9989 | AC94: 45240.012 | AD94: -5.4771347 | AE94: 45240.011 | AF94: 10591.73 | AI94: 45240.025 | AJ94: 1.5748475 | AK94: 45240.011 | AL94: 5904.2393 | AU94: 45240.011 | AV94: 3419.7056 | AW94: 45240.028 | AX94: 29.866865 | AY94: 45240.085 | AZ94: 10.589593 | BC94: 45240.011 | BD94: 346.20258 | BE94: 45240.028 | BF94: 1.9750082 | BI94: 45240.011 | BJ94: 7342.2495 | BK94: 45240.011 | BL94: 1673.8356 | BM94: 45240.061 | BN94: 26.640669 | BO94: 45240.015 | BP94: 545.54883
A95: 45240.011 | B95: 14306.503 | C95: 45240.401 | D95: 32.074226 | E95: 45240.016 | F95: 38.470375 | G95: 45240.011 | H95: 1630.7072 | I95: 45240.287 | J95: 0.53379941 | K95: 45240.027 | L95: 54.048409 | U95: 45240.153 | V95: 2.3190384 | W95: 45240.011 | X95: 51.175678 | Y95: 45240.011 | Z95: 575.33966 | AC95: 45240.012 | AD95: -6.1442566 | AE95: 45240.011 | AF95: 10414.567 | AI95: 45240.025 | AJ95: 1.7203819 | AK95: 45240.011 | AL95: 5931.7339 | AU95: 45240.011 | AV95: 3442.6113 | AW95: 45240.028 | AX95: 29.946272 | AY95: 45240.086 | AZ95: 10.325251 | BC95: 45240.011 | BD95: 346.37091 | BE95: 45240.028 | BF95: 2.005748 | BI95: 45240.011 | BJ95: 7640.7642 | BK95: 45240.011 | BL95: 1654.3723 | BM95: 45240.061 | BN95: 27.43611 | BO95: 45240.015 | BP95: 548.25494
A96: 45240.011 | B96: 14188.091 | C96: 45240.402 | D96: 32.053909 | E96: 45240.016 | F96: 37.629364 | G96: 45240.011 | H96: 1629.5615 | I96: 45240.287 | J96: 0.54585582 | K96: 45240.027 | L96: 54.107948 | U96: 45240.155 | V96: 2.2907131 | W96: 45240.011 | X96: 51.414688 | Y96: 45240.011 | Z96: 578.11945 | AC96: 45240.012 | AD96: -6.4434738 | AE96: 45240.011 | AF96: 10414.429 | AI96: 45240.025 | AJ96: 1.786727 | AK96: 45240.011 | AL96: 5951.4771 | AU96: 45240.011 | AV96: 3468.874 | AW96: 45240.028 | AX96: 29.970217 | AY96: 45240.087 | AZ96: 9.7601061 | BC96: 45240.011 | BD96: 343.40311 | BE96: 45240.028 | BF96: 2.0330596 | BI96: 45240.011 | BJ96: 7731.2656 | BK96: 45240.011 | BL96: 1556.7139 | BM96: 45240.063 | BN96: 27.50843 | BO96: 45240.015 | BP96: 548.18872
A97: 45240.011 | B97: 13926.615 | C97: 45240.402 | D97: 31.99538 | E97: 45240.017 | F97: 35.14539 | G97: 45240.011 | H97: 1623.2424 | I97: 45240.29 | J97: 0.54622704 | K97: 45240.028 | L97: 54.224815 | U97: 45240.162 | V97: 2.3171234 | W97: 45240.011 | X97: 51.925888 | Y97: 45240.011 | Z97: 578.61505 | AC97: 45240.012 | AD97: -6.1576004 | AE97: 45240.011 | AF97: 10384.608 | AI97: 45240.028 | AJ97: 1.744241 | AK97: 45240.011 | AL97: 5905.5283 | AU97: 45240.011 | AV97: 3480.2515 | AW97: 45240.029 | AX97: 29.932795 | AY97: 45240.088 | AZ97: 10.604075 | BC97: 45240.011 | BD97: 340.97809 | BE97: 45240.028 | BF97: 2.057909 | BI97: 45240.011 | BJ97: 7757.7563 | BK97: 45240.011 | BL97: 1604.0813 | BM97: 45240.063 | BN97: 26.608826 | BO97: 45240.015 | BP97: 550.35248
A98: 45240.012 | B98: 14318.305 | C98: 45240.402 | D98: 32.067467 | E98: 45240.017 | F98: 33.489197 | G98: 45240.012 | H98: 1630.7239 | I98: 45240.293 | J98: 0.54287189 | K98: 45240.028 | L98: 54.304516 | U98: 45240.165 | V98: 2.2894924 | W98: 45240.012 | X98: 52.136856 | Y98: 45240.011 | Z98: 581.34375 | AC98: 45240.012 | AD98: -6.3117676 | AE98: 45240.011 | AF98: 10523.839 | AI98: 45240.028 | AJ98: 1.708127 | AK98: 45240.011 | AL98: 5840.9883 | AU98: 45240.011 | AV98: 3493.3643 | AW98: 45240.029 | AX98: 29.857946 | AY98: 45240.088 | AZ98: 11.221933 | BC98: 45240.012 | BD98: 343.0752 | BE98: 45240.028 | BF98: 2.0581393 | BI98: 45240.011 | BJ98: 7380.2939 | BK98: 45240.011 | BL98: 1648.3728 | BM98: 45240.063 | BN98: 27.51796 | BO98: 45240.015 | BP98: 549.55072
A99: 45240.012 | B99: 14192.393 | C99: 45240.402 | D99: 32.05526 | E99: 45240.017 | F99: 34.03949 | G99: 45240.012 | H99: 1626.3359 | I99: 45240.295 | J99: 0.55433679 | K99: 45240.028 | L99: 54.356834 | U99: 45240.166 | V99: 2.3816071 | W99: 45240.012 | X99: 52.599483 | Y99: 45240.011 | Z99: 579.38214 | AC99: 45240.012 | AD99: -5.8529129 | AE99: 45240.011 | AF99: 10611.07 | AI99: 45240.028 | AJ99: 1.6774296 | AK99: 45240.011 | AL99: 5834.1084 | AU99: 45240.011 | AV99: 3488.4192 | AW99: 45240.03 | AX99: 29.7831 | AY99: 45240.089 | AZ99: 10.598577 | BC99: 45240.012 | BD99: 339.32251 | BE99: 45240.028 | BF99: 2.0376182 | BI99: 45240.011 | BJ99: 7666.3916 | BK99: 45240.011 | BL99: 1681.7168 | BM99: 45240.063 | BN99: 27.449638 | BO99: 45240.015 | BP99: 549.29199
A100: 45240.012 | B100: 14184.896 | C100: 45240.402 | D100: 32.105347 | E100: 45240.017 | F100: 30.86694 | G100: 45240.012 | H100: 1631.3285 | I100: 45240.296 | J100: 0.53393406 | K100: 45240.028 | L100: 54.376724 | U100: 45240.166 | V100: 2.4607213 | W100: 45240.012 | X100: 52.598499 | Y100: 45240.011 | Z100: 581.00067 | AC100: 45240.012 | AD100: -6.2179489 | AE100: 45240.012 | AF100: 10699.011 | AI100: 45240.028 | AJ100: 1.6516399 | AK100: 45240.011 | AL100: 5741.6411 | AU100: 45240.011 | AV100: 3481.4463 | AW100: 45240.03 | AX100: 29.708254 | AY100: 45240.09 | AZ100: 10.347081 | BC100: 45240.012 | BD100: 341.5899 | BE100: 45240.028 | BF100: 2.0305717 | BI100: 45240.012 | BJ100: 7633.3379 | BK100: 45240.011 | BL100: 1611.7019 | BM100: 45240.064 | BN100: 26.677658 | BO100: 45240.015 | BP100: 549.86688
A101: 45240.012 | B101: 14418.917 | C101: 45240.402 | D101: 32.089409 | E101: 45240.017 | F101: 28.559504 | G101: 45240.012 | H101: 1625.6658 | I101: 45240.297 | J101: 0.54549724 | K101: 45240.028 | L101: 54.340183 | U101: 45240.166 | V101: 2.3098118 | W101: 45240.012 | X101: 52.483295 | Y101: 45240.012 | Z101: 582.97949 | AC101: 45240.013 | AD101: -6.4410934 | AE101: 45240.012 | AF101: 10664.421 | AI101: 45240.028 | AJ101: 1.6347138 | AK101: 45240.012 | AL101: 5778.583 | AU101: 45240.012 | AV101: 3460.657 | AW101: 45240.03 | AX101: 29.521137 | AY101: 45240.091 | AZ101: 10.901965 | BC101: 45240.012 | BD101: 337.5119 | BE101: 45240.031 | BF101: 2.030318 | BI101: 45240.012 | BJ101: 7351.2764 | BK101: 45240.012 | BL101: 1551.7031 | BM101: 45240.064 | BN101: 27.462797 | BO101: 45240.016 | BP101: 551.01141
A102: 45240.012 | B102: 14091.839 | C102: 45240.403 | D102: 32.132042 | E102: 45240.017 | F102: 27.841455 | G102: 45240.012 | H102: 1628.5515 | I102: 45240.303 | J102: 0.54249096 | K102: 45240.028 | L102: 54.25095 | U102: 45240.167 | V102: 2.2656605 | W102: 45240.012 | X102: 52.497494 | Y102: 45240.012 | Z102: 581.82861 | AC102: 45240.013 | AD102: -5.9565125 | AE102: 45240.012 | AF102: 10637.965 | AI102: 45240.029 | AJ102: 1.6072361 | AK102: 45240.012 | AL102: 5839.2378 | AU102: 45240.012 | AV102: 3450.8005 | AW102: 45240.03 | AX102: 29.446291 | AY102: 45240.094 | AZ102: 10.961066 | BC102: 45240.012 | BD102: 340.5975 | BE102: 45240.031 | BF102: 2.0471811 | BI102: 45240.012 | BJ102: 7609.4736 | BK102: 45240.012 | BL102: 1640.1434 | BM102: 45240.064 | BN102: 27.477272 | BO102: 45240.016 | BP102: 551.13245
A103: 45240.012 | B103: 14968.183 | C103: 45240.403 | D103: 32.06118 | E103: 45240.018 | F103: 25.597992 | G103: 45240.012 | H103: 1643.4071 | I103: 45240.305 | J103: 0.5438804 | K103: 45240.029 | L103: 54.189472 | U103: 45240.168 | V103: 2.3801067 | W103: 45240.012 | X103: 52.904587 | Y103: 45240.012 | Z103: 580.34644 | AC103: 45240.013 | AD103: -6.0543442 | AE103: 45240.012 | AF103: 10687.464 | AI103: 45240.029 | AJ103: 1.5992817 | AK103: 45240.012 | AL103: 5853.7417 | AU103: 45240.012 | AV103: 3445.3735 | AW103: 45240.031 | AX103: 29.402567 | AY103: 45240.096 | AZ103: 9.1849289 | BC103: 45240.012 | BD103: 338.7197 | BE103: 45240.031 | BF103: 2.0662069 | BI103: 45240.012 | BJ103: 7541.3711 | BK103: 45240.012 | BL103: 1670.8392 | BM103: 45240.064 | BN103: 26.666399 | BO103: 45240.016 | BP103: 552.39392
... A206: 45240.024 | B206: 14875.229 | C206: 45240.47 | D206: 37.450111 | E206: 45240.034 | F206: 61.946442 | G206: 45240.024 | H206: 1629.3777 | I206: 45240.506 | J206: 0.55016947 | K206: 45240.064 | L206: 50.167442 | U206: 45240.419 | V206: 2.5694706 | W206: 45240.025 | X206: 51.275013 | Y206: 45240.024 | Z206: 568.29883 | AC206: 45240.025 | AD206: -6.2247849 | AE206: 45240.024 | AF206: 10451.685 | AI206: 45240.068 | AJ206: 2.2569604 | AK206: 45240.024 | AL206: 6186.9385 | AU206: 45240.024 | AV206: 3312.4207 | AW206: 45240.17 | AX206: 20.781727 | AY206: 45240.188 | AZ206: 5.4067535 | BC206: 45240.025 | BD206: 347.39432 | BE206: 45240.2 | BF206: 1.8410867 | BI206: 45240.024 | BJ206: 7527.7329 | BK206: 45240.024 | BL206: 1656.4861 | BM206: 45240.134 | BN206: 26.385794 | BO206: 45240.032 | BP206: 549.8927
A207: 45240.025 | B207: 14450.135 | C207: 45240.471 | D207: 37.586845 | E207: 45240.034 | F207: 62.288284 | G207: 45240.024 | H207: 1617.4545 | K207: 45240.064 | L207: 50.321613 | U207: 45240.42 | V207: 2.6208012 | W207: 45240.025 | X207: 51.32777 | Y207: 45240.024 | Z207: 566.92743 | AC207: 45240.025 | AD207: -6.0822067 | AE207: 45240.024 | AF207: 10406.127 | AI207: 45240.068 | AJ207: 2.2697237 | AK207: 45240.024 | AL207: 6178.3745 | AU207: 45240.024 | AV207: 3415.0081 | AW207: 45240.17 | AX207: 21.314648 | AY207: 45240.188 | AZ207: 5.2427707 | BC207: 45240.025 | BD207: 344.74078 | BE207: 45240.2 | BF207: 1.8594882 | BI207: 45240.024 | BJ207: 7453.1494 | BK207: 45240.024 | BL207: 1550.1758 | BM207: 45240.134 | BN207: 27.247931 | BO207: 45240.033 | BP207: 549.26056
A208: 45240.025 | B208: 14247.716 | C208: 45240.471 | D208: 37.591949 | E208: 45240.034 | F208: 55.677361 | G208: 45240.025 | H208: 1632.3839 | K208: 45240.064 | L208: 50.42841 | U208: 45240.422 | V208: 2.5647838 | W208: 45240.026 | X208: 51.269867 | Y208: 45240.024 | Z208: 567.32758 | AC208: 45240.025 | AD208: -5.8468781 | AE208: 45240.024 | AF208: 10442.696 | AI208: 45240.068 | AJ208: 2.2575872 | AK208: 45240.024 | AL208: 6241.8892 | AU208: 45240.024 | AV208: 3375.0801 | AW208: 45240.172 | AX208: 22.190582 | AY208: 45240.189 | AZ208: 5.612155 | BC208: 45240.025 | BD208: 352.43274 | BE208: 45240.2 | BF208: 1.8544388 | BI208: 45240.024 | BJ208: 7579.5659 | BK208: 45240.024 | BL208: 1608.0072 | BM208: 45240.134 | BN208: 27.27389 | BO208: 45240.033 | BP208: 550.28369
A209: 45240.025 | B209: 13967.412 | C209: 45240.471 | D209: 37.690704 | E209: 45240.034 | F209: 52.269497 | G209: 45240.025 | H209: 1644.6368 | K209: 45240.064 | L209: 50.383785 | U209: 45240.423 | V209: 2.72598 | W209: 45240.026 | X209: 51.128826 | Y209: 45240.024 | Z209: 565.87592 | AC209: 45240.025 | AD209: -6.2074585 | AE209: 45240.024 | AF209: 10405.063 | AI209: 45240.068 | AJ209: 2.2290857 | AK209: 45240.024 | AL209: 6228.9067 | AU209: 45240.024 | AV209: 3242.384 | AW209: 45240.172 | AX209: 26.682924 | AY209: 45240.19 | AZ209: 5.3946023 | BC209: 45240.025 | BD209: 345.84543 | BE209: 45240.2 | BF209: 1.840773 | BI209: 45240.024 | BJ209: 7658.5771 | BK209: 45240.024 | BL209: 1655.55 | BM209: 45240.134 | BN209: 26.33008 | BO209: 45240.033 | BP209: 552.08459
A210: 45240.025 | B210: 14670 | C210: 45240.471 | D210: 37.694603 | E210: 45240.034 | F210: 51.919376 | G210: 45240.025 | H210: 1624.9581 | K210: 45240.065 | L210: 50.425743 | U210: 45240.423 | V210: 2.5431087 | W210: 45240.026 | X210: 50.619946 | Y210: 45240.024 | Z210: 568.00043 | AC210: 45240.025 | AD210: -6.5232773 | AE210: 45240.024 | AF210: 10459.577 | AI210: 45240.068 | AJ210: 2.2031536 | AK210: 45240.024 | AL210: 6175.7729 | AU210: 45240.024 | AV210: 3201.0762 | AW210: 45240.172 | AX210: 27.581392 | AY210: 45240.191 | AZ210: 5.0510287 | BC210: 45240.025 | BD210: 414.12216 | BE210: 45240.2 | BF210: 1.8300557 | BI210: 45240.024 | BJ210: 7482.8022 | BK210: 45240.024 | BL210: 1672.406 | BM210: 45240.135 | BN210: 27.223192 | BO210: 45240.033 | BP210: 551.5954
A211: 45240.025 | B211: 13339.896 | C211: 45240.471 | D211: 37.659889 | E211: 45240.034 | F211: 53.106068 | G211: 45240.025 | H211: 1625.1689 | K211: 45240.065 | L211: 50.565205 | U211: 45240.423 | V211: 2.4565506 | W211: 45240.026 | X211: 50.490162 | Y211: 45240.024 | Z211: 567.90405 | AC211: 45240.025 | AD211: -6.0967407 | AE211: 45240.024 | AF211: 10421.211 | AI211: 45240.068 | AJ211: 2.1844573 | AK211: 45240.024 | AL211: 6243.5757 | AU211: 45240.024 | AV211: 3185.7805 | AW211: 45240.172 | AX211: 29.380264 | AY211: 45240.192 | AZ211: 7.3519769 | BC211: 45240.025 | BD211: 406.92438 | BE211: 45240.2 | BF211: 1.8151965 | BI211: 45240.025 | BJ211: 7509.5527 | BK211: 45240.024 | BL211: 1592.2546 | BM211: 45240.135 | BN211: 27.20962 | BO211: 45240.033 | BP211: 549.3147
A212: 45240.025 | B212: 13874.373 | C212: 45240.471 | D212: 37.707329 | E212: 45240.035 | F212: 53.797863 | G212: 45240.025 | H212: 1638.1215 | K212: 45240.066 | L212: 50.665257 | U212: 45240.425 | V212: 2.5138702 | W212: 45240.026 | X212: 49.748886 | Y212: 45240.024 | Z212: 567.59143 | AC212: 45240.026 | AD212: -5.8993073 | AE212: 45240.025 | AF212: 10481.266 | AI212: 45240.068 | AJ212: 2.1819158 | AK212: 45240.024 | AL212: 6276.0215 | AU212: 45240.024 | AV212: 3189.5825 | AW212: 45240.172 | AX212: 31.174625 | AY212: 45240.192 | AZ212: 6.4709225 | BC212: 45240.025 | BD212: 415.22037 | BE212: 45240.2 | BF212: 1.7704473 | BI212: 45240.025 | BJ212: 7646.124 | BK212: 45240.024 | BL212: 1556.9188 | BM212: 45240.135 | BN212: 26.318481 | BO212: 45240.033 | BP212: 550.21863
A213: 45240.025 | B213: 14689.894 | C213: 45240.472 | D213: 37.682137 | E213: 45240.035 | F213: 55.979813 | G213: 45240.025 | H213: 1640.4393 | K213: 45240.066 | L213: 50.65884 | U213: 45240.425 | V213: 2.5521545 | W213: 45240.026 | X213: 49.884888 | Y213: 45240.025 | Z213: 567.93646 | AC213: 45240.026 | AD213: -6.5083237 | AE213: 45240.025 | AF213: 10453.708 | AI213: 45240.071 | AJ213: 2.1670823 | AK213: 45240.025 | AL213: 6239.1138 | AU213: 45240.025 | AV213: 3201.1208 | AW213: 45240.172 | AX213: 32 | AY213: 45240.193 | AZ213: 7.5325298 | BC213: 45240.025 | BD213: 374.75217 | BE213: 45240.201 | BF213: 1.735353 | BI213: 45240.025 | BJ213: 8552.8701 | BK213: 45240.025 | BL213: 1671.0343 | BM213: 45240.135 | BN213: 27.189077 | BO213: 45240.033 | BP213: 546.46765
A214: 45240.025 | B214: 14882.583 | C214: 45240.472 | D214: 37.700882 | E214: 45240.035 | F214: 57.325382 | G214: 45240.025 | H214: 1628.3939 | K214: 45240.067 | L214: 50.741764 | U214: 45240.426 | V214: 2.4694519 | W214: 45240.026 | X214: 50.069931 | Y214: 45240.025 | Z214: 569.40076 | AC214: 45240.026 | AD214: -6.3083267 | AE214: 45240.025 | AF214: 10475.271 | AI214: 45240.071 | AJ214: 2.1427522 | AK214: 45240.025 | AL214: 6203.9331 | AU214: 45240.025 | AV214: 3209.2463 | AW214: 45240.172 | AX214: 27 | AY214: 45240.194 | AZ214: 6.5847688 | BC214: 45240.025 | BD214: 214.4203 | BE214: 45240.201 | BF214: 1.7354088 | BI214: 45240.025 | BJ214: 7559.8428 | BK214: 45240.025 | BL214: 1667.6298 | BM214: 45240.136 | BN214: 27.223976 | BO214: 45240.034 | BP214: 544.86096
A215: 45240.026 | B215: 14676.692 | C215: 45240.472 | D215: 37.660179 | E215: 45240.035 | F215: 55.130234 | G215: 45240.025 | H215: 1637.4559 | K215: 45240.067 | L215: 50.776516 | U215: 45240.426 | V215: 2.5074871 | W215: 45240.027 | X215: 50.115997 | Y215: 45240.025 | Z215: 571.05609 | AC215: 45240.026 | AD215: -5.7550049 | AE215: 45240.025 | AF215: 10366.797 | AI215: 45240.071 | AJ215: 2.1220717 | AK215: 45240.025 | AL215: 6277.6958 | AU215: 45240.025 | AV215: 3216.5986 | AW215: 45240.172 | AX215: 33.875183 | AY215: 45240.194 | AZ215: 6.3700395 | BC215: 45240.026 | BD215: 213.15283 | BE215: 45240.201 | BF215: 1.771965 | BI215: 45240.025 | BJ215: 7383.7759 | BK215: 45240.025 | BL215: 1585.8132 | BM215: 45240.136 | BN215: 26.365814 | BO215: 45240.034 | BP215: 545.23633
A216: 45240.026 | B216: 14115.352 | C216: 45240.472 | D216: 37.672905 | E216: 45240.035 | F216: 55.849789 | G216: 45240.025 | H216: 1635.9172 | K216: 45240.068 | L216: 50.789349 | U216: 45240.427 | V216: 2.5314434 | W216: 45240.027 | X216: 49.835526 | Y216: 45240.025 | Z216: 571.81769 | AC216: 45240.026 | AD216: -5.9532471 | AE216: 45240.025 | AF216: 10472.415 | AI216: 45240.071 | AJ216: 2.0946288 | AK216: 45240.025 | AL216: 6296.1797 | AU216: 45240.025 | AV216: 3224.2773 | AW216: 45240.173 | AX216: 33.912815 | AY216: 45240.195 | AZ216: 6.8037949 | BC216: 45240.026 | BD216: 214.01706 | BE216: 45240.201 | BF216: 1.8030384 | BI216: 45240.025 | BJ216: 7397.2295 | BK216: 45240.025 | BL216: 1625.8937 | BM216: 45240.136 | BN216: 27.150095 | BO216: 45240.034 | BP216: 548.62299
A217: 45240.026 | B217: 15134.964 | C217: 45240.472 | D217: 37.625214 | E217: 45240.035 | F217: 56.03017 | G217: 45240.026 | H217: 1631.682 | K217: 45240.069 | L217: 50.760845 | U217: 45240.427 | V217: 2.3350399 | W217: 45240.027 | X217: 49.667084 | Y217: 45240.025 | Z217: 571.69122 | AC217: 45240.026 | AD217: -5.9052811 | AE217: 45240.025 | AF217: 10469.441 | AI217: 45240.071 | AJ217: 2.0690064 | AK217: 45240.025 | AL217: 6239.9058 | AU217: 45240.025 | AV217: 3217.7107 | AW217: 45240.173 | AX217: 33.988075 | AY217: 45240.196 | AZ217: 6.8119102 | BC217: 45240.026 | BD217: 336.52731 | BE217: 45240.201 | BF217: 1.8219151 | BI217: 45240.025 | BJ217: 7528.8745 | BK217: 45240.025 | BL217: 1658.5446 | BM217: 45240.136 | BN217: 27.248779 | BO217: 45240.034 | BP217: 550.80811
A218: 45240.026 | B218: 14116.474 | C218: 45240.472 | D218: 37.60775 | E218: 45240.036 | F218: 54.759064 | G218: 45240.026 | H218: 1623.1986 | K218: 45240.069 | L218: 50.727978 | U218: 45240.427 | V218: 2.3387172 | W218: 45240.027 | X218: 49.62767 | Y218: 45240.025 | Z218: 571.72406 | AC218: 45240.026 | AD218: -6.2941589 | AE218: 45240.025 | AF218: 10449.151 | AI218: 45240.071 | AJ218: 2.0472271 | AK218: 45240.025 | AL218: 6200.2671 | AU218: 45240.025 | AV218: 3225.0703 | AW218: 45240.173 | AX218: 34.251492 | AY218: 45240.197 | AZ218: 7.2413955 | BC218: 45240.026 | BD218: 336.72345 | BE218: 45240.201 | BF218: 1.8344241 | BI218: 45240.025 | BJ218: 7590.9229 | BK218: 45240.025 | BL218: 1678.5593 | BM218: 45240.136 | BN218: 26.384743 | BO218: 45240.034 | BP218: 552.49817
... A287: 45240.034 | B287: 14297.732 | C287: 45240.486 | D287: 35.688103 | E287: 45240.059 | F287: 11.256812 | G287: 45240.034 | H287: 1631.5698 | K287: 45240.121 | L287: 48.655685 | U287: 45240.507 | V287: 2.4244335 | W287: 45240.035 | X287: 51.710957 | Y287: 45240.033 | Z287: 575.24744 | AC287: 45240.035 | AD287: -5.4514542 | AE287: 45240.033 | AF287: 10633.234 | AI287: 45240.097 | AJ287: 2.5119705 | AK287: 45240.033 | AL287: 5886.4307 | AU287: 45240.033 | AV287: 3388.8428 | AW287: 45240.189 | AX287: 38.110661 | AY287: 45240.256 | AZ287: 8.2905273 | BC287: 45240.034 | BD287: 341.80228 | BE287: 45240.219 | BF287: 1.9120743 | BI287: 45240.034 | BJ287: 7568.6562 | BK287: 45240.033 | BL287: 1679.5817 | BM287: 45240.183 | BN287: 26.919531 | BO287: 45240.045 | BP287: 464.10608
A288: 45240.034 | B288: 14998.586 | C288: 45240.486 | D288: 35.648315 | E288: 45240.059 | F288: 13.413467 | G288: 45240.034 | H288: 1627.5966 | K288: 45240.122 | L288: 48.636227 | W288: 45240.036 | X288: 51.64259 | Y288: 45240.033 | Z288: 568.41766 | AC288: 45240.035 | AD288: -5.7870483 | AE288: 45240.033 | AF288: 10612.339 | AI288: 45240.097 | AJ288: 2.4638484 | AK288: 45240.033 | AL288: 5873.293 | AU288: 45240.033 | AV288: 3313.1641 | AW288: 45240.19 | AX288: 37.833916 | AY288: 45240.256 | AZ288: 7.390686 | BC288: 45240.035 | BD288: 337.78226 | BE288: 45240.219 | BF288: 1.8980377 | BI288: 45240.034 | BJ288: 7450.502 | BK288: 45240.033 | BL288: 1571.0675 | BM288: 45240.184 | BN288: 26.96508 | BO288: 45240.045 | BP288: 463.3591
A289: 45240.035 | B289: 14427.006 | C289: 45240.486 | D289: 35.544304 | E289: 45240.059 | F289: 16.481525 | G289: 45240.034 | H289: 1622.3066 | K289: 45240.122 | L289: 48.618832 | W289: 45240.036 | X289: 51.794353 | Y289: 45240.033 | Z289: 574.80493 | AC289: 45240.035 | AD289: -5.7313538 | AE289: 45240.033 | AF289: 10616.379 | AI289: 45240.097 | AJ289: 2.4549649 | AK289: 45240.033 | AL289: 5762.3066 | AU289: 45240.033 | AV289: 3489.9412 | AW289: 45240.19 | AX289: 37.557167 | AY289: 45240.257 | AZ289: 7.1187334 | BC289: 45240.035 | BD289: 346.60251 | BE289: 45240.219 | BF289: 1.8380773 | BI289: 45240.034 | BJ289: 7522.9575 | BK289: 45240.033 | BL289: 1585.3938 | BM289: 45240.184 | BN289: 26.075783 | BO289: 45240.045 | BP289: 461.47443
A290: 45240.035 | B290: 14430.07 | C290: 45240.487 | D290: 35.407829 | E290: 45240.059 | F290: 22.243179 | G290: 45240.034 | H290: 1636.2858 | K290: 45240.122 | L290: 48.637089 | W290: 45240.036 | X290: 51.638523 | Y290: 45240.034 | Z290: 577.94232 | AC290: 45240.035 | AD290: -5.788269 | AE290: 45240.034 | AF290: 10665.832 | AI290: 45240.098 | AJ290: 2.4553905 | AK290: 45240.033 | AL290: 5725.2144 | AU290: 45240.033 | AV290: 3497.1602 | AW290: 45240.19 | AX290: 36.726925 | AY290: 45240.258 | AZ290: 6.3618712 | BC290: 45240.035 | BD290: 348.57562 | BE290: 45240.219 | BF290: 1.8150456 | BI290: 45240.034 | BJ290: 7551.6147 | BK290: 45240.033 | BL290: 1669.5902 | BM290: 45240.184 | BN290: 26.964935 | BO290: 45240.046 | BP290: 459.04468
A291: 45240.035 | B291: 14134.232 | C291: 45240.487 | D291: 35.378998 | E291: 45240.059 | F291: 24.03422 | G291: 45240.034 | H291: 1619.8448 | K291: 45240.124 | L291: 48.601681 | W291: 45240.036 | X291: 51.696163 | Y291: 45240.034 | Z291: 580.66901 | AC291: 45240.035 | AD291: -5.4324036 | AE291: 45240.034 | AF291: 10652.495 | AI291: 45240.098 | AJ291: 2.4716043 | AK291: 45240.034 | AL291: 5786.2734 | AU291: 45240.034 | AV291: 3520.5483 | AW291: 45240.191 | AX291: 36.471684 | AY291: 45240.259 | AZ291: 7.0176406 | BC291: 45240.035 | BD291: 349.3208 | BE291: 45240.219 | BF291: 1.8023828 | BI291: 45240.034 | BJ291: 7541.0977 | BK291: 45240.034 | BL291: 1609.1338 | BM291: 45240.185 | BN291: 26.943686 | BO291: 45240.046 | BP291: 457.39114
A292: 45240.035 | B292: 13910.193 | C292: 45240.487 | D292: 35.32222 | E292: 45240.059 | F292: 26.686602 | G292: 45240.035 | H292: 1637.4501 | K292: 45240.124 | L292: 48.617607 | W292: 45240.036 | X292: 51.257751 | Y292: 45240.034 | Z292: 582.32129 | AC292: 45240.035 | AD292: -6.4480057 | AE292: 45240.034 | AF292: 10707.291 | AI292: 45240.098 | AJ292: 2.4918432 | AK292: 45240.034 | AL292: 5856.8096 | AU292: 45240.034 | AV292: 3577.4355 | AW292: 45240.191 | AX292: 35.450714 | AY292: 45240.26 | AZ292: 7.1053939 | BC292: 45240.035 | BD292: 351.4635 | BE292: 45240.219 | BF292: 1.7938236 | BI292: 45240.034 | BJ292: 7552.5854 | BK292: 45240.034 | BL292: 1575.2211 | BM292: 45240.185 | BN292: 26.10504 | BO292: 45240.046 | BP292: 456.53729
A293: 45240.035 | B293: 15257.055 | C293: 45240.487 | D293: 35.347374 | E293: 45240.059 | F293: 27.053661 | G293: 45240.035 | H293: 1647.9724 | K293: 45240.125 | L293: 48.596085 | W293: 45240.036 | X293: 51.344265 | Y293: 45240.034 | Z293: 583.00671 | AC293: 45240.036 | AD293: -6.6146622 | AE293: 45240.034 | AF293: 10692.343 | AI293: 45240.098 | AJ293: 2.4967029 | AK293: 45240.034 | AL293: 5872.0283 | AU293: 45240.034 | AV293: 3584.844 | AW293: 45240.191 | AX293: 34.940228 | AY293: 45240.26 | AZ293: 7.5766673 | BC293: 45240.035 | BD293: 357.75037 | BE293: 45240.219 | BF293: 1.7871109 | BI293: 45240.034 | BJ293: 7718.3691 | BK293: 45240.034 | BL293: 1661.8567 | BM293: 45240.185 | BN293: 26.94459 | BO293: 45240.046 | BP293: 454.61136
A294: 45240.035 | B294: 14463.573 | C294: 45240.487 | D294: 35.229935 | E294: 45240.06 | F294: 28.985815 | G294: 45240.035 | H294: 1621.2693 | K294: 45240.126 | L294: 48.580734 | W294: 45240.036 | X294: 50.954697 | Y294: 45240.034 | Z294: 583.19678 | AC294: 45240.036 | AD294: -6.3550568 | AE294: 45240.034 | AF294: 10708.366 | AI294: 45240.098 | AJ294: 2.4816296 | AK294: 45240.034 | AL294: 5796.9463 | AU294: 45240.034 | AV294: 3593.8923 | AW294: 45240.191 | AX294: 34.429745 | AY294: 45240.261 | AZ294: 7.2778664 | BC294: 45240.035 | BD294: 354.61414 | BE294: 45240.22 | BF294: 1.7708596 | BI294: 45240.034 | BJ294: 7506.2969 | BK294: 45240.034 | BL294: 1648.6561 | BM294: 45240.186 | BN294: 26.936117 | BO294: 45240.046 | BP294: 452.99808
A295: 45240.035 | B295: 15016.725 | C295: 45240.488 | D295: 35.182289 | E295: 45240.06 | F295: 29.412966 | G295: 45240.035 | H295: 1631.5308 | K295: 45240.127 | L295: 48.574741 | W295: 45240.036 | X295: 50.716705 | Y295: 45240.034 | Z295: 584.60443 | AC295: 45240.036 | AD295: -6.8890533 | AE295: 45240.034 | AF295: 10702.335 | AI295: 45240.098 | AJ295: 2.4786227 | AK295: 45240.034 | AL295: 5731.5122 | AU295: 45240.034 | AV295: 3587.4485 | AW295: 45240.191 | AX295: 34.174503 | AY295: 45240.262 | AZ295: 7.4006348 | BC295: 45240.035 | BD295: 349.57309 | BE295: 45240.22 | BF295: 1.7439303 | BI295: 45240.034 | BJ295: 7608.3306 | BK295: 45240.034 | BL295: 1571.7585 | BM295: 45240.186 | BN295: 26.06592 | BO295: 45240.046 | BP295: 452.7644
A296: 45240.035 | B296: 14518.51 | C296: 45240.488 | D296: 35.111679 | E296: 45240.06 | F296: 31.766485 | G296: 45240.035 | H296: 1618.9517 | K296: 45240.128 | L296: 48.554581 | W296: 45240.036 | X296: 50.415741 | Y296: 45240.034 | Z296: 587.28241 | AC296: 45240.036 | AD296: -6.2620697 | AE296: 45240.034 | AF296: 10760.926 | AI296: 45240.101 | AJ296: 2.4949775 | AK296: 45240.034 | AL296: 5810.5396 | AU296: 45240.034 | AV296: 3573.7656 | AW296: 45240.191 | AX296: 33.153538 | AY296: 45240.262 | AZ296: 8.5750971 | BC296: 45240.035 | BD296: 354.45926 | BE296: 45240.22 | BF296: 1.7228111 | BI296: 45240.035 | BJ296: 7583.4878 | BK296: 45240.034 | BL296: 1620.0691 | BM296: 45240.186 | BN296: 26.900961 | BO296: 45240.046 | BP296: 451.0437
A297: 45240.036 | B297: 14752.658 | C297: 45240.488 | D297: 34.959778 | E297: 45240.06 | F297: 31.304426 | G297: 45240.035 | H297: 1638.0135 | K297: 45240.128 | L297: 48.560211 | W297: 45240.037 | X297: 49.990978 | Y297: 45240.034 | Z297: 586.88342 | AC297: 45240.036 | AD297: -6.4017258 | AE297: 45240.034 | AF297: 10670.921 | AI297: 45240.101 | AJ297: 2.5088797 | AK297: 45240.034 | AL297: 5827.2251 | AU297: 45240.034 | AV297: 3568.6401 | AW297: 45240.192 | AX297: 34.338039 | AY297: 45240.263 | AZ297: 7.8529449 | BC297: 45240.036 | BD297: 353.15668 | BE297: 45240.22 | BF297: 1.7053957 | BI297: 45240.035 | BJ297: 7584.1548 | BK297: 45240.034 | BL297: 1670.2434 | BM297: 45240.188 | BN297: 26.890808 | BO297: 45240.046 | BP297: 447.94897
A298: 45240.036 | B298: 14821.756 | C298: 45240.488 | D298: 34.891739 | E298: 45240.06 | F298: 32.818825 | G298: 45240.035 | H298: 1635.265 | K298: 45240.128 | L298: 48.572876 | W298: 45240.037 | X298: 49.626774 | Y298: 45240.034 | Z298: 587.35907 | AC298: 45240.036 | AD298: -6.3848724 | AE298: 45240.034 | AF298: 10676.038 | AI298: 45240.101 | AJ298: 2.5363417 | AK298: 45240.034 | AL298: 5790.6235 | AU298: 45240.034 | AV298: 3432.1914 | AW298: 45240.192 | AX298: 34.41032 | AY298: 45240.265 | AZ298: 6.762579 | BC298: 45240.036 | BD298: 355.17102 | BE298: 45240.22 | BF298: 1.6959034 | BI298: 45240.035 | BJ298: 7677.6631 | BK298: 45240.034 | BL298: 1606.8735 | BM298: 45240.189 | BN298: 25.977081 | BO298: 45240.047 | BP298: 440.63156
A299: 45240.036 | B299: 15008.768 | C299: 45240.488 | D299: 34.770432 | E299: 45240.06 | F299: 32.613132 | G299: 45240.035 | H299: 1611.1954 | K299: 45240.129 | L299: 48.559242 | W299: 45240.037 | X299: 49.126236 | Y299: 45240.035 | Z299: 588.30725 | AC299: 45240.036 | AD299: -6.1367569 | AE299: 45240.035 | AF299: 10684.977 | AI299: 45240.101 | AJ299: 2.5599902 | AK299: 45240.034 | AL299: 5713.0142 | AU299: 45240.034 | AV299: 3433.4788 | AW299: 45240.192 | AX299: 35.118355 | AY299: 45240.265 | AZ299: 8.3199472 | BC299: 45240.036 | BD299: 353.11697 | BE299: 45240.22 | BF299: 1.688459 | BI299: 45240.035 | BJ299: 7548.564 | BK299: 45240.034 | BL299: 1593.9414 | BM299: 45240.189 | BN299: 26.858629 | BO299: 45240.047 | BP299: 438.25153
... A347: 45240.041 | B347: 13605.693 | C347: 45240.498 | D347: 36.967911 | E347: 45240.067 | F347: 28.748701 | G347: 45240.041 | H347: 1671.2308 | K347: 45240.156 | L347: 48.929657 | W347: 45240.043 | X347: 50.458942 | Y347: 45240.04 | Z347: 603.33002 | AC347: 45240.042 | AD347: -6.4362946 | AE347: 45240.04 | AF347: 10643.468 | AI347: 45240.122 | AJ347: 2.3679359 | AK347: 45240.04 | AL347: 6002.9629 | AU347: 45240.04 | AV347: 3108.4241 | AW347: 45240.21 | AX347: 25.494551 | AY347: 45240.305 | AZ347: 7.3292909 | BC347: 45240.042 | BD347: 335.80527 | BE347: 45240.235 | BF347: 1.9450622 | BI347: 45240.041 | BJ347: 7521.5698 | BK347: 45240.04 | BL347: 1671.1289 | BM347: 45240.222 | BN347: 26.690666 | BO347: 45240.056 | BP347: 417.81448
A348: 45240.041 | B348: 13862.141 | E348: 45240.067 | F348: 32.772179 | G348: 45240.041 | H348: 1636.5698 | K348: 45240.157 | L348: 49.069775 | W348: 45240.043 | X348: 50.013996 | Y348: 45240.04 | Z348: 602.0824 | AC348: 45240.042 | AD348: -6.3163452 | AE348: 45240.04 | AF348: 10598.046 | AI348: 45240.122 | AJ348: 2.3963046 | AK348: 45240.04 | AL348: 5955.4585 | AU348: 45240.04 | AV348: 3059.416 | AW348: 45240.21 | AX348: 25.90225 | AY348: 45240.306 | AZ348: 6.8814678 | BC348: 45240.042 | BD348: 341.18277 | BE348: 45240.235 | BF348: 1.92783 | BI348: 45240.041 | BJ348: 7597.8052 | BK348: 45240.04 | BL348: 1624.7601 | BM348: 45240.222 | BN348: 25.742361 | BO348: 45240.056 | BP348: 417.12906
A349: 45240.042 | B349: 13513.69 | E349: 45240.068 | F349: 34.961781 | G349: 45240.041 | H349: 1631.4789 | K349: 45240.157 | L349: 49.185059 | W349: 45240.044 | X349: 49.942356 | Y349: 45240.04 | Z349: 599.91229 | AC349: 45240.042 | AD349: -6.4505005 | AE349: 45240.04 | AF349: 10583.6 | AI349: 45240.122 | AJ349: 2.4221168 | AK349: 45240.04 | AL349: 6046.9888 | AU349: 45240.04 | AV349: 3020.4048 | AW349: 45240.21 | AX349: 26.31671 | AY349: 45240.306 | AZ349: 8.3447132 | BC349: 45240.042 | BD349: 343.12802 | BE349: 45240.235 | BF349: 1.9168713 | BI349: 45240.041 | BJ349: 7559.3921 | BK349: 45240.04 | BL349: 1550.4503 | BM349: 45240.222 | BN349: 26.69474 | BO349: 45240.057 | BP349: 417.10281
A350: 45240.042 | B350: 14431.739 | E350: 45240.068 | F350: 39.158649 | G350: 45240.041 | H350: 1620.2405 | K350: 45240.157 | L350: 49.224731 | W350: 45240.044 | X350: 49.640366 | Y350: 45240.04 | Z350: 598.8432 | AC350: 45240.042 | AD350: -6.6336899 | AE350: 45240.04 | AF350: 10603.905 | AI350: 45240.122 | AJ350: 2.4118452 | AK350: 45240.04 | AL350: 6123.8623 | AU350: 45240.04 | AV350: 3003.1602 | AW350: 45240.21 | AX350: 30.004244 | AY350: 45240.307 | AZ350: 8.3768225 | BC350: 45240.042 | BD350: 346.69592 | BE350: 45240.235 | BF350: 1.9138942 | BI350: 45240.041 | BJ350: 7445.0786 | BK350: 45240.04 | BL350: 1626.7302 | BM350: 45240.229 | BN350: 26.690393 | BO350: 45240.057 | BP350: 414.14282
A351: 45240.042 | B351: 14392.794 | E351: 45240.068 | F351: 41.508205 | G351: 45240.042 | H351: 1624.1107 | K351: 45240.157 | L351: 49.292587 | W351: 45240.044 | X351: 49.74049 | Y351: 45240.041 | Z351: 605.90607 | AC351: 45240.042 | AD351: -5.9860306 | AE351: 45240.041 | AF351: 10568.519 | AI351: 45240.122 | AJ351: 2.3837147 | AK351: 45240.04 | AL351: 6106.8472 | AU351: 45240.04 | AV351: 2992.011 | AW351: 45240.21 | AX351: 30.01539 | AY351: 45240.308 | AZ351: 9.000823 | BC351: 45240.042 | BD351: 350.95865 | BE351: 45240.238 | BF351: 1.922982 | BI351: 45240.041 | BJ351: 8669.2471 | BK351: 45240.04 | BL351: 1679.3275 | BM351: 45240.232 | BN351: 26.74058 | BO351: 45240.057 | BP351: 414.01953
A352: 45240.042 | B352: 13915.992 | E352: 45240.068 | F352: 43.697914 | G352: 45240.042 | H352: 1615.9675 | K352: 45240.158 | L352: 49.472191 | W352: 45240.044 | X352: 49.393688 | Y352: 45240.041 | Z352: 657.33264 | AC352: 45240.042 | AD352: -5.5596619 | AE352: 45240.041 | AF352: 10560.472 | AI352: 45240.125 | AJ352: 2.3855171 | AK352: 45240.041 | AL352: 6052.498 | AU352: 45240.041 | AV352: 2974.3359 | AW352: 45240.211 | AX352: 30.214718 | AY352: 45240.308 | AZ352: 8.5408773 | BC352: 45240.042 | BD352: 357.20789 | BE352: 45240.238 | BF352: 1.9417144 | BI352: 45240.041 | BJ352: 7536.1475 | BK352: 45240.041 | BL352: 1580.1942 | BM352: 45240.232 | BN352: 25.8181 | BO352: 45240.057 | BP352: 415.57379
A353: 45240.042 | B353: 14019.193 | E353: 45240.068 | F353: 44.614296 | G353: 45240.042 | H353: 1617.5106 | K353: 45240.159 | L353: 49.694386 | W353: 45240.044 | X353: 48.596573 | Y353: 45240.041 | Z353: 603.69128 | AC353: 45240.043 | AD353: -5.8343201 | AE353: 45240.041 | AF353: 10577.104 | AI353: 45240.125 | AJ353: 2.4070079 | AK353: 45240.041 | AL353: 6097.1064 | AU353: 45240.041 | AV353: 2961.7556 | AW353: 45240.211 | AX353: 30.613373 | AY353: 45240.309 | AZ353: 7.5174127 | BC353: 45240.042 | BD353: 359.48413 | BE353: 45240.238 | BF353: 2.0086036 | BI353: 45240.041 | BJ353: 7553.8633 | BK353: 45240.041 | BL353: 1616.8987 | BM353: 45240.233 | BN353: 26.69269 | BO353: 45240.057 | BP353: 415.93045
A354: 45240.042 | B354: 13907.412 | E354: 45240.068 | F354: 47.10247 | G354: 45240.042 | H354: 1628.2714 | K354: 45240.16 | L354: 49.904381 | W354: 45240.044 | X354: 48.235825 | Y354: 45240.041 | Z354: 600.11603 | AC354: 45240.043 | AD354: -5.6909409 | AE354: 45240.041 | AF354: 10568.808 | AI354: 45240.125 | AJ354: 2.4265611 | AK354: 45240.041 | AL354: 6127.0664 | AU354: 45240.041 | AV354: 2654.0083 | AW354: 45240.211 | AX354: 31.012028 | AY354: 45240.31 | AZ354: 8.295496 | BC354: 45240.043 | BD354: 355.3873 | BE354: 45240.238 | BF354: 2.1216104 | BI354: 45240.041 | BJ354: 7530.2583 | BK354: 45240.041 | BL354: 1667.7539 | BM354: 45240.234 | BN354: 26.679321 | BO354: 45240.057 | BP354: 415.62982
A355: 45240.042 | B355: 14454.755 | E355: 45240.069 | F355: 48.373829 | G355: 45240.042 | H355: 1637.8655 | K355: 45240.161 | L355: 49.997082 | W355: 45240.044 | X355: 48.135365 | Y355: 45240.041 | Z355: 596.24487 | AC355: 45240.043 | AD355: -5.4287338 | AE355: 45240.041 | AF355: 10539.75 | AI355: 45240.125 | AJ355: 2.4533041 | AK355: 45240.041 | AL355: 6112.7798 | AU355: 45240.041 | AV355: 2608.1848 | AW355: 45240.211 | AX355: 31.410685 | AY355: 45240.311 | AZ355: 8.2731457 | BC355: 45240.043 | BD355: 361.51343 | BE355: 45240.238 | BF355: 2.2190685 | BI355: 45240.042 | BJ355: 7568.4961 | BK355: 45240.041 | BL355: 1649.8933 | BM355: 45240.234 | BN355: 26.157709 | BO355: 45240.058 | BP355: 413.32034
A356: 45240.042 | B356: 14684.956 | E356: 45240.069 | F356: 48.831779 | G356: 45240.042 | H356: 1646.3162 | K356: 45240.161 | L356: 50.106483 | W356: 45240.044 | X356: 48.14212 | Y356: 45240.041 | Z356: 591.07263 | AC356: 45240.043 | AD356: -5.6165848 | AE356: 45240.041 | AF356: 10510.136 | AI356: 45240.125 | AJ356: 2.4760356 | AK356: 45240.041 | AL356: 6155.8525 | AU356: 45240.041 | AV356: 2581.4976 | AW356: 45240.211 | AX356: 31.610012 | AY356: 45240.312 | AZ356: 7.9682798 | BC356: 45240.043 | BD356: 355.99304 | BE356: 45240.238 | BF356: 2.235765 | BI356: 45240.042 | BJ356: 7594.6045 | BK356: 45240.041 | BL356: 1552.0652 | BM356: 45240.234 | BN356: 26.675455 | BO356: 45240.058 | BP356: 414.03128
A357: 45240.043 | B357: 14082.688 | E357: 45240.069 | F357: 51.159931 | G357: 45240.042 | H357: 1646.6458 | K357: 45240.162 | L357: 50.237 | W357: 45240.045 | X357: 48.397141 | Y357: 45240.041 | Z357: 586.5495 | AC357: 45240.043 | AD357: -6.0365524 | AE357: 45240.041 | AF357: 10481.151 | AI357: 45240.125 | AJ357: 2.4695222 | AK357: 45240.041 | AL357: 6222.7744 | AU357: 45240.041 | AV357: 2562.4985 | AW357: 45240.212 | AX357: 32.805977 | AY357: 45240.312 | AZ357: 8.15487 | BC357: 45240.043 | BD357: 358.33524 | BE357: 45240.238 | BF357: 2.2499578 | BI357: 45240.042 | BJ357: 7519.5347 | BK357: 45240.041 | BL357: 1628.896 | BM357: 45240.236 | BN357: 26.622255 | BO357: 45240.058 | BP357: 413.75989
A358: 45240.043 | B358: 14119.974 | E358: 45240.069 | F358: 54.734539 | G358: 45240.042 | H358: 1634.1926 | K358: 45240.163 | L358: 50.345413 | W358: 45240.045 | X358: 48.709225 | Y358: 45240.041 | Z358: 582.83752 | AC358: 45240.043 | AD358: -6.0776825 | AE358: 45240.041 | AF358: 10474.226 | AI358: 45240.125 | AJ358: 2.4469588 | AK358: 45240.041 | AL358: 6291.8223 | AU358: 45240.041 | AV358: 2558.011 | AW358: 45240.213 | AX358: 32.961323 | AY358: 45240.314 | AZ358: 7.6000061 | BC358: 45240.043 | BD358: 361.76614 | BE358: 45240.238 | BF358: 2.2450876 | BI358: 45240.042 | BJ358: 7620.1528 | BK358: 45240.041 | BL358: 1677.3358 | BM358: 45240.237 | BN358: 25.933207 | BO358: 45240.058 | BP358: 412.67511
A359: 45240.043 | B359: 13716.065 | E359: 45240.069 | F359: 55.44593 | G359: 45240.042 | H359: 1634.2651 | K359: 45240.163 | L359: 50.392738 | W359: 45240.045 | X359: 49.135967 | Y359: 45240.042 | Z359: 580.47815 | AC359: 45240.043 | AD359: -6.2874832 | AE359: 45240.042 | AF359: 10588.669 | AI359: 45240.125 | AJ359: 2.4706988 | AK359: 45240.041 | AL359: 6293.624 | AU359: 45240.041 | AV359: 2549.6401 | AW359: 45240.213 | AX359: 33.116665 | AY359: 45240.315 | AZ359: 7.859303 | BC359: 45240.043 | BD359: 359.01685 | BE359: 45240.239 | BF359: 2.2138581 | BI359: 45240.042 | BJ359: 7669.0483 | BK359: 45240.041 | BL359: 1645.938 | BM359: 45240.237 | BN359: 26.653498 | BO359: 45240.058 | BP359: 412.52405
... A597: 45240.071 | B597: 1312.2107 | E597: 45240.11 | F597: 42.591721 | G597: 45240.07 | H597: 1624.5039 | K597: 45240.258 | L597: 53.830193 | W597: 45240.075 | X597: 49.578564 | Y597: 45240.069 | Z597: 606.66705 | AC597: 45240.08 | AD597: -1.9742661 | AE597: 45240.069 | AF597: 10275.741 | AI597: 45240.206 | AJ597: 1.5458027 | AK597: 45240.073 | AL597: 1445.9484 | AU597: 45240.069 | AV597: 777.95471 | AW597: 45240.266 | AX597: 41.864895 | AY597: 45240.507 | AZ597: 6.0175343 | BC597: 45240.185 | BD597: 186.55034 | BE597: 45240.311 | BF597: 2.0578935 | BI597: 45240.07 | BJ597: 1648.1174 | BK597: 45240.215 | BL597: 1681.1564 | BM597: 45240.394 | BN597: 26.919485 | BO597: 45240.098 | BP597: 420.76385
A598: 45240.071 | B598: 2403.9802 | E598: 45240.11 | F598: 42.466419 | G598: 45240.071 | H598: 1634.1427 | K598: 45240.258 | L598: 53.772732 | W598: 45240.075 | X598: 49.569611 | Y598: 45240.069 | Z598: 613.1825 | AC598: 45240.08 | AD598: -2.021347 | AE598: 45240.069 | AF598: 10265.011 | AI598: 45240.206 | AJ598: 1.5455495 | AK598: 45240.074 | AL598: 1470.3218 | AU598: 45240.069 | AV598: 776.68842 | AW598: 45240.266 | AX598: 42.436829 | BC598: 45240.185 | BD598: 189.54987 | BE598: 45240.311 | BF598: 2.0311606 | BI598: 45240.07 | BJ598: 1932.9363 | BK598: 45240.215 | BL598: 1402.8507 | BM598: 45240.394 | BN598: 26.908354 | BO598: 45240.098 | BP598: 421.39117
A599: 45240.071 | B599: 1701.7727 | E599: 45240.11 | F599: 41.776791 | G599: 45240.071 | H599: 1627.3967 | K599: 45240.259 | L599: 53.81823 | W599: 45240.075 | X599: 49.699295 | Y599: 45240.07 | Z599: 351.68335 | AC599: 45240.08 | AD599: -1.9514084 | AE599: 45240.069 | AF599: 10177.114 | AI599: 45240.206 | AJ599: 1.5283601 | AK599: 45240.074 | AL599: 1461.9094 | AU599: 45240.069 | AV599: 725.23511 | AW599: 45240.266 | AX599: 41.762791 | BC599: 45240.185 | BD599: 194.51724 | BE599: 45240.311 | BF599: 1.9826163 | BI599: 45240.07 | BJ599: 1999.2509 | BK599: 45240.215 | BL599: 1492.5726 | BM599: 45240.394 | BN599: 26.12088 | BO599: 45240.099 | BP599: 420.67944
A600: 45240.071 | B600: 727.36072 | E600: 45240.11 | F600: 43.101707 | G600: 45240.071 | H600: 1651.7271 | K600: 45240.259 | L600: 53.985767 | W600: 45240.075 | X600: 49.693726 | Y600: 45240.07 | Z600: 615.59802 | AC600: 45240.08 | AD600: -2.0308151 | AE600: 45240.069 | AF600: 10109.54 | AI600: 45240.206 | AJ600: 1.5022532 | AK600: 45240.074 | AL600: 1362.2861 | AU600: 45240.069 | AV600: 700.99146 | AW600: 45240.266 | AX600: 42.898956 | BC600: 45240.185 | BD600: 191.60391 | BE600: 45240.311 | BF600: 1.9614725 | BI600: 45240.07 | BJ600: 2018.9971 | BK600: 45240.215 | BL600: 1638.6012 | BM600: 45240.394 | BN600: 26.054468 | BO600: 45240.099 | BP600: 419.79346
A601: 45240.071 | B601: 2196.6946 | E601: 45240.111 | F601: 42.077782 | G601: 45240.071 | H601: 1626.382 | K601: 45240.26 | L601: 54.010197 | W601: 45240.075 | X601: 49.347717 | Y601: 45240.07 | Z601: 611.82202 | AC601: 45240.08 | AD601: -2.0587692 | AE601: 45240.07 | AF601: 10079.009 | AI601: 45240.206 | AJ601: 1.4817791 | AK601: 45240.074 | AL601: 1376.7273 | AU601: 45240.07 | AV601: 694.05646 | AW601: 45240.267 | AX601: 42.910164 | BC601: 45240.186 | BD601: 191.44405 | BE601: 45240.311 | BF601: 2.0201268 | BI601: 45240.071 | BJ601: 2022.7964 | BK601: 45240.215 | BL601: 1614.6244 | BM601: 45240.394 | BN601: 26.920568 | BO601: 45240.099 | BP601: 421.58362
A602: 45240.071 | B602: 2581.6836 | E602: 45240.111 | F602: 41.151932 | G602: 45240.071 | H602: 1641.3635 | K602: 45240.261 | L602: 53.93494 | W602: 45240.075 | X602: 49.352798 | Y602: 45240.07 | Z602: 608.32056 | AC602: 45240.081 | AD602: -1.9643402 | AE602: 45240.07 | AF602: 10079.297 | AI602: 45240.207 | AJ602: 1.4781773 | AK602: 45240.074 | AL602: 1428.4412 | AU602: 45240.07 | AV602: 690.67749 | AW602: 45240.268 | AX602: 43.042358 | BC602: 45240.186 | BD602: 194.95308 | BE602: 45240.311 | BF602: 2.0772283 | BI602: 45240.071 | BJ602: 2011.0845 | BK602: 45240.215 | BL602: 1645.6085 | BM602: 45240.399 | BN602: 26.875793 | BO602: 45240.099 | BP602: 419.88641
A603: 45240.071 | B603: 2278.8989 | E603: 45240.111 | F603: 41.242523 | G603: 45240.071 | H603: 1635.6619 | K603: 45240.261 | L603: 53.959232 | W603: 45240.075 | X603: 49.466839 | Y603: 45240.07 | Z603: 606.69836 | AC603: 45240.081 | AD603: -2.0120239 | AE603: 45240.07 | AF603: 10092.813 | AI603: 45240.207 | AJ603: 1.5055586 | AK603: 45240.074 | AL603: 1419.6827 | AU603: 45240.07 | AV603: 694.10431 | AW603: 45240.268 | AX603: 43.091927 | BC603: 45240.186 | BD603: 188.4269 | BE603: 45240.311 | BF603: 2.1155462 | BI603: 45240.071 | BJ603: 2096.5789 | BK603: 45240.215 | BL603: 1665.2993 | BM603: 45240.399 | BN603: 25.993662 | BO603: 45240.099 | BP603: 419.08606
A604: 45240.071 | B604: 1648.8484 | E604: 45240.111 | F604: 40.711605 | G604: 45240.071 | H604: 1632.8148 | K604: 45240.261 | L604: 53.908169 | W604: 45240.076 | X604: 49.454651 | Y604: 45240.07 | Z604: 607.01996 | AC604: 45240.081 | AD604: -1.9369278 | AE604: 45240.07 | AF604: 10088.2 | AI604: 45240.207 | AJ604: 1.5270321 | AK604: 45240.074 | AL604: 1338.7927 | AU604: 45240.07 | AV604: 763.03778 | AW604: 45240.268 | AX604: 43.124977 | BC604: 45240.186 | BD604: 188.44418 | BE604: 45240.312 | BF604: 2.1205873 | BI604: 45240.071 | BJ604: 2024.6552 | BK604: 45240.216 | BL604: 1617.306 | BM604: 45240.399 | BN604: 26.869581 | BO604: 45240.099 | BP604: 420.66702
A605: 45240.072 | B605: 2313.9297 | E605: 45240.111 | F605: 40.772602 | G605: 45240.071 | H605: 1649.3599 | K605: 45240.262 | L605: 53.664783 | W605: 45240.076 | X605: 49.47559 | Y605: 45240.07 | Z605: 604.05255 | AC605: 45240.082 | AD605: -2.1263657 | AE605: 45240.07 | AF605: 10055.031 | AI605: 45240.207 | AJ605: 1.5452851 | AK605: 45240.074 | AL605: 1383.7032 | AU605: 45240.07 | AV605: 781.79279 | AW605: 45240.269 | AX605: 43.160069 | BC605: 45240.186 | BD605: 190.13918 | BE605: 45240.314 | BF605: 2.1180255 | BI605: 45240.071 | BJ605: 2044.6731 | BK605: 45240.216 | BL605: 1623.4666 | BM605: 45240.399 | BN605: 26.918549 | BO605: 45240.099 | BP605: 420.85229
A606: 45240.072 | B606: 2088.3521 | E606: 45240.111 | F606: 39.59354 | G606: 45240.071 | H606: 1625.0865 | K606: 45240.262 | L606: 53.578953 | W606: 45240.076 | X606: 49.325359 | Y606: 45240.07 | Z606: 603.15186 | AC606: 45240.082 | AD606: -2.0196228 | AE606: 45240.07 | AF606: 10089.954 | AI606: 45240.207 | AJ606: 1.5478393 | AK606: 45240.075 | AL606: 1411.6449 | AU606: 45240.07 | AV606: 775.51843 | AW606: 45240.269 | AX606: 43.335533 | BC606: 45240.186 | BD606: 191.25403 | BE606: 45240.314 | BF606: 2.0874786 | BI606: 45240.071 | BJ606: 1952.071 | BK606: 45240.216 | BL606: 1706.661 | BM606: 45240.399 | BN606: 26.013079 | BO606: 45240.099 | BP606: 419.62262
A607: 45240.072 | B607: 2086.2358 | E607: 45240.111 | F607: 39.09251 | G607: 45240.072 | H607: 1641.7924 | K607: 45240.262 | L607: 53.611153 | W607: 45240.076 | X607: 49.421383 | Y607: 45240.07 | Z607: 601.40991 | AC607: 45240.082 | AD607: -2.0235748 | AE607: 45240.07 | AF607: 10115.444 | AI607: 45240.209 | AJ607: 1.5523168 | AK607: 45240.075 | AL607: 1375.6332 | AU607: 45240.07 | AV607: 766.08118 | AW607: 45240.269 | AX607: 43.40572 | BC607: 45240.186 | BD607: 187.05507 | BE607: 45240.314 | BF607: 2.0615137 | BI607: 45240.071 | BJ607: 1965.1372 | BK607: 45240.216 | BL607: 1670.4012 | BM607: 45240.399 | BN607: 26.880125 | BO607: 45240.1 | BP607: 420.39673
A608: 45240.072 | B608: 2163.9563 | E608: 45240.111 | F608: 38.038277 | G608: 45240.072 | H608: 1640.2683 | K608: 45240.263 | L608: 53.85305 | W608: 45240.076 | X608: 49.410625 | Y608: 45240.071 | Z608: 600.34644 | AC608: 45240.082 | AD608: -2.0554504 | AE608: 45240.07 | AF608: 10020.116 | AI608: 45240.209 | AJ608: 1.5590231 | AK608: 45240.075 | AL608: 1307.7399 | AU608: 45240.07 | AV608: 765.78497 | AW608: 45240.269 | AX608: 43.510998 | BC608: 45240.186 | BD608: 189.10493 | BE608: 45240.314 | BF608: 2.037889 | BI608: 45240.071 | BJ608: 2023.7468 | BK608: 45240.216 | BL608: 1619.3287 | BM608: 45240.401 | BN608: 26.902903 | BO608: 45240.1 | BP608: 422.25702
A609: 45240.072 | B609: 956.11798 | E609: 45240.112 | F609: 37.344757 | G609: 45240.072 | H609: 1645.3304 | K609: 45240.263 | L609: 53.915554 | W609: 45240.076 | X609: 49.225391 | Y609: 45240.071 | Z609: 597.73352 | AC609: 45240.082 | AD609: -2.1322403 | AE609: 45240.07 | AF609: 10072.43 | AI609: 45240.209 | AJ609: 1.5578077 | AK609: 45240.075 | AL609: 1303.9415 | AU609: 45240.07 | AV609: 761.50256 | AW609: 45240.269 | AX609: 41.847057 | BC609: 45240.186 | BD609: 188.03908 | BE609: 45240.315 | BF609: 1.9960117 | BI609: 45240.072 | BJ609: 1990.4717 | BK609: 45240.216 | BL609: 1761.547 | BM609: 45240.401 | BN609: 26.088369 | BO609: 45240.1 | BP609: 421.71805
... A785: 45240.093 | B785: 6187.5894 | E785: 45240.177 | F785: 55.97673 | G785: 45240.092 | H785: 1652.6544 | K785: 45240.313 | L785: 60.044941 | W785: 45240.098 | X785: 46.881058 | Y785: 45240.091 | Z785: 601.87018 | AC785: 45240.106 | AD785: -2.1091919 | AE785: 45240.091 | AF785: 10090.672 | AI785: 45240.282 | AJ785: 1.619873 | AK785: 45240.095 | AL785: 1472.2998 | AU785: 45240.091 | AV785: 737.09161 | AW785: 45240.315 | AX785: 36.122425 | BC785: 45240.207 | BD785: 373.651 | BE785: 45240.369 | BF785: 2.0244598 | BI785: 45240.093 | BJ785: 1900.834 | BK785: 45240.237 | BL785: 1692.577 | BM785: 45240.51 | BN785: 27.746017 | BO785: 45240.129 | BP785: 419.53796
A786: 45240.093 | B786: 6021.6929 | E786: 45240.177 | F786: 56.43214 | G786: 45240.092 | H786: 1622.5293 | K786: 45240.313 | L786: 59.951046 | W786: 45240.099 | X786: 46.91383 | Y786: 45240.091 | Z786: 599.4024 | AC786: 45240.106 | AD786: -2.1350098 | AE786: 45240.091 | AF786: 10008.554 | AI786: 45240.282 | AJ786: 1.6508467 | AK786: 45240.095 | AL786: 1378.1721 | AU786: 45240.091 | AV786: 742.56915 | AW786: 45240.315 | AX786: 35.947269 | BC786: 45240.207 | BD786: 371.42657 | BE786: 45240.369 | BF786: 2.0233603 | BI786: 45240.093 | BJ786: 1959.6124 | BK786: 45240.237 | BL786: 1602.3226 | BO786: 45240.13 | BP786: 419.06857
A787: 45240.094 | B787: 6043.5215 | E787: 45240.177 | F787: 53.919971 | G787: 45240.092 | H787: 1631.132 | K787: 45240.313 | L787: 59.821533 | W787: 45240.099 | X787: 46.88237 | Y787: 45240.091 | Z787: 600.98102 | AC787: 45240.106 | AD787: -2.1626129 | AE787: 45240.091 | AF787: 9961.0752 | AI787: 45240.282 | AJ787: 1.6530273 | AK787: 45240.095 | AL787: 1272.5895 | AU787: 45240.091 | AV787: 744.60858 | AW787: 45240.315 | AX787: 35.859688 | BC787: 45240.208 | BD787: 372.40274 | BE787: 45240.369 | BF787: 2.0330207 | BI787: 45240.093 | BJ787: 2001.5132 | BK787: 45240.237 | BL787: 1649.7318 | BO787: 45240.13 | BP787: 419.42255
A788: 45240.094 | B788: 5882.9624 | E788: 45240.178 | F788: 53.265312 | G788: 45240.093 | H788: 1631.4017 | K788: 45240.314 | L788: 59.650475 | W788: 45240.099 | X788: 46.722637 | Y788: 45240.091 | Z788: 600.7738 | AC788: 45240.106 | AD788: -2.1038055 | AE788: 45240.091 | AF788: 10053.993 | AI788: 45240.284 | AJ788: 1.6255851 | AK788: 45240.096 | AL788: 1369.9126 | AU788: 45240.091 | AV788: 744.8172 | AW788: 45240.315 | AX788: 35.77211 | BC788: 45240.208 | BD788: 372.93433 | BE788: 45240.369 | BF788: 2.052767 | BI788: 45240.093 | BJ788: 1951.4178 | BK788: 45240.237 | BL788: 1686.0179 | BO788: 45240.13 | BP788: 418.41901
A789: 45240.094 | B789: 6080.519 | E789: 45240.178 | F789: 54.234581 | G789: 45240.093 | H789: 1633.0293 | K789: 45240.314 | L789: 59.526634 | W789: 45240.099 | X789: 46.958084 | Y789: 45240.092 | Z789: 601.4278 | AC789: 45240.106 | AD789: -2.232254 | AE789: 45240.091 | AF789: 9982.4658 | AI789: 45240.284 | AJ789: 1.6022587 | AK789: 45240.096 | AL789: 1442.9261 | AU789: 45240.092 | AV789: 744.18597 | AW789: 45240.316 | AX789: 35.071476 | BC789: 45240.208 | BD789: 371.64932 | BE789: 45240.369 | BF789: 2.0695517 | BI789: 45240.093 | BJ789: 2049.9895 | BK789: 45240.237 | BL789: 1588.9474 | BO789: 45240.13 | BP789: 419.69122
A790: 45240.094 | B790: 6038.4585 | E790: 45240.178 | F790: 53.853394 | G790: 45240.093 | H790: 1630.3976 | K790: 45240.315 | L790: 59.524406 | W790: 45240.099 | X790: 46.813324 | Y790: 45240.092 | Z790: 617.75195 | AC790: 45240.106 | AD790: -2.0681458 | AE790: 45240.091 | AF790: 10034.735 | AI790: 45240.284 | AJ790: 1.5824307 | AK790: 45240.096 | AL790: 1448.0002 | AU790: 45240.092 | AV790: 748.81006 | AW790: 45240.317 | AX790: 35.002007 | BC790: 45240.208 | BD790: 373.6712 | BE790: 45240.369 | BF790: 2.0966451 | BI790: 45240.093 | BJ790: 2028.2682 | BK790: 45240.237 | BL790: 1671.1506 | BO790: 45240.13 | BP790: 418.40628
A791: 45240.094 | B791: 6187.9609 | E791: 45240.178 | F791: 54.702682 | G791: 45240.093 | H791: 1661.9055 | K791: 45240.315 | L791: 59.547806 | W791: 45240.099 | X791: 46.815067 | Y791: 45240.092 | Z791: 605.75305 | AC791: 45240.107 | AD791: -2.1387329 | AE791: 45240.092 | AF791: 10014.121 | AI791: 45240.285 | AJ791: 1.5931773 | AK791: 45240.096 | AL791: 1357.6641 | AU791: 45240.092 | AV791: 751.92603 | AW791: 45240.317 | AX791: 34.863064 | BC791: 45240.208 | BD791: 368.84143 | BE791: 45240.37 | BF791: 2.1170998 | BI791: 45240.093 | BJ791: 2020.4421 | BK791: 45240.237 | BL791: 1691.7032 | BO791: 45240.131 | BP791: 418.01047
A792: 45240.094 | B792: 5924.7075 | E792: 45240.178 | F792: 53.875515 | G792: 45240.093 | H792: 1635.1135 | K792: 45240.315 | L792: 59.5023 | W792: 45240.1 | X792: 46.618961 | Y792: 45240.092 | Z792: 609.3172 | AC792: 45240.107 | AD792: -2.0982742 | AE792: 45240.092 | AF792: 10019.475 | AI792: 45240.285 | AJ792: 1.611456 | AK792: 45240.096 | AL792: 1400.6174 | AU792: 45240.092 | AV792: 753.20905 | AW792: 45240.317 | AX792: 34.793591 | BC792: 45240.208 | BD792: 369.33276 | BE792: 45240.37 | BF792: 2.1304371 | BI792: 45240.093 | BJ792: 2022.2737 | BK792: 45240.237 | BL792: 1623.9655 | BO792: 45240.131 | BP792: 417.2449
A793: 45240.094 | B793: 6124.0967 | E793: 45240.178 | F793: 54.641716 | G793: 45240.093 | H793: 1643.9154 | K793: 45240.315 | L793: 59.446041 | W793: 45240.1 | X793: 47.037201 | Y793: 45240.092 | Z793: 616.29095 | AC793: 45240.107 | AD793: -2.0471573 | AE793: 45240.092 | AF793: 10047.183 | AI793: 45240.285 | AJ793: 1.6269933 | AK793: 45240.096 | AL793: 1476.7606 | AU793: 45240.092 | AV793: 754.25836 | AW793: 45240.317 | AX793: 34.237827 | BC793: 45240.208 | BD793: 376.56732 | BE793: 45240.37 | BF793: 2.1190529 | BI793: 45240.094 | BJ793: 1946.8478 | BK793: 45240.237 | BL793: 1690.7218 | BO793: 45240.131 | BP793: 417.3598
...
