Workbook

Sheet Sheet1
A1: Timestamp | B1: \\cenmes\CCE\LeakDetectionTest2\acpLeakDetection1|AcidPlantGasFlowrate_0_0 | C1: \\cenmes\CCE\LeakDetectionTest2\acpLeakDetection1|AmbientTemp_0_0 | D1: \\cenmes\CCE\LeakDetectionTest2\acpLeakDetection1|CircFlow_1_0 | E1: \\cenmes\CCE\LeakDetectionTest2\acpLeakDetection1|CircFlow_2_0 | F1: \\cenmes\CCE\LeakDetectionTest2\acpLeakDetection1|CircPress_1_0 | G1: \\cenmes\CCE\LeakDetectionTest2\acpLeakDetection1|CircPress_2_0 | H1: \\cenmes\CCE\LeakDetectionTest2\acpLeakDetection1|CircPump_1_1 | I1: \\cenmes\CCE\LeakDetectionTest2\acpLeakDetection1|CircPump_2_1 | J1: \\cenmes\CCE\LeakDetectionTest2\acpLeakDetection1|CircPumpCommon_0_1 | K1: \\cenmes\CCE\LeakDetectionTest2\acpLeakDetection1|ConvertorMode_0_0 | L1: \\cenmes\CCE\LeakDetectionTest2\acpLeakDetection1|ExpansionTankLevel_1_0 | M1: \\cenmes\CCE\LeakDetectionTest2\acpLeakDetection1|ExpansionTankLevel_2_0 | N1: \\cenmes\CCE\LeakDetectionTest2\acpLeakDetection1|FuelCoalCarrierAir_0_0 | O1: \\cenmes\CCE\LeakDetectionTest2\acpLeakDetection1|FurnaceSuctionPress_1_0 | P1: \\cenmes\CCE\LeakDetectionTest2\acpLeakDetection1|FurnaceSuctionPress_2_0 | Q1: \\cenmes\CCE\LeakDetectionTest2\acpLeakDetection1|LanceAir_0_0 | R1: \\cenmes\CCE\LeakDetectionTest2\acpLeakDetection1|LanceCoal_0_0 | S1: \\cenmes\CCE\LeakDetectionTest2\acpLeakDetection1|LanceCoalLoss_0_0 | T1: \\cenmes\CCE\LeakDetectionTest2\acpLeakDetection1|LanceOxygen_0_0 | U1: \\cenmes\CCE\LeakDetectionTest2\acpLeakDetection1|MakeUpPump005_0_1 | V1: \\cenmes\CCE\LeakDetectionTest2\acpLeakDetection1|MakeUpPump012_0_1 | W1: \\cenmes\CCE\LeakDetectionTest2\acpLeakDetection1|MatteCarrierAir_0_0 | X1: \\cenmes\CCE\LeakDetectionTest2\acpLeakDetection1|MatteFeed_0_0 | Y1: \\cenmes\CCE\LeakDetectionTest2\acpLeakDetection1|Moisture_0_0 | Z1: \\cenmes\CCE\LeakDetectionTest2\acpLeakDetection1|RoofCoalCarrierAir_0_0 | AA1: \\cenmes\CCE\LeakDetectionTest2\acpLeakDetection1|RoofCoalLoss_0_0 | AB1: \\cenmes\CCE\LeakDetectionTest2\acpLeakDetection1|ShroudAir_0_0 | AC1: \\cenmes\CCE\LeakDetectionTest2\acpLeakDetection1|ShroudOxygen_0_0 | AD1: \\cenmes\CCE\LeakDetectionTest2\acpLeakDetection1|SprayCoolerInletTemp_1_0 | AE1: \\cenmes\CCE\LeakDetectionTest2\acpLeakDetection1|SprayCoolerInletTemp_2_0 | AF1: \\cenmes\CCE\LeakDetectionTest2\acpLeakDetection1|StandbyCoalLoss_0_0
A2: {=_xll.PISampDat(Sheet1!$B$1,"2023/10/01 04:50:00","2023/10/01 07:50:00","1m",1,"")} -> 45200.201 | B2: 30572.848 | C2: {=_xll.PISampDat(Sheet1!$C$1,"2023/10/01 04:50:00","2023/10/01 07:50:00","1m",0,"")} -> 31.207626 | D2: {=_xll.PISampDat(Sheet1!$D$1,"2023/10/01 04:50:00","2023/10/01 07:50:00","1m",0,"")} -> Bad | E2: {=_xll.PISampDat(Sheet1!$E$1,"2023/10/01 04:50:00","2023/10/01 07:50:00","1m",0,"")} -> 1623.3071 | F2: {=_xll.PISampDat(Sheet1!$F$1,"2023/10/01 04:50:00","2023/10/01 07:50:00","1m",0,"")} -> Bad | G2: {=_xll.PISampDat(Sheet1!$G$1,"2023/10/01 04:50:00","2023/10/01 07:50:00","1m",0,"")} -> 58.513233 | H2: {=_xll.PISampDat(Sheet1!$H$1,"2023/10/01 04:50:00","2023/10/01 07:50:00","1m",0,"")} -> OFF | I2: {=_xll.PISampDat(Sheet1!$I$1,"2023/10/01 04:50:00","2023/10/01 07:50:00","1m",0,"")} -> ON | J2: {=_xll.PISampDat(Sheet1!$J$1,"2023/10/01 04:50:00","2023/10/01 07:50:00","1m",0,"")} -> OFF | K2: {=_xll.PISampDat(Sheet1!$K$1,"2023/10/01 04:50:00","2023/10/01 07:50:00","1m",0,"")} -> 8 | L2: {=_xll.PISampDat(Sheet1!$L$1,"2023/10/01 04:50:00","2023/10/01 07:50:00","1m",0,"")} -> Bad | M2: {=_xll.PISampDat(Sheet1!$M$1,"2023/10/01 04:50:00","2023/10/01 07:50:00","1m",0,"")} -> 49.77552 | N2: {=_xll.PISampDat(Sheet1!$N$1,"2023/10/01 04:50:00","2023/10/01 07:50:00","1m",0,"")} -> 565.61005 | O2: {=_xll.PISampDat(Sheet1!$O$1,"2023/10/01 04:50:00","2023/10/01 07:50:00","1m",0,"")} -> 0 | P2: {=_xll.PISampDat(Sheet1!$P$1,"2023/10/01 04:50:00","2023/10/01 07:50:00","1m",0,"")} -> -3.2810283 | Q2: {=_xll.PISampDat(Sheet1!$Q$1,"2023/10/01 04:50:00","2023/10/01 07:50:00","1m",0,"")} -> 13049.555 | R2: {=_xll.PISampDat(Sheet1!$R$1,"2023/10/01 04:50:00","2023/10/01 07:50:00","1m",0,"")} -> 1.0129275 | S2: {=_xll.PISampDat(Sheet1!$S$1,"2023/10/01 04:50:00","2023/10/01 07:50:00","1m",0,"")} -> 0.93723428 | T2: {=_xll.PISampDat(Sheet1!$T$1,"2023/10/01 04:50:00","2023/10/01 07:50:00","1m",0,"")} -> 9594.3818 | U2: {=_xll.PISampDat(Sheet1!$U$1,"2023/10/01 04:50:00","2023/10/01 07:50:00","1m",0,"")} -> OFF | V2: {=_xll.PISampDat(Sheet1!$V$1,"2023/10/01 04:50:00","2023/10/01 07:50:00","1m",0,"")} -> OFF | W2: {=_xll.PISampDat(Sheet1!$W$1,"2023/10/01 04:50:00","2023/10/01 07:50:00","1m",0,"")} -> 2475.7053 | X2: {=_xll.PISampDat(Sheet1!$X$1,"2023/10/01 04:50:00","2023/10/01 07:50:00","1m",0,"")} -> 44.943356 | Y2: {=_xll.PISampDat(Sheet1!$Y$1,"2023/10/01 04:50:00","2023/10/01 07:50:00","1m",0,"")} -> Bad | Z2: {=_xll.PISampDat(Sheet1!$Z$1,"2023/10/01 04:50:00","2023/10/01 07:50:00","1m",0,"")} -> 243.62041 | AA2: {=_xll.PISampDat(Sheet1!$AA$1,"2023/10/01 04:50:00","2023/10/01 07:50:00","1m",0,"")} -> 2.1529534 | AB2: {=_xll.PISampDat(Sheet1!$AB$1,"2023/10/01 04:50:00","2023/10/01 07:50:00","1m",0,"")} -> 7825.9351 | AC2: {=_xll.PISampDat(Sheet1!$AC$1,"2023/10/01 04:50:00","2023/10/01 07:50:00","1m",0,"")} -> 1669.0913 | AD2: {=_xll.PISampDat(Sheet1!$AD$1,"2023/10/01 04:50:00","2023/10/01 07:50:00","1m",0,"")} -> Bad | AE2: {=_xll.PISampDat(Sheet1!$AE$1,"2023/10/01 04:50:00","2023/10/01 07:50:00","1m",0,"")} -> 645.52368 | AF2: {=_xll.PISampDat(Sheet1!$AF$1,"2023/10/01 04:50:00","2023/10/01 07:50:00","1m",0,"")} -> 0
A3: 45200.202 | B3: 31431.107 | C3: 31.207626 | D3: Bad | E3: 1622.1534 | F3: Bad | G3: 58.468552 | H3: OFF | I3: ON | J3: OFF | K3: 8 | L3: Bad | M3: 49.357773 | N3: 552.08386 | O3: 0 | P3: -3.1699016 | Q3: 12930.448 | R3: 1.0129275 | S3: 0.99828619 | T3: 9643.377 | U3: OFF | V3: OFF | W3: 2978.3604 | X3: 44.987061 | Y3: Bad | Z3: 237.21919 | AA3: 2.1529534 | AB3: 7678.1689 | AC3: 1642.4248 | AD3: Bad | AE3: 642.58588 | AF3: 0
A4: 45200.203 | B4: 30466.738 | C4: 31.207626 | D4: Bad | E4: 1619.5037 | F4: Bad | G4: 58.374722 | H4: OFF | I4: ON | J4: OFF | K4: 8 | L4: Bad | M4: 48.166676 | N4: 549.28955 | O4: 0 | P4: -3.1247053 | Q4: 12594.731 | R4: 1.0129275 | S4: 1.3424257 | T4: 9560.4287 | U4: OFF | V4: OFF | W4: 3293.0054 | X4: 45.938824 | Y4: Bad | Z4: 199.44431 | AA4: 2.1529534 | AB4: 7676.4404 | AC4: 1672.983 | AD4: Bad | AE4: 639.0849 | AF4: 0
A5: 45200.203 | B5: 31029.174 | C5: 31.207626 | D5: Bad | E5: 1630.0464 | F5: Bad | G5: 58.193417 | H5: OFF | I5: ON | J5: OFF | K5: 8 | L5: Bad | M5: 46.87257 | N5: 547.58527 | O5: 0 | P5: -2.9356275 | Q5: 12186.333 | R5: 1.0129275 | S5: 1.2595856 | T5: 9577.8662 | U5: OFF | V5: OFF | W5: 3495.2246 | X5: 45.898716 | Y5: Bad | Z5: 229.14427 | AA5: 2.1529534 | AB5: 7652.1367 | AC5: 1670.7626 | AD5: Bad | AE5: 630.07507 | AF5: 0
A6: 45200.204 | B6: 30501.035 | C6: 31.207626 | D6: Bad | E6: 1620.5858 | F6: Bad | G6: 58.564808 | H6: OFF | I6: ON | J6: OFF | K6: 8 | L6: Bad | M6: 50.812195 | N6: 554.92126 | O6: 0 | P6: -2.9801712 | Q6: 12258.78 | R6: 1.0129275 | S6: 1.2595856 | T6: 9552.3848 | U6: OFF | V6: OFF | W6: 3767.8979 | X6: 45.061951 | Y6: Bad | Z6: 245.46399 | AA6: 2.1529534 | AB6: 7802.4946 | AC6: 1648.0728 | AD6: Bad | AE6: 650.41748 | AF6: 0
A7: 45200.205 | B7: 31929.16 | C7: 31.207626 | D7: Bad | E7: 1615.5095 | F7: Bad | G7: 58.726559 | H7: OFF | I7: ON | J7: OFF | K7: 8 | L7: Bad | M7: 52.598545 | N7: 560.54993 | O7: 0 | P7: -2.9790714 | Q7: 11718.508 | R7: 1.0129275 | S7: 1.2595856 | T7: 9509.7949 | U7: OFF | V7: OFF | W7: 3972.6946 | X7: 45.042038 | Y7: Bad | Z7: 253.37909 | AA7: 2.1529534 | AB7: 7418.1719 | AC7: 1626.0807 | AD7: Bad | AE7: 650.23944 | AF7: 0
A8: 45200.206 | B8: 31642.594 | C8: 31.207626 | D8: Bad | E8: 1620.9221 | F8: Bad | G8: 58.572159 | H8: OFF | I8: ON | J8: OFF | K8: 8 | L8: Bad | M8: 51.182117 | N8: 575.92535 | O8: 0 | P8: -2.6323402 | Q8: 11549.019 | R8: 1.0129275 | S8: 1.1174303 | T8: 9509.5479 | U8: OFF | V8: OFF | W8: 3553.1711 | X8: 43.714378 | Y8: Bad | Z8: 252.55653 | AA8: 2.1529534 | AB8: 7583.9385 | AC8: 1661.6553 | AD8: Bad | AE8: 637.91699 | AF8: 0
A9: 45200.206 | B9: 31685.766 | C9: 31.207626 | D9: Bad | E9: 1622.5118 | F9: Bad | G9: 58.526417 | H9: OFF | I9: ON | J9: OFF | K9: 8 | L9: Bad | M9: 50.815884 | N9: 577.65375 | O9: 0 | P9: -3.0863853 | Q9: 10265.803 | R9: 1.0129275 | S9: 1.1160501 | T9: 9354.6152 | U9: OFF | V9: OFF | W9: 4543.5942 | X9: 44.868595 | Y9: Bad | Z9: 259.73657 | AA9: 2.1848536 | AB9: 7642.6909 | AC9: 1651.2228 | AD9: Bad | AE9: 639.15106 | AF9: 0
A10: 45200.207 | B10: 31349.455 | C10: 31.207626 | D10: Bad | E10: 1619.5935 | F10: Bad | G10: 58.864735 | H10: OFF | I10: ON | J10: OFF | K10: 8 | L10: Bad | M10: 53.03997 | N10: 587.98883 | O10: 0 | P10: -3.0950265 | Q10: 10432.384 | R10: 1.0129275 | S10: 0.98502082 | T10: 9239.6826 | U10: OFF | V10: OFF | W10: 4469.0879 | X10: 44.942863 | Y10: Bad | Z10: 260.6553 | AA10: 2.3420801 | AB10: 7614.8638 | AC10: 1664.3673 | AD10: Bad | AE10: 648.97345 | AF10: 0
A11: 45200.208 | B11: 31725.057 | C11: 31.207626 | D11: Bad | E11: 1625.0814 | F11: Bad | G11: 58.915241 | H11: OFF | I11: ON | J11: OFF | K11: 8 | L11: Bad | M11: 52.898476 | N11: 608.94855 | O11: 0 | P11: -3.1557851 | Q11: 11184.259 | R11: 1.0129275 | S11: 1.1099341 | T11: 9301.6074 | U11: OFF | V11: OFF | W11: 4150.2852 | X11: 45.541443 | Y11: Bad | Z11: 278.80103 | AA11: 2.3420801 | AB11: 7624.4761 | AC11: 1641.7803 | AD11: Bad | AE11: 646.74164 | AF11: 0
A12: 45200.208 | B12: 31524.863 | C12: 31.207626 | D12: Bad | E12: 1617.0623 | F12: Bad | G12: 58.715614 | H12: OFF | I12: ON | J12: OFF | K12: 8 | L12: Bad | M12: 52.311668 | N12: 508.56781 | O12: 0 | P12: -3.2492511 | Q12: 11930.511 | R12: 1.0129275 | S12: 1.1101551 | T12: 9337.7686 | U12: OFF | V12: OFF | W12: 3738.7678 | X12: 45.554203 | Y12: Bad | Z12: 219.17937 | AA12: 2.3420801 | AB12: 7783.7524 | AC12: 1662.8733 | AD12: Bad | AE12: 642.21039 | AF12: 0
A13: 45200.209 | B13: 31617.133 | C13: 31.207626 | D13: Bad | E13: 1634.3943 | F13: Bad | G13: 58.289524 | H13: OFF | I13: ON | J13: OFF | K13: 8 | L13: Bad | M13: 48.019165 | N13: 606.78357 | O13: 0 | P13: -2.8679099 | Q13: 12510.021 | R13: 1.0129275 | S13: 1.1103762 | T13: 9256.0449 | U13: OFF | V13: OFF | W13: 3284.7903 | X13: 36.80566 | Y13: Bad | Z13: 269.21497 | AA13: 2.3420801 | AB13: 7552.9624 | AC13: 1644.098 | AD13: Bad | AE13: 634.52551 | AF13: 0
A14: 45200.21 | B14: 30855.643 | C14: 31.207626 | D14: Bad | E14: 1623.5754 | F14: Bad | G14: 58.327904 | H14: OFF | I14: ON | J14: OFF | K14: 8 | L14: Bad | M14: 47.93811 | N14: 599.33972 | O14: 0 | P14: -3.8909595 | Q14: 10371.274 | R14: 1.0129275 | S14: 1.1109191 | T14: 7875.9092 | U14: OFF | V14: OFF | W14: 2968.8335 | X14: 36.064995 | Y14: Bad | Z14: 265.04791 | AA14: 2.3036029 | AB14: 7590.8247 | AC14: 1640.8398 | AD14: Bad | AE14: 636.91309 | AF14: 0
... A173: 45200.32 | B173: 28365.545 | C173: 32.366966 | D173: Bad | E173: 1629.3644 | F173: Bad | G173: 61.162922 | H173: OFF | I173: ON | J173: OFF | K173: 8 | L173: Bad | M173: 53.254791 | N173: 609.07214 | O173: 0 | P173: -4.2175183 | Q173: 10405.735 | R173: 1.4000168 | S173: 1.387768 | T173: 8225.085 | U173: OFF | V173: OFF | W173: 3527.3552 | X173: 34.952465 | Y173: Bad | Z173: 260.40463 | AA173: 1.9692606 | AB173: 7575.9204 | AC173: 1631.9926 | AD173: Bad | AE173: 634.54449 | AF173: 0
A174: 45200.321 | B174: 28243.447 | C174: Bad | D174: Bad | E174: 1635.2772 | F174: Bad | G174: 61.091805 | H174: OFF | I174: ON | J174: OFF | K174: 8 | L174: Bad | M174: 52.90802 | N174: 621.90521 | O174: 0 | P174: -3.7870374 | Q174: 10588.626 | R174: 1.4000168 | S174: 1.387768 | T174: 8131.271 | U174: OFF | V174: OFF | W174: 3563.1194 | X174: 34.960861 | Y174: Bad | Z174: 279.34543 | AA174: 1.9692606 | AB174: 7635.9458 | AC174: 1645.0491 | AD174: Bad | AE174: 621.54968 | AF174: 0
A175: 45200.322 | B175: 28674.885 | C175: 32.366966 | D175: Bad | E175: 1622.4604 | F175: Bad | G175: 61.208981 | H175: OFF | I175: ON | J175: OFF | K175: 8 | L175: Bad | M175: 53.579445 | N175: 615.17865 | O175: 0 | P175: -3.6872003 | Q175: 10570.579 | R175: 1.4000168 | S175: 1.387768 | T175: 8268.7803 | U175: OFF | V175: OFF | W175: 3377.1716 | X175: 34.968048 | Y175: Bad | Z175: 273.62476 | AA175: 2.0263207 | AB175: 7640.5713 | AC175: 1653.4912 | AD175: Bad | AE175: 633.07343 | AF175: 0
A176: 45200.322 | B176: 28670.85 | C176: 32.366966 | D176: Bad | E176: 1627.0074 | F176: Bad | G176: 61.517361 | H176: OFF | I176: ON | J176: OFF | K176: 8 | L176: Bad | M176: 53.999424 | N176: 609.55566 | O176: 0 | P176: -3.5072272 | Q176: 10511.845 | R176: 1.4000168 | S176: 1.4726099 | T176: 8332.4326 | U176: OFF | V176: OFF | W176: 3382.5459 | X176: 34.963657 | Y176: Bad | Z176: 282.60379 | AA176: 2.0970602 | AB176: 7493.2422 | AC176: 1651.0056 | AD176: Bad | AE176: 643.06384 | AF176: 0
A177: 45200.323 | B177: 29047.939 | C177: 32.366966 | D177: Bad | E177: 1627.3766 | F177: Bad | G177: 61.703426 | H177: OFF | I177: ON | J177: OFF | K177: 8 | L177: Bad | M177: 53.917309 | N177: 611.77435 | O177: 0 | P177: -3.8165369 | Q177: 10519.246 | R177: 1.4000168 | S177: 1.4500304 | T177: 8377.0664 | U177: OFF | V177: OFF | W177: 3404.5208 | X177: 34.870491 | Y177: Bad | Z177: 280.15271 | AA177: 2.0970602 | AB177: 7582.4414 | AC177: 1653.6433 | AD177: Bad | AE177: 642.27631 | AF177: 0
A178: 45200.324 | B178: 28677.367 | C178: 32.366966 | D178: Bad | E178: 1623.6046 | F178: Bad | G178: 61.65062 | H178: OFF | I178: ON | J178: OFF | K178: 8 | L178: Bad | M178: 53.918098 | N178: 610.94269 | O178: 0 | P178: -4.1075554 | Q178: 10434.683 | R178: 1.4000168 | S178: 1.4280735 | T178: 8378.7617 | U178: OFF | V178: OFF | W178: 3291.4124 | X178: 34.884918 | Y178: Bad | Z178: 231.96515 | AA178: 2.0970602 | AB178: 7626.5762 | AC178: 1648.3414 | AD178: Bad | AE178: 634.63361 | AF178: 0
A179: 45200.324 | B179: 28488.734 | C179: 32.354618 | D179: Bad | E179: 1634.6636 | F179: Bad | G179: 61.575146 | H179: OFF | I179: ON | J179: OFF | K179: 8 | L179: Bad | M179: 53.559086 | N179: 598.99915 | O179: 0 | P179: -4.0343013 | Q179: 10606.585 | R179: 1.4000168 | S179: 1.4280735 | T179: 8379.6924 | U179: OFF | V179: OFF | W179: 3209.6011 | X179: 35.533108 | Y179: Bad | Z179: 261.0011 | AA179: 2.0970602 | AB179: 7673.1533 | AC179: 1628.9865 | AD179: Bad | AE179: 631.19293 | AF179: 0
A180: 45200.325 | B180: 28706.299 | C180: 32.354553 | D180: Bad | E180: 1632.2362 | F180: Bad | G180: 61.894009 | H180: OFF | I180: ON | J180: OFF | K180: 8 | L180: Bad | M180: 54.596664 | N180: 600.41302 | O180: 0 | P180: -3.9715071 | Q180: 10569.567 | R180: 1.4000168 | S180: 1.4419996 | T180: 8293.1064 | U180: OFF | V180: OFF | W180: 3280.6851 | X180: 34.598022 | Y180: Bad | Z180: 267.53741 | AA180: 2.1310363 | AB180: 7782.0137 | AC180: 1626.8168 | AD180: Bad | AE180: 642.77771 | AF180: 0
A181: 45200.326 | B181: 29239.182 | C181: 32.354492 | D181: Bad | E181: 1635.1305 | F181: Bad | G181: 62.078278 | H181: OFF | I181: ON | J181: OFF | K181: 8 | L181: Bad | M181: 54.67609 | N181: 608.03571 | O181: 0 | P181: -3.7197123 | Q181: 10564.423 | R181: 1.4000168 | S181: 1.547972 | T181: 8311.7881 | U181: OFF | V181: OFF | W181: 3677.0918 | X181: 34.934715 | Y181: Bad | Z181: 275.70218 | AA181: 2.1310363 | AB181: 7559.479 | AC181: 1627.6726 | AD181: Bad | AE181: 641.24567 | AF181: 0
A182: 45200.326 | B182: 28635.574 | C182: 32.354427 | D182: Bad | E182: 1643.3621 | F182: Bad | G182: 61.924408 | H182: OFF | I182: ON | J182: OFF | K182: 8 | L182: Bad | M182: 53.785301 | N182: 604.24969 | O182: 0 | P182: -3.417855 | Q182: 10266.727 | R182: 1.3830851 | S182: 1.547972 | T182: 8321.0791 | U182: OFF | V182: OFF | W182: 3365.4136 | X182: 34.936848 | Y182: Bad | Z182: 265.46997 | AA182: 2.1310363 | AB182: 7464.2178 | AC182: 1656.7422 | AD182: Bad | AE182: 629.71436 | AF182: 0

Sheet Sheet2
A1: Timestamp | B1: AcidPlantGasFlowrate_0_0 | C1: AmbientTemp_0_0 | D1: CircFlow_1_0 | E1: CircFlow_2_0 | F1: CircPress_1_0 | G1: CircPress_2_0 | H1: CircPump_1_1 | I1: CircPump_2_1 | J1: CircPumpCommon_0_1 | K1: ConvertorMode_0_0 | L1: ExpansionTankLevel_1_0 | M1: ExpansionTankLevel_2_0 | N1: FuelCoalCarrierAir_0_0 | O1: FurnaceSuctionPress_1_0 | P1: FurnaceSuctionPress_2_0 | Q1: LanceAir_0_0 | R1: LanceCoal_0_0 | S1: LanceCoalLoss_0_0 | T1: LanceOxygen_0_0 | U1: MakeUpPump005_0_1 | V1: MakeUpPump012_0_1 | W1: MatteCarrierAir_0_0 | X1: MatteFeed_0_0 | Y1: Moisture_0_0 | Z1: RoofCoalCarrierAir_0_0 | AA1: RoofCoalLoss_0_0 | AB1: ShroudAir_0_0 | AC1: ShroudOxygen_0_0 | AD1: SprayCoolerInletTemp_1_0 | AE1: SprayCoolerInletTemp_2_0 | AF1: StandbyCoalLoss_0_0
A2: 45228 | B2: 24535.088 | C2: 32.774078 | D2: 59.923374 | E2: 1643.1948 | F2: 0.56853038 | G2: 55.257206 | H2: OFF | I2: ON | J2: OFF | K2: 8 | L2: 2.364475 | M2: 49.045845 | N2: 596.84253 | O2: 0 | P2: -4.2481456 | Q2: 10422.474 | R2: 1.0073721 | S2: 1.0905379 | T2: 6398.2329 | U2: OFF | V2: OFF | W2: 3225.8813 | X2: 34.946674 | Y2: Bad | Z2: 173.56996 | AA2: 2.1605105 | AB2: 7552.8105 | AC2: 1581.7286 | AD2: 30.128016 | AE2: 653.0224 | AF2: 0
A3: 45228.001 | B3: 24399.162 | C3: 32.781521 | D3: 57.599728 | E3: 1630.4409 | F3: 0.57424128 | G3: 54.979744 | H3: OFF | I3: ON | J3: OFF | K3: 8 | L3: 2.3588238 | M3: 47.329441 | N3: 592.60724 | O3: 0 | P3: -3.935487 | Q3: 10475.014 | R3: 1.0073721 | S3: 1.0145524 | T3: 6331.4829 | U3: OFF | V3: OFF | W3: 3219.417 | X3: 34.542557 | Y3: Bad | Z3: 195.82428 | AA3: 2.1588204 | AB3: 7423.4126 | AC3: 1632.0175 | AD3: 30.083305 | AE3: 644.35358 | AF3: 0
A4: 45228.001 | B4: 24349.766 | C4: 32.78896 | D4: 54.204868 | E4: 1625.7976 | F4: 0.56598055 | G4: 54.943481 | H4: OFF | I4: ON | J4: OFF | K4: 8 | L4: 2.3531728 | M4: 47.428345 | N4: 599.64697 | O4: 0 | P4: -4.6019659 | Q4: 10273.498 | R4: 1.0073721 | S4: 0.99525589 | T4: 6321.6226 | U4: OFF | V4: OFF | W4: 3364.8877 | X4: 34.528214 | Y4: Bad | Z4: 204.54228 | AA4: 2.0161419 | AB4: 7709.4722 | AC4: 1654.9119 | AD4: 30.091396 | AE4: 658.24213 | AF4: 0
A5: 45228.002 | B5: 24872.717 | C5: 32.796398 | D5: 50.024406 | E5: 1626.0153 | F5: 0.56566471 | G5: 54.939331 | H5: OFF | I5: ON | J5: OFF | K5: 8 | L5: 2.3520103 | M5: 46.938332 | N5: 610.45728 | O5: 0 | P5: -4.1787276 | Q5: 10524.574 | R5: 1.0073721 | S5: 1.3794386 | T5: 6467.2451 | U5: OFF | V5: OFF | W5: 3337.2234 | X5: 34.234459 | Y5: Bad | Z5: 205.19901 | AA5: 1.9371626 | AB5: 7421.3135 | AC5: 1589.9993 | AD5: 30.117598 | AE5: 658.76648 | AF5: 0
A6: 45228.003 | B6: 23892.232 | C6: 32.803841 | D6: 48.052681 | E6: 1638.012 | F6: 0.5653488 | G6: 54.830788 | H6: OFF | I6: ON | J6: OFF | K6: 8 | L6: 2.3523643 | M6: 46.740368 | N6: 615.883 | O6: 0 | P6: -3.6373911 | Q6: 10510.73 | R6: 1.0073721 | S6: 1.1819006 | T6: 6414.3301 | U6: OFF | V6: OFF | W6: 3310.7722 | X6: 34.252838 | Y6: Bad | Z6: 203.36711 | AA6: 1.8530772 | AB6: 7451.6133 | AC6: 1605.875 | AD6: 30.090227 | AE6: 658.35883 | AF6: 0
A7: 45228.003 | B7: 23535.768 | C7: 32.811279 | D7: 48.962772 | E7: 1644.1495 | F7: 0.5658896 | G7: 54.725807 | H7: OFF | I7: ON | J7: OFF | K7: 8 | L7: 2.3527181 | M7: 46.475529 | N7: 654.30493 | O7: 0 | P7: -4.0863886 | Q7: 10436.604 | R7: 1.0073721 | S7: 1.178182 | T7: 6310.022 | U7: OFF | V7: OFF | W7: 3268.7734 | X7: 34.445702 | Y7: Bad | Z7: 227.45461 | AA7: 1.8731147 | AB7: 7533.0747 | AC7: 1647.3027 | AD7: 30.085262 | AE7: 649.30585 | AF7: 0
A8: 45228.004 | B8: 23668.561 | C8: 32.818718 | D8: 49.661022 | E8: 1649.6903 | F8: 0.57041872 | G8: 54.524017 | H8: OFF | I8: ON | J8: OFF | K8: 8 | L8: 2.3530722 | M8: 46.372887 | N8: 589.27283 | O8: 0 | P8: -4.3858962 | Q8: 10412.97 | R8: 1.0073721 | S8: 1.1744633 | T8: 6387.8213 | U8: OFF | V8: OFF | W8: 3246.5679 | X8: 34.4785 | Y8: Bad | Z8: 195.54504 | AA8: 1.8931522 | AB8: 7326.5674 | AC8: 1615.2974 | AD8: 30.081562 | AE8: 630.08429 | AF8: 0
A9: 45228.005 | B9: 22943.771 | C9: 32.826157 | D9: 50.171711 | E9: 1633.8206 | F9: 0.56794989 | G9: 54.278297 | H9: OFF | I9: ON | J9: OFF | K9: 8 | L9: 2.3534262 | M9: 46.933815 | N9: 586.55823 | O9: 0 | P9: -4.3401041 | Q9: 10587.026 | R9: 1.0073721 | S9: 1.1704975 | T9: 6304.3496 | U9: OFF | V9: OFF | W9: 3485.6938 | X9: 35.513344 | Y9: Bad | Z9: 188.82336 | AA9: 1.9139109 | AB9: 7401.9468 | AC9: 1595.8096 | AD9: 30.078367 | AE9: 649.4198 | AF9: 0
A10: 45228.006 | B10: 22394.533 | C10: 32.833599 | D10: 47.312683 | E10: 1641.6118 | F10: 0.56760842 | G10: 54.36142 | H10: OFF | I10: ON | J10: OFF | K10: 8 | L10: 2.3537803 | M10: 47.188595 | N10: 586.20264 | O10: 0 | P10: -3.9398654 | Q10: 10675.673 | R10: 1.0073721 | S10: 1.0681717 | T10: 6343.7622 | U10: OFF | V10: OFF | W10: 3345.0264 | X10: 34.920662 | Y10: Bad | Z10: 189.5809 | AA10: 2.0101547 | AB10: 7450.7998 | AC10: 1629.6909 | AD10: 30.075172 | AE10: 656.3139 | AF10: 0
A11: 45228.006 | B11: 22428.672 | C11: 32.841038 | D11: 46.11974 | E11: 1646.5389 | F11: 0.5701232 | G11: 54.308353 | H11: OFF | I11: ON | J11: OFF | K11: 8 | L11: 2.3988941 | M11: 46.579292 | N11: 587.10559 | O11: 0 | P11: -4.0324349 | Q11: 10587.69 | R11: 1.0073721 | S11: 1.2383391 | T11: 6491.9854 | U11: OFF | V11: OFF | W11: 3308.8547 | X11: 34.900623 | Y11: Bad | Z11: 195.34766 | AA11: 1.9974006 | AB11: 7515.8242 | AC11: 1662.9961 | AD11: 30.071978 | AE11: 656.55042 | AF11: 0
A12: 45228.007 | B12: 21655.098 | C12: 32.848476 | D12: 45.424877 | E12: 1633.3892 | F12: 0.57263803 | G12: 54.197876 | H12: OFF | I12: ON | J12: OFF | K12: 8 | L12: 2.5653899 | M12: 46.241058 | N12: 602.03436 | O12: 0 | P12: -4.1067281 | Q12: 10728.472 | R12: 1.0073721 | S12: 1.0720593 | T12: 6441.3789 | U12: OFF | V12: OFF | W12: 3069.6394 | X12: 34.736496 | Y12: Bad | Z12: 211.44373 | AA12: 2.0085192 | AB12: 7393.3789 | AC12: 1619.3719 | AD12: 30.068783 | AE12: 651.58209 | AF12: 0
A13: 45228.008 | B13: 21550.137 | C13: 32.855919 | D13: 47.620373 | E13: 1630.5983 | F13: 0.57515281 | G13: 54.002838 | H13: OFF | I13: ON | J13: OFF | K13: 8 | L13: 2.5283132 | M13: 45.914631 | N13: 607.71252 | O13: 0 | P13: -4.4053621 | Q13: 10563.145 | R13: 1.0073721 | S13: 1.4210031 | T13: 6537.1348 | U13: OFF | V13: OFF | W13: 2933.5757 | X13: 34.720467 | Y13: Bad | Z13: 197.62453 | AA13: 2.0196376 | AB13: 7542.0537 | AC13: 1574.1183 | AD13: 30.065588 | AE13: 631.63562 | AF13: 0
... A589: 45228.408 | B589: 28488.305 | C589: 35.653473 | D589: 3.7873929 | E589: 1632.7677 | F589: 0.55912757 | G589: 57.297523 | H589: OFF | I589: ON | J589: OFF | K589: 8 | L589: 2.7743032 | M589: 56.16489 | N589: 600.28558 | O589: 0 | P589: -5.0420203 | Q589: 10474.482 | R589: 1.4000583 | S589: 1.4241883 | T589: 6158.7832 | U589: OFF | V589: OFF | W589: 3013.7966 | X589: 29.957544 | Y589: Bad | Z589: 191.42097 | AA589: 2.1162384 | AB589: 7451.3481 | AC589: 1639.0225 | AD589: 28.78787 | AE589: 655.3894 | AF589: 0

Sheet Sheet3
A1: Timestamp | B1: AcidPlantGasFlowrate_0_0 | C1: AmbientTemp_0_0 | D1: CircFlow_1_0 | E1: CircFlow_2_0 | F1: CircPress_1_0 | G1: CircPress_2_0 | H1: CircPump_1_1 | I1: CircPump_2_1 | J1: CircPumpCommon_0_1 | K1: ConvertorMode_0_0 | L1: ExpansionTankLevel_1_0 | M1: ExpansionTankLevel_2_0 | N1: FuelCoalCarrierAir_0_0 | O1: FurnaceSuctionPress_1_0 | P1: FurnaceSuctionPress_2_0 | Q1: LanceAir_0_0 | R1: LanceCoal_0_0 | S1: LanceCoalLoss_0_0 | T1: LanceOxygen_0_0 | U1: MakeUpPump005_0_1 | V1: MakeUpPump012_0_1 | W1: MatteCarrierAir_0_0 | X1: MatteFeed_0_0 | Y1: Moisture_0_0 | Z1: RoofCoalCarrierAir_0_0 | AA1: RoofCoalLoss_0_0 | AB1: ShroudAir_0_0 | AC1: ShroudOxygen_0_0 | AD1: SprayCoolerInletTemp_1_0 | AE1: SprayCoolerInletTemp_2_0 | AF1: StandbyCoalLoss_0_0
A2: 45200.201 | B2: 30572.848 | C2: 31.207626 | D2: Bad | E2: 1623.3071 | F2: Bad | G2: 58.513233 | H2: OFF | I2: ON | J2: OFF | K2: 8 | L2: Bad | M2: 49.77552 | N2: 565.61005 | O2: 0 | P2: -3.2810283 | Q2: 13049.555 | R2: 1.0129275 | S2: 0.93723428 | T2: 9594.3818 | U2: OFF | V2: OFF | W2: 2475.7053 | X2: 44.943356 | Y2: Bad | Z2: 243.62041 | AA2: 2.1529534 | AB2: 7825.9351 | AC2: 1669.0913 | AD2: Bad | AE2: 645.52368 | AF2: 0
A3: 45200.202 | B3: 31431.107 | C3: 31.207626 | D3: Bad | E3: 1622.1534 | F3: Bad | G3: 58.468552 | H3: OFF | I3: ON | J3: OFF | K3: 8 | L3: Bad | M3: 49.357773 | N3: 552.08386 | O3: 0 | P3: -3.1699016 | Q3: 12930.448 | R3: 1.0129275 | S3: 0.99828619 | T3: 9643.377 | U3: OFF | V3: OFF | W3: 2978.3604 | X3: 44.987061 | Y3: Bad | Z3: 237.21919 | AA3: 2.1529534 | AB3: 7678.1689 | AC3: 1642.4248 | AD3: Bad | AE3: 642.58588 | AF3: 0
A4: 45200.203 | B4: 30466.738 | C4: 31.207626 | D4: Bad | E4: 1619.5037 | F4: Bad | G4: 58.374722 | H4: OFF | I4: ON | J4: OFF | K4: 8 | L4: Bad | M4: 48.166676 | N4: 549.28955 | O4: 0 | P4: -3.1247053 | Q4: 12594.731 | R4: 1.0129275 | S4: 1.3424257 | T4: 9560.4287 | U4: OFF | V4: OFF | W4: 3293.0054 | X4: 45.938824 | Y4: Bad | Z4: 199.44431 | AA4: 2.1529534 | AB4: 7676.4404 | AC4: 1672.983 | AD4: Bad | AE4: 639.0849 | AF4: 0
A5: 45200.203 | B5: 31029.174 | C5: 31.207626 | D5: Bad | E5: 1630.0464 | F5: Bad | G5: 58.193417 | H5: OFF | I5: ON | J5: OFF | K5: 8 | L5: Bad | M5: 46.87257 | N5: 547.58527 | O5: 0 | P5: -2.9356275 | Q5: 12186.333 | R5: 1.0129275 | S5: 1.2595856 | T5: 9577.8662 | U5: OFF | V5: OFF | W5: 3495.2246 | X5: 45.898716 | Y5: Bad | Z5: 229.14427 | AA5: 2.1529534 | AB5: 7652.1367 | AC5: 1670.7626 | AD5: Bad | AE5: 630.07507 | AF5: 0
A6: 45200.204 | B6: 30501.035 | C6: 31.207626 | D6: Bad | E6: 1620.5858 | F6: Bad | G6: 58.564808 | H6: OFF | I6: ON | J6: OFF | K6: 8 | L6: Bad | M6: 50.812195 | N6: 554.92126 | O6: 0 | P6: -2.9801712 | Q6: 12258.78 | R6: 1.0129275 | S6: 1.2595856 | T6: 9552.3848 | U6: OFF | V6: OFF | W6: 3767.8979 | X6: 45.061951 | Y6: Bad | Z6: 245.46399 | AA6: 2.1529534 | AB6: 7802.4946 | AC6: 1648.0728 | AD6: Bad | AE6: 650.41748 | AF6: 0
A7: 45200.205 | B7: 31929.16 | C7: 31.207626 | D7: Bad | E7: 1615.5095 | F7: Bad | G7: 58.726559 | H7: OFF | I7: ON | J7: OFF | K7: 8 | L7: Bad | M7: 52.598545 | N7: 560.54993 | O7: 0 | P7: -2.9790714 | Q7: 11718.508 | R7: 1.0129275 | S7: 1.2595856 | T7: 9509.7949 | U7: OFF | V7: OFF | W7: 3972.6946 | X7: 45.042038 | Y7: Bad | Z7: 253.37909 | AA7: 2.1529534 | AB7: 7418.1719 | AC7: 1626.0807 | AD7: Bad | AE7: 650.23944 | AF7: 0
A8: 45200.206 | B8: 31642.594 | C8: 31.207626 | D8: Bad | E8: 1620.9221 | F8: Bad | G8: 58.572159 | H8: OFF | I8: ON | J8: OFF | K8: 8 | L8: Bad | M8: 51.182117 | N8: 575.92535 | O8: 0 | P8: -2.6323402 | Q8: 11549.019 | R8: 1.0129275 | S8: 1.1174303 | T8: 9509.5479 | U8: OFF | V8: OFF | W8: 3553.1711 | X8: 43.714378 | Y8: Bad | Z8: 252.55653 | AA8: 2.1529534 | AB8: 7583.9385 | AC8: 1661.6553 | AD8: Bad | AE8: 637.91699 | AF8: 0
A9: 45200.206 | B9: 31685.766 | C9: 31.207626 | D9: Bad | E9: 1622.5118 | F9: Bad | G9: 58.526417 | H9: OFF | I9: ON | J9: OFF | K9: 8 | L9: Bad | M9: 50.815884 | N9: 577.65375 | O9: 0 | P9: -3.0863853 | Q9: 10265.803 | R9: 1.0129275 | S9: 1.1160501 | T9: 9354.6152 | U9: OFF | V9: OFF | W9: 4543.5942 | X9: 44.868595 | Y9: Bad | Z9: 259.73657 | AA9: 2.1848536 | AB9: 7642.6909 | AC9: 1651.2228 | AD9: Bad | AE9: 639.15106 | AF9: 0
A10: 45200.207 | B10: 31349.455 | C10: 31.207626 | D10: Bad | E10: 1619.5935 | F10: Bad | G10: 58.864735 | H10: OFF | I10: ON | J10: OFF | K10: 8 | L10: Bad | M10: 53.03997 | N10: 587.98883 | O10: 0 | P10: -3.0950265 | Q10: 10432.384 | R10: 1.0129275 | S10: 0.98502082 | T10: 9239.6826 | U10: OFF | V10: OFF | W10: 4469.0879 | X10: 44.942863 | Y10: Bad | Z10: 260.6553 | AA10: 2.3420801 | AB10: 7614.8638 | AC10: 1664.3673 | AD10: Bad | AE10: 648.97345 | AF10: 0
A11: 45200.208 | B11: 31725.057 | C11: 31.207626 | D11: Bad | E11: 1625.0814 | F11: Bad | G11: 58.915241 | H11: OFF | I11: ON | J11: OFF | K11: 8 | L11: Bad | M11: 52.898476 | N11: 608.94855 | O11: 0 | P11: -3.1557851 | Q11: 11184.259 | R11: 1.0129275 | S11: 1.1099341 | T11: 9301.6074 | U11: OFF | V11: OFF | W11: 4150.2852 | X11: 45.541443 | Y11: Bad | Z11: 278.80103 | AA11: 2.3420801 | AB11: 7624.4761 | AC11: 1641.7803 | AD11: Bad | AE11: 646.74164 | AF11: 0
A12: 45200.208 | B12: 31524.863 | C12: 31.207626 | D12: Bad | E12: 1617.0623 | F12: Bad | G12: 58.715614 | H12: OFF | I12: ON | J12: OFF | K12: 8 | L12: Bad | M12: 52.311668 | N12: 508.56781 | O12: 0 | P12: -3.2492511 | Q12: 11930.511 | R12: 1.0129275 | S12: 1.1101551 | T12: 9337.7686 | U12: OFF | V12: OFF | W12: 3738.7678 | X12: 45.554203 | Y12: Bad | Z12: 219.17937 | AA12: 2.3420801 | AB12: 7783.7524 | AC12: 1662.8733 | AD12: Bad | AE12: 642.21039 | AF12: 0
A13: 45200.209 | B13: 31617.133 | C13: 31.207626 | D13: Bad | E13: 1634.3943 | F13: Bad | G13: 58.289524 | H13: OFF | I13: ON | J13: OFF | K13: 8 | L13: Bad | M13: 48.019165 | N13: 606.78357 | O13: 0 | P13: -2.8679099 | Q13: 12510.021 | R13: 1.0129275 | S13: 1.1103762 | T13: 9256.0449 | U13: OFF | V13: OFF | W13: 3284.7903 | X13: 36.80566 | Y13: Bad | Z13: 269.21497 | AA13: 2.3420801 | AB13: 7552.9624 | AC13: 1644.098 | AD13: Bad | AE13: 634.52551 | AF13: 0
... A173: 45200.32 | B173: 28365.545 | C173: 32.366966 | D173: Bad | E173: 1629.3644 | F173: Bad | G173: 61.162922 | H173: OFF | I173: ON | J173: OFF | K173: 8 | L173: Bad | M173: 53.254791 | N173: 609.07214 | O173: 0 | P173: -4.2175183 | Q173: 10405.735 | R173: 1.4000168 | S173: 1.387768 | T173: 8225.085 | U173: OFF | V173: OFF | W173: 3527.3552 | X173: 34.952465 | Y173: Bad | Z173: 260.40463 | AA173: 1.9692606 | AB173: 7575.9204 | AC173: 1631.9926 | AD173: Bad | AE173: 634.54449 | AF173: 0
A174: 45200.321 | B174: 28243.447 | C174: Bad | D174: Bad | E174: 1635.2772 | F174: Bad | G174: 61.091805 | H174: OFF | I174: ON | J174: OFF | K174: 8 | L174: Bad | M174: 52.90802 | N174: 621.90521 | O174: 0 | P174: -3.7870374 | Q174: 10588.626 | R174: 1.4000168 | S174: 1.387768 | T174: 8131.271 | U174: OFF | V174: OFF | W174: 3563.1194 | X174: 34.960861 | Y174: Bad | Z174: 279.34543 | AA174: 1.9692606 | AB174: 7635.9458 | AC174: 1645.0491 | AD174: Bad | AE174: 621.54968 | AF174: 0
A175: 45200.322 | B175: 28674.885 | C175: 32.366966 | D175: Bad | E175: 1622.4604 | F175: Bad | G175: 61.208981 | H175: OFF | I175: ON | J175: OFF | K175: 8 | L175: Bad | M175: 53.579445 | N175: 615.17865 | O175: 0 | P175: -3.6872003 | Q175: 10570.579 | R175: 1.4000168 | S175: 1.387768 | T175: 8268.7803 | U175: OFF | V175: OFF | W175: 3377.1716 | X175: 34.968048 | Y175: Bad | Z175: 273.62476 | AA175: 2.0263207 | AB175: 7640.5713 | AC175: 1653.4912 | AD175: Bad | AE175: 633.07343 | AF175: 0
A176: 45200.322 | B176: 28670.85 | C176: 32.366966 | D176: Bad | E176: 1627.0074 | F176: Bad | G176: 61.517361 | H176: OFF | I176: ON | J176: OFF | K176: 8 | L176: Bad | M176: 53.999424 | N176: 609.55566 | O176: 0 | P176: -3.5072272 | Q176: 10511.845 | R176: 1.4000168 | S176: 1.4726099 | T176: 8332.4326 | U176: OFF | V176: OFF | W176: 3382.5459 | X176: 34.963657 | Y176: Bad | Z176: 282.60379 | AA176: 2.0970602 | AB176: 7493.2422 | AC176: 1651.0056 | AD176: Bad | AE176: 643.06384 | AF176: 0
A177: 45200.323 | B177: 29047.939 | C177: 32.366966 | D177: Bad | E177: 1627.3766 | F177: Bad | G177: 61.703426 | H177: OFF | I177: ON | J177: OFF | K177: 8 | L177: Bad | M177: 53.917309 | N177: 611.77435 | O177: 0 | P177: -3.8165369 | Q177: 10519.246 | R177: 1.4000168 | S177: 1.4500304 | T177: 8377.0664 | U177: OFF | V177: OFF | W177: 3404.5208 | X177: 34.870491 | Y177: Bad | Z177: 280.15271 | AA177: 2.0970602 | AB177: 7582.4414 | AC177: 1653.6433 | AD177: Bad | AE177: 642.27631 | AF177: 0
A178: 45200.324 | B178: 28677.367 | C178: 32.366966 | D178: Bad | E178: 1623.6046 | F178: Bad | G178: 61.65062 | H178: OFF | I178: ON | J178: OFF | K178: 8 | L178: Bad | M178: 53.918098 | N178: 610.94269 | O178: 0 | P178: -4.1075554 | Q178: 10434.683 | R178: 1.4000168 | S178: 1.4280735 | T178: 8378.7617 | U178: OFF | V178: OFF | W178: 3291.4124 | X178: 34.884918 | Y178: Bad | Z178: 231.96515 | AA178: 2.0970602 | AB178: 7626.5762 | AC178: 1648.3414 | AD178: Bad | AE178: 634.63361 | AF178: 0
A179: 45200.324 | B179: 28488.734 | C179: 32.354618 | D179: Bad | E179: 1634.6636 | F179: Bad | G179: 61.575146 | H179: OFF | I179: ON | J179: OFF | K179: 8 | L179: Bad | M179: 53.559086 | N179: 598.99915 | O179: 0 | P179: -4.0343013 | Q179: 10606.585 | R179: 1.4000168 | S179: 1.4280735 | T179: 8379.6924 | U179: OFF | V179: OFF | W179: 3209.6011 | X179: 35.533108 | Y179: Bad | Z179: 261.0011 | AA179: 2.0970602 | AB179: 7673.1533 | AC179: 1628.9865 | AD179: Bad | AE179: 631.19293 | AF179: 0
A180: 45200.325 | B180: 28706.299 | C180: 32.354553 | D180: Bad | E180: 1632.2362 | F180: Bad | G180: 61.894009 | H180: OFF | I180: ON | J180: OFF | K180: 8 | L180: Bad | M180: 54.596664 | N180: 600.41302 | O180: 0 | P180: -3.9715071 | Q180: 10569.567 | R180: 1.4000168 | S180: 1.4419996 | T180: 8293.1064 | U180: OFF | V180: OFF | W180: 3280.6851 | X180: 34.598022 | Y180: Bad | Z180: 267.53741 | AA180: 2.1310363 | AB180: 7782.0137 | AC180: 1626.8168 | AD180: Bad | AE180: 642.77771 | AF180: 0
A181: 45200.326 | B181: 29239.182 | C181: 32.354492 | D181: Bad | E181: 1635.1305 | F181: Bad | G181: 62.078278 | H181: OFF | I181: ON | J181: OFF | K181: 8 | L181: Bad | M181: 54.67609 | N181: 608.03571 | O181: 0 | P181: -3.7197123 | Q181: 10564.423 | R181: 1.4000168 | S181: 1.547972 | T181: 8311.7881 | U181: OFF | V181: OFF | W181: 3677.0918 | X181: 34.934715 | Y181: Bad | Z181: 275.70218 | AA181: 2.1310363 | AB181: 7559.479 | AC181: 1627.6726 | AD181: Bad | AE181: 641.24567 | AF181: 0
A182: 45200.326 | B182: 28635.574 | C182: 32.354427 | D182: Bad | E182: 1643.3621 | F182: Bad | G182: 61.924408 | H182: OFF | I182: ON | J182: OFF | K182: 8 | L182: Bad | M182: 53.785301 | N182: 604.24969 | O182: 0 | P182: -3.417855 | Q182: 10266.727 | R182: 1.3830851 | S182: 1.547972 | T182: 8321.0791 | U182: OFF | V182: OFF | W182: 3365.4136 | X182: 34.936848 | Y182: Bad | Z182: 265.46997 | AA182: 2.1310363 | AB182: 7464.2178 | AC182: 1656.7422 | AD182: Bad | AE182: 629.71436 | AF182: 0
