Workbook

Sheet Sheet1
A1: Timestamps | B1: \\usmlmes\USMLPI_MDB\USMLPIMBD\Conversions and Totals\GenTo2valTotal.24.5|ACE:315.Coal.Consumption.Day.Total.86400.18000.2Tot | C1: \\usmlmes\USMLPI_MDB\USMLPIMBD\Conversions and Totals\GenTo2valTotal.24.5|ACE:315.SCC.Feed.Day.Total.86400.18000.2Tot | D1: \\usmlmes\USMLPI_MDB\USMLPIMBD\Conversions and Totals\GenTo2valTotal.24.5|ACE:345-TIC-007C/MVC.QON.Daily.Utilization.86400.18000.2Tot | E1: \\usmlmes\USMLPI_MDB\USMLPIMBD\Conversions and Totals\GenTo2valTotal.24.5|ACE:345-WI-006/PV.V.Transfer.Daily.Ave.86400.18000.eAve | F1: \\usmlmes\USMLPI_MDB\USMLPIMBD\Conversions and Totals\GenTo2valTotal.24.5|ACE:345-WI-006/PV.V.Transfer.Daily.StdDev.86400.18000.eStdDev | G1: \\usmlmes\USMLPI_MDB\USMLPIMBD\Conversions and Totals\GenTo2valTotal.24.5|ACE:345-WI-007/PV.V.Transfer.Daily.Ave.86400.18000.eAve | H1: \\usmlmes\USMLPI_MDB\USMLPIMBD\Conversions and Totals\GenTo2valTotal.24.5|ACE:345-WI-007/PV.V.Transfer.Daily.StdDev.86400.18000.eStdDev | I1: \\usmlmes\USMLPI_MDB\USMLPIMBD\Conversions and Totals\GenTo2valTotal.24.5|ACE:414-PIC-610C/MVC.QON.Daily.Utilization.86400.18000.2Tot | J1: \\usmlmes\USMLPI_MDB\USMLPIMBD\Conversions and Totals\GenTo2valTotal.24.5|ACE:494-WI-020/PV.V.Transfer.Daily.Ave.86400.18000.eAve | K1: \\usmlmes\USMLPI_MDB\USMLPIMBD\Conversions and Totals\GenTo2valTotal.24.5|ACE:494-WI-020/PV.V.Transfer.Daily.StdDev.86400.18000.eStdDev | L1: \\usmlmes\USMLPI_MDB\USMLPIMBD\Conversions and Totals\GenTo2valTotal.24.5|ACE:494-WI-030/PV.V.Transfer.Daily.Ave.86400.18000.eAve | M1: \\usmlmes\USMLPI_MDB\USMLPIMBD\Conversions and Totals\GenTo2valTotal.24.5|ACE:494-WI-030/PV.V.Transfer.Daily.StdDev.86400.18000.eStdDev | N1: \\usmlmes\USMLPI_MDB\USMLPIMBD\Conversions and Totals\GenTo2valTotal.24.5|Formula
A2: {=_xll.PISampDat(Sheet1!$B$1,"t-30d","t","1d",1,"")} -> #NAME? | B2: #NAME? | C2: {=_xll.PISampDat(Sheet1!$C$1,"t-30d","t","1d",0,"")} -> #NAME? | D2: {=_xll.PISampDat(Sheet1!$D$1,"t-30d","t","1d",0,"")} -> #NAME? | E2: {=_xll.PISampDat(Sheet1!$E$1,"t-30d","t","1d",0,"")} -> #NAME? | F2: {=_xll.PISampDat(Sheet1!$F$1,"t-30d","t","1d",0,"")} -> #NAME? | G2: {=_xll.PISampDat(Sheet1!$G$1,"t-30d","t","1d",0,"")} -> #NAME? | H2: {=_xll.PISampDat(Sheet1!$H$1,"t-30d","t","1d",0,"")} -> #NAME? | I2: {=_xll.PISampDat(Sheet1!$I$1,"t-30d","t","1d",0,"")} -> #NAME? | J2: {=_xll.PISampDat(Sheet1!$J$1,"t-30d","t","1d",0,"")} -> #NAME? | K2: {=_xll.PISampDat(Sheet1!$K$1,"t-30d","t","1d",0,"")} -> #NAME? | L2: {=_xll.PISampDat(Sheet1!$L$1,"t-30d","t","1d",0,"")} -> #NAME? | M2: {=_xll.PISampDat(Sheet1!$M$1,"t-30d","t","1d",0,"")} -> #NAME? | N2: {=_xll.PISampDat(Sheet1!$N$1,"t-30d","t","1d",0,"")} -> #NAME?
A3: #NAME? | B3: #NAME? | C3: #NAME? | D3: #NAME? | E3: #NAME? | F3: #NAME? | G3: #NAME? | H3: #NAME? | I3: #NAME? | J3: #NAME? | K3: #NAME? | L3: #NAME? | M3: #NAME? | N3: #NAME?
A4: #NAME? | B4: #NAME? | C4: #NAME? | D4: #NAME? | E4: #NAME? | F4: #NAME? | G4: #NAME? | H4: #NAME? | I4: #NAME? | J4: #NAME? | K4: #NAME? | L4: #NAME? | M4: #NAME? | N4: #NAME?
A5: #NAME? | B5: #NAME? | C5: #NAME? | D5: #NAME? | E5: #NAME? | F5: #NAME? | G5: #NAME? | H5: #NAME? | I5: #NAME? | J5: #NAME? | K5: #NAME? | L5: #NAME? | M5: #NAME? | N5: #NAME?
A6: #NAME? | B6: #NAME? | C6: #NAME? | D6: #NAME? | E6: #NAME? | F6: #NAME? | G6: #NAME? | H6: #NAME? | I6: #NAME? | J6: #NAME? | K6: #NAME? | L6: #NAME? | M6: #NAME? | N6: #NAME?
A7: #NAME? | B7: #NAME? | C7: #NAME? | D7: #NAME? | E7: #NAME? | F7: #NAME? | G7: #NAME? | H7: #NAME? | I7: #NAME? | J7: #NAME? | K7: #NAME? | L7: #NAME? | M7: #NAME? | N7: #NAME?
A8: #NAME? | B8: #NAME? | C8: #NAME? | D8: #NAME? | E8: #NAME? | F8: #NAME? | G8: #NAME? | H8: #NAME? | I8: #NAME? | J8: #NAME? | K8: #NAME? | L8: #NAME? | M8: #NAME? | N8: #NAME?
A9: #NAME? | B9: #NAME? | C9: #NAME? | D9: #NAME? | E9: #NAME? | F9: #NAME? | G9: #NAME? | H9: #NAME? | I9: #NAME? | J9: #NAME? | K9: #NAME? | L9: #NAME? | M9: #NAME? | N9: #NAME?
A10: #NAME? | B10: #NAME? | C10: #NAME? | D10: #NAME? | E10: #NAME? | F10: #NAME? | G10: #NAME? | H10: #NAME? | I10: #NAME? | J10: #NAME? | K10: #NAME? | L10: #NAME? | M10: #NAME? | N10: #NAME?
A11: #NAME? | B11: #NAME? | C11: #NAME? | D11: #NAME? | E11: #NAME? | F11: #NAME? | G11: #NAME? | H11: #NAME? | I11: #NAME? | J11: #NAME? | K11: #NAME? | L11: #NAME? | M11: #NAME? | N11: #NAME?
A12: #NAME? | B12: #NAME? | C12: #NAME? | D12: #NAME? | E12: #NAME? | F12: #NAME? | G12: #NAME? | H12: #NAME? | I12: #NAME? | J12: #NAME? | K12: #NAME? | L12: #NAME? | M12: #NAME? | N12: #NAME?
A13: #NAME? | B13: #NAME? | C13: #NAME? | D13: #NAME? | E13: #NAME? | F13: #NAME? | G13: #NAME? | H13: #NAME? | I13: #NAME? | J13: #NAME? | K13: #NAME? | L13: #NAME? | M13: #NAME? | N13: #NAME?
A14: #NAME? | B14: #NAME? | C14: #NAME? | D14: #NAME? | E14: #NAME? | F14: #NAME? | G14: #NAME? | H14: #NAME? | I14: #NAME? | J14: #NAME? | K14: #NAME? | L14: #NAME? | M14: #NAME? | N14: #NAME?
... A32: #NAME? | B32: #NAME? | C32: #NAME? | D32: #NAME? | E32: #NAME? | F32: #NAME? | G32: #NAME? | H32: #NAME? | I32: #NAME? | J32: #NAME? | K32: #NAME? | L32: #NAME? | M32: #NAME? | N32: #NAME?

Sheet Sheet4
A1: Timestamps | B1: \\usmlmes\USMLPI_MDB\USMLPIMBD\Conversions and Totals\GenTo2valTotal.24.5\OutputTags|ACE:315.Coal.Consumption.Day.Total.86400.18000.2Tot | C1: \\usmlmes\USMLPI_MDB\USMLPIMBD\Conversions and Totals\GenTo2valTotal.24.5\OutputTags|ACE:315.SCC.Feed.Day.Total.86400.18000.2Tot | D1: \\usmlmes\USMLPI_MDB\USMLPIMBD\Conversions and Totals\GenTo2valTotal.24.5\OutputTags|ACE:345-TIC-007C/MVC.QON.Daily.Utilization.86400.18000.2Tot | E1: \\usmlmes\USMLPI_MDB\USMLPIMBD\Conversions and Totals\GenTo2valTotal.24.5\OutputTags|ACE:345-WI-006/PV.V.Transfer.Daily.Ave.86400.18000.eAve | F1: \\usmlmes\USMLPI_MDB\USMLPIMBD\Conversions and Totals\GenTo2valTotal.24.5\OutputTags|ACE:345-WI-006/PV.V.Transfer.Daily.StdDev.86400.18000.eStdDev | G1: \\usmlmes\USMLPI_MDB\USMLPIMBD\Conversions and Totals\GenTo2valTotal.24.5\OutputTags|ACE:345-WI-007/PV.V.Transfer.Daily.Ave.86400.18000.eAve | H1: \\usmlmes\USMLPI_MDB\USMLPIMBD\Conversions and Totals\GenTo2valTotal.24.5\OutputTags|ACE:345-WI-007/PV.V.Transfer.Daily.StdDev.86400.18000.eStdDev | I1: \\usmlmes\USMLPI_MDB\USMLPIMBD\Conversions and Totals\GenTo2valTotal.24.5\OutputTags|ACE:414-PIC-610C/MVC.QON.Daily.Utilization.86400.18000.2Tot | J1: \\usmlmes\USMLPI_MDB\USMLPIMBD\Conversions and Totals\GenTo2valTotal.24.5\OutputTags|ACE:494-WI-020/PV.V.Transfer.Daily.Ave.86400.18000.eAve | K1: \\usmlmes\USMLPI_MDB\USMLPIMBD\Conversions and Totals\GenTo2valTotal.24.5\OutputTags|ACE:494-WI-020/PV.V.Transfer.Daily.StdDev.86400.18000.eStdDev | L1: \\usmlmes\USMLPI_MDB\USMLPIMBD\Conversions and Totals\GenTo2valTotal.24.5\OutputTags|ACE:494-WI-030/PV.V.Transfer.Daily.Ave.86400.18000.eAve | M1: \\usmlmes\USMLPI_MDB\USMLPIMBD\Conversions and Totals\GenTo2valTotal.24.5\OutputTags|ACE:494-WI-030/PV.V.Transfer.Daily.StdDev.86400.18000.eStdDev | N1: \\usmlmes\USMLPI_MDB\USMLPIMBD\Conversions and Totals\GenTo2valTotal.24.5\OutputTags|NotusedPlaceholder
A2: {=_xll.PISampDat(Sheet4!$B$1,"t-30d","t","86400s",1,"")} -> #NAME? | B2: #NAME? | C2: {=_xll.PISampDat(Sheet4!$C$1,"t-30d","t","86400s",0,"")} -> #NAME? | D2: {=_xll.PISampDat(Sheet4!$D$1,"t-30d","t","86400s",0,"")} -> #NAME? | E2: {=_xll.PISampDat(Sheet4!$E$1,"t-30d","t","86400s",0,"")} -> #NAME? | F2: {=_xll.PISampDat(Sheet4!$F$1,"t-30d","t","86400s",0,"")} -> #NAME? | G2: {=_xll.PISampDat(Sheet4!$G$1,"t-30d","t","86400s",0,"")} -> #NAME? | H2: {=_xll.PISampDat(Sheet4!$H$1,"t-30d","t","86400s",0,"")} -> #NAME? | I2: {=_xll.PISampDat(Sheet4!$I$1,"t-30d","t","86400s",0,"")} -> #NAME? | J2: {=_xll.PISampDat(Sheet4!$J$1,"t-30d","t","86400s",0,"")} -> #NAME? | K2: {=_xll.PISampDat(Sheet4!$K$1,"t-30d","t","86400s",0,"")} -> #NAME? | L2: {=_xll.PISampDat(Sheet4!$L$1,"t-30d","t","86400s",0,"")} -> #NAME? | M2: {=_xll.PISampDat(Sheet4!$M$1,"t-30d","t","86400s",0,"")} -> #NAME? | N2: {=_xll.PISampDat(Sheet4!$N$1,"t-30d","t","86400s",0,"")} -> #NAME?
A3: #NAME? | B3: #NAME? | C3: #NAME? | D3: #NAME? | E3: #NAME? | F3: #NAME? | G3: #NAME? | H3: #NAME? | I3: #NAME? | J3: #NAME? | K3: #NAME? | L3: #NAME? | M3: #NAME? | N3: #NAME?
A4: #NAME? | B4: #NAME? | C4: #NAME? | D4: #NAME? | E4: #NAME? | F4: #NAME? | G4: #NAME? | H4: #NAME? | I4: #NAME? | J4: #NAME? | K4: #NAME? | L4: #NAME? | M4: #NAME? | N4: #NAME?
A5: #NAME? | B5: #NAME? | C5: #NAME? | D5: #NAME? | E5: #NAME? | F5: #NAME? | G5: #NAME? | H5: #NAME? | I5: #NAME? | J5: #NAME? | K5: #NAME? | L5: #NAME? | M5: #NAME? | N5: #NAME?
A6: #NAME? | B6: #NAME? | C6: #NAME? | D6: #NAME? | E6: #NAME? | F6: #NAME? | G6: #NAME? | H6: #NAME? | I6: #NAME? | J6: #NAME? | K6: #NAME? | L6: #NAME? | M6: #NAME? | N6: #NAME?
A7: #NAME? | B7: #NAME? | C7: #NAME? | D7: #NAME? | E7: #NAME? | F7: #NAME? | G7: #NAME? | H7: #NAME? | I7: #NAME? | J7: #NAME? | K7: #NAME? | L7: #NAME? | M7: #NAME? | N7: #NAME?
A8: #NAME? | B8: #NAME? | C8: #NAME? | D8: #NAME? | E8: #NAME? | F8: #NAME? | G8: #NAME? | H8: #NAME? | I8: #NAME? | J8: #NAME? | K8: #NAME? | L8: #NAME? | M8: #NAME? | N8: #NAME?
A9: #NAME? | B9: #NAME? | C9: #NAME? | D9: #NAME? | E9: #NAME? | F9: #NAME? | G9: #NAME? | H9: #NAME? | I9: #NAME? | J9: #NAME? | K9: #NAME? | L9: #NAME? | M9: #NAME? | N9: #NAME?
A10: #NAME? | B10: #NAME? | C10: #NAME? | D10: #NAME? | E10: #NAME? | F10: #NAME? | G10: #NAME? | H10: #NAME? | I10: #NAME? | J10: #NAME? | K10: #NAME? | L10: #NAME? | M10: #NAME? | N10: #NAME?
A11: #NAME? | B11: #NAME? | C11: #NAME? | D11: #NAME? | E11: #NAME? | F11: #NAME? | G11: #NAME? | H11: #NAME? | I11: #NAME? | J11: #NAME? | K11: #NAME? | L11: #NAME? | M11: #NAME? | N11: #NAME?
A12: #NAME? | B12: #NAME? | C12: #NAME? | D12: #NAME? | E12: #NAME? | F12: #NAME? | G12: #NAME? | H12: #NAME? | I12: #NAME? | J12: #NAME? | K12: #NAME? | L12: #NAME? | M12: #NAME? | N12: #NAME?
A13: #NAME? | B13: #NAME? | C13: #NAME? | D13: #NAME? | E13: #NAME? | F13: #NAME? | G13: #NAME? | H13: #NAME? | I13: #NAME? | J13: #NAME? | K13: #NAME? | L13: #NAME? | M13: #NAME? | N13: #NAME?
A14: #NAME? | B14: #NAME? | C14: #NAME? | D14: #NAME? | E14: #NAME? | F14: #NAME? | G14: #NAME? | H14: #NAME? | I14: #NAME? | J14: #NAME? | K14: #NAME? | L14: #NAME? | M14: #NAME? | N14: #NAME?
... A32: #NAME? | B32: #NAME? | C32: #NAME? | D32: #NAME? | E32: #NAME? | F32: #NAME? | G32: #NAME? | H32: #NAME? | I32: #NAME? | J32: #NAME? | K32: #NAME? | L32: #NAME? | M32: #NAME? | N32: #NAME?

Sheet Sheet6
A1: Timestamps | B1: \\usmlpi.angloiit.net\T:350-PY-201/PV.V.TIM | C1: \\usmlpi.angloiit.net\345-LI-203/PV.V | D1: \\usmlpi.angloiit.net\ACE:315.Coal.Consumption.Day.Total | E1: \\usmlpi.angloiit.net\T:345-WIT-301/PV.V.TIM
A2: {=_xll.PISampDat(Sheet6!$B$1,"t-30d","t","86400s",1,"")} -> #NAME? | B2: #NAME? | C2: {=_xll.PISampDat(Sheet6!$C$1,"t-30d","t","86400s",0,"")} -> #NAME? | D2: {=_xll.PISampDat(Sheet6!$D$1,"t-30d","t","86400s",0,"")} -> #NAME? | E2: {=_xll.PISampDat(Sheet6!$E$1,"t-30d","t","86400s",0,"")} -> #NAME?
A3: #NAME? | B3: #NAME? | C3: #NAME? | D3: #NAME? | E3: #NAME?
A4: #NAME? | B4: #NAME? | C4: #NAME? | D4: #NAME? | E4: #NAME?
A5: #NAME? | B5: #NAME? | C5: #NAME? | D5: #NAME? | E5: #NAME?
A6: #NAME? | B6: #NAME? | C6: #NAME? | D6: #NAME? | E6: #NAME?
A7: #NAME? | B7: #NAME? | C7: #NAME? | D7: #NAME? | E7: #NAME?
A8: #NAME? | B8: #NAME? | C8: #NAME? | D8: #NAME? | E8: #NAME?
A9: #NAME? | B9: #NAME? | C9: #NAME? | D9: #NAME? | E9: #NAME?
A10: #NAME? | B10: #NAME? | C10: #NAME? | D10: #NAME? | E10: #NAME?
A11: #NAME? | B11: #NAME? | C11: #NAME? | D11: #NAME? | E11: #NAME?
A12: #NAME? | B12: #NAME? | C12: #NAME? | D12: #NAME? | E12: #NAME?
A13: #NAME? | B13: #NAME? | C13: #NAME? | D13: #NAME? | E13: #NAME?
A14: #NAME? | B14: #NAME? | C14: #NAME? | D14: #NAME? | E14: #NAME?
... A32: #NAME? | B32: #NAME? | C32: #NAME? | D32: #NAME? | E32: #NAME?

Sheet Sheet8
B1: \\usmlmes\USMLPI_MDB\USMLPIMBD\Conversions and Totals\GenTo2valTotal.24.5|Formula|ACE:315.Coal.Consumption.Day.Total.86400.18000.2Tot | C1: \\usmlmes\USMLPI_MDB\USMLPIMBD\Conversions and Totals\GenTo2valTotal.24.5|Formula|ACE:315.SCC.Feed.Day.Total.86400.18000.2Tot | D1: \\usmlmes\USMLPI_MDB\USMLPIMBD\Conversions and Totals\GenTo2valTotal.24.5|Formula|ACE:345-TIC-007C/MVC.QON.Daily.Utilization.86400.18000.2Tot | E1: \\usmlmes\USMLPI_MDB\USMLPIMBD\Conversions and Totals\GenTo2valTotal.24.5|Formula|ACE:414-PIC-610C/MVC.QON.Daily.Utilization.86400.18000.2Tot | F1: \\usmlmes\USMLPI_MDB\USMLPIMBD\Conversions and Totals\GenTo2valTotal.24.5|Formula|ACE:FCE_bin_TOT.Daily.total.86400.18300.MeasE
A2: {=_xll.PISampDat(Sheet8!$B$1,"t-30d","t","86400s",1,"")} -> #NAME? | B2: #NAME? | C2: {=_xll.PISampDat(Sheet8!$C$1,"t-30d","t","86400s",0,"")} -> #NAME? | D2: {=_xll.PISampDat(Sheet8!$D$1,"t-30d","t","86400s",0,"")} -> #NAME? | E2: {=_xll.PISampDat(Sheet8!$E$1,"t-30d","t","86400s",0,"")} -> #NAME? | F2: {=_xll.PISampDat(Sheet8!$F$1,"t-30d","t","86400s",0,"")} -> #NAME?
A3: #NAME? | B3: #NAME? | C3: #NAME? | D3: #NAME? | E3: #NAME? | F3: #NAME?
A4: #NAME? | B4: #NAME? | C4: #NAME? | D4: #NAME? | E4: #NAME? | F4: #NAME?
A5: #NAME? | B5: #NAME? | C5: #NAME? | D5: #NAME? | E5: #NAME? | F5: #NAME?
A6: #NAME? | B6: #NAME? | C6: #NAME? | D6: #NAME? | E6: #NAME? | F6: #NAME?
A7: #NAME? | B7: #NAME? | C7: #NAME? | D7: #NAME? | E7: #NAME? | F7: #NAME?
A8: #NAME? | B8: #NAME? | C8: #NAME? | D8: #NAME? | E8: #NAME? | F8: #NAME?
A9: #NAME? | B9: #NAME? | C9: #NAME? | D9: #NAME? | E9: #NAME? | F9: #NAME?
A10: #NAME? | B10: #NAME? | C10: #NAME? | D10: #NAME? | E10: #NAME? | F10: #NAME?
A11: #NAME? | B11: #NAME? | C11: #NAME? | D11: #NAME? | E11: #NAME? | F11: #NAME?
A12: #NAME? | B12: #NAME? | C12: #NAME? | D12: #NAME? | E12: #NAME? | F12: #NAME?
A13: #NAME? | B13: #NAME? | C13: #NAME? | D13: #NAME? | E13: #NAME? | F13: #NAME?
A14: #NAME? | B14: #NAME? | C14: #NAME? | D14: #NAME? | E14: #NAME? | F14: #NAME?
... A32: #NAME? | B32: #NAME? | C32: #NAME? | D32: #NAME? | E32: #NAME? | F32: #NAME?

Sheet FormulaParam
A1: ACE:315.Coal.Consumption.Day.Total.86400.18000.2Tot | B1: ACE:315.SCC.Feed.Day.Total.86400.18000.2Tot | C1: ACE:345-TIC-007C/MVC.QON.Daily.Utilization.86400.18000.2Tot | D1: ACE:414-PIC-610C/MVC.QON.Daily.Utilization.86400.18000.2Tot | E1: ACE:FCE_bin_TOT.Daily.total.86400.18300.MeasE
A2: tag'/1000 + ('x345-LI-203/PV.V'86400.18000.SInt' - 'x345-LI-203/PV.V'86400.18000.EInt') | B2: Coal.Consumption.Day.Total'86400.18000.2Tot'*1000/'tag' | C2: 'tag'/'T:345-WIT-301/PV.V.TIM'86400.18000.2Tot'*100 | D2: 'tag'/'T:350-PY-201/PV.V.TIM'86400.18000.2Tot'*100 | E2: 'tag' + 'FCE_Wbin_TOT/REPORT.V_DISP'86400.18300.MeasE'

Sheet Formula
A1: Timestamps | B1: T:350-PY-201/PV.V.TIM | C1: 345-LI-203/PV.V | D1: ACE:315.Coal.Consumption.Day.Total | E1: T:345-WIT-301/PV.V.TIM
A2: 45033 | B2: 22.528936 | C2: 89.031151 | D2: -10.090487 | E2: 22.361109
A3: 45034 | B3: 21.894476 | C3: 84.538925 | D3: 0.9266001 | E3: 0.13830833
A4: 45035 | B4: 3.6589208 | C4: 83.446808 | D4: 0.72305781 | E4: 0.0083333338
A5: 45036 | B5: 0 | C5: 83.475746 | D5: -0.082313396 | E5: 0
A6: 45037 | B6: 0 | C6: 83.446808 | D6: 0.080219999 | E6: 0
A7: 45038 | B7: 0.16545278 | C7: 81.878571 | D7: 6.6201057 | E7: 5.9449673
A8: 45039 | B8: 9.2679291 | C8: 56.624622 | D8: 24.678551 | E8: 23.563881
A9: 45040 | B9: 19.132957 | C9: 37.006504 | D9: 15.625204 | E9: 15.210649
A10: 45041 | B10: 22.93222 | C10: 36.920296 | D10: -0.002521642 | E10: 0.29445416
A11: 45042 | B11: 11.557015 | C11: 36.430851 | D11: 0.40788999 | E11: 0
A12: 45043 | B12: 15.518989 | C12: 36.457344 | D12: 0.049146831 | E12: 0
A13: 45044 | B13: 15.999063 | C13: 36.457344 | D13: -0.050593302 | E13: 0
... A32: 45063 | B32: 0 | C32: 90 | D32: -0.0044245739 | E32: 0

Sheet Outputs
A1: Timestamps | B1: \\usmlmes\USMLPI_MDB\USMLPIMBD\Conversions and Totals\GenTo2valTotal.24.5\OutputTags|ACE:315.Coal.Consumption.Day.Total.86400.18000.2Tot | C1: \\usmlmes\USMLPI_MDB\USMLPIMBD\Conversions and Totals\GenTo2valTotal.24.5\OutputTags|ACE:315.SCC.Feed.Day.Total.86400.18000.2Tot | D1: \\usmlmes\USMLPI_MDB\USMLPIMBD\Conversions and Totals\GenTo2valTotal.24.5\OutputTags|ACE:345-TIC-007C/MVC.QON.Daily.Utilization.86400.18000.2Tot | E1: \\usmlmes\USMLPI_MDB\USMLPIMBD\Conversions and Totals\GenTo2valTotal.24.5\OutputTags|ACE:345-WI-006/PV.V.Transfer.Daily.Ave.86400.18000.eAve | F1: \\usmlmes\USMLPI_MDB\USMLPIMBD\Conversions and Totals\GenTo2valTotal.24.5\OutputTags|ACE:345-WI-006/PV.V.Transfer.Daily.StdDev.86400.18000.eStdDev | G1: \\usmlmes\USMLPI_MDB\USMLPIMBD\Conversions and Totals\GenTo2valTotal.24.5\OutputTags|ACE:345-WI-007/PV.V.Transfer.Daily.Ave.86400.18000.eAve | H1: \\usmlmes\USMLPI_MDB\USMLPIMBD\Conversions and Totals\GenTo2valTotal.24.5\OutputTags|ACE:345-WI-007/PV.V.Transfer.Daily.StdDev.86400.18000.eStdDev | I1: \\usmlmes\USMLPI_MDB\USMLPIMBD\Conversions and Totals\GenTo2valTotal.24.5\OutputTags|ACE:414-PIC-610C/MVC.QON.Daily.Utilization.86400.18000.2Tot | J1: \\usmlmes\USMLPI_MDB\USMLPIMBD\Conversions and Totals\GenTo2valTotal.24.5\OutputTags|ACE:494-WI-020/PV.V.Transfer.Daily.Ave.86400.18000.eAve | K1: \\usmlmes\USMLPI_MDB\USMLPIMBD\Conversions and Totals\GenTo2valTotal.24.5\OutputTags|ACE:494-WI-020/PV.V.Transfer.Daily.StdDev.86400.18000.eStdDev | L1: \\usmlmes\USMLPI_MDB\USMLPIMBD\Conversions and Totals\GenTo2valTotal.24.5\OutputTags|ACE:494-WI-030/PV.V.Transfer.Daily.Ave.86400.18000.eAve | M1: \\usmlmes\USMLPI_MDB\USMLPIMBD\Conversions and Totals\GenTo2valTotal.24.5\OutputTags|ACE:494-WI-030/PV.V.Transfer.Daily.StdDev.86400.18000.eStdDev | N1: \\usmlmes\USMLPI_MDB\USMLPIMBD\Conversions and Totals\GenTo2valTotal.24.5\OutputTags|NotusedPlaceholder
A2: 45033 | B2: -10.090487 | C2: -7.7361007 | D2: Calc Crash | E2: 0.48462918 | F2: 0.25628009 | G2: 0.67572117 | H2: 0.90772849 | I2: Calc Crash | J2: Calc Failed | K2: No Sample | L2: 0.66326094 | M2: No Sample | N2: Pt Created
A3: 45034 | B3: 0.9266001 | C3: 133.21039 | D3: Calc Crash | E3: 0.02184456 | F3: 0.02658616 | G3: 0.0062239151 | H3: 0.041160922 | I3: Calc Crash | J3: Calc Failed | K3: No Sample | L3: 0.62762022 | M3: No Sample | N3: Pt Created
A4: 45035 | B4: 0.72305781 | C4: Calc Crash | D4: Calc Crash | E4: Calc Failed | F4: No Sample | G4: Calc Failed | H4: No Sample | I4: Calc Crash | J4: Calc Failed | K4: No Sample | L4: 0.58254594 | M4: No Sample | N4: Pt Created
A5: 45036 | B5: -0.082313396 | C5: Calc Crash | D5: Calc Crash | E5: 1.8980964 | F5: 2.6712196 | G5: Calc Failed | H5: No Sample | I5: Calc Crash | J5: Calc Failed | K5: No Sample | L5: Calc Failed | M5: No Sample | N5: Pt Created
A6: 45037 | B6: 0.080219999 | C6: Calc Crash | D6: Calc Crash | E6: Calc Failed | F6: No Sample | G6: Calc Failed | H6: No Sample | I6: Calc Crash | J6: Calc Failed | K6: No Sample | L6: Calc Failed | M6: No Sample | N6: Pt Created
A7: 45038 | B7: 6.6201057 | C7: 16.008919 | D7: Calc Crash | E7: 0.11378632 | F7: 0.19776294 | G7: 0.98984265 | H7: 1.3211498 | I7: Calc Crash | J7: Calc Failed | K7: No Sample | L7: Calc Failed | M7: No Sample | N7: Pt Created
A8: 45039 | B8: 24.678551 | C8: 24.27739 | D8: Calc Crash | E8: 0.42334244 | F8: 0.56156075 | G8: 0.36171427 | H8: 0.72194719 | I8: Calc Crash | J8: Calc Failed | K8: No Sample | L8: Calc Failed | M8: No Sample | N8: Pt Created
A9: 45040 | B9: 15.625204 | C9: Calc Crash | D9: Calc Crash | E9: 0.48069683 | F9: 0.01274871 | G9: 0.2235314 | H9: 0.52833909 | I9: Calc Crash | J9: Calc Failed | K9: No Sample | L9: Calc Failed | M9: No Sample | N9: Pt Created
A10: 45041 | B10: -0.002521642 | C10: Calc Crash | D10: Calc Crash | E10: Calc Failed | F10: No Sample | G10: 1.326816 | H10: 2.5749195 | I10: Calc Crash | J10: Calc Failed | K10: No Sample | L10: Calc Failed | M10: No Sample | N10: Pt Created
A11: 45042 | B11: 0.40788999 | C11: Calc Crash | D11: Calc Crash | E11: Calc Failed | F11: No Sample | G11: Calc Failed | H11: No Sample | I11: Calc Crash | J11: Calc Failed | K11: No Sample | L11: Calc Failed | M11: No Sample | N11: Pt Created
A12: 45043 | B12: 0.049146831 | C12: Calc Crash | D12: Calc Crash | E12: Calc Failed | F12: No Sample | G12: Calc Failed | H12: No Sample | I12: Calc Crash | J12: Calc Failed | K12: No Sample | L12: Calc Failed | M12: No Sample | N12: Pt Created
A13: 45044 | B13: -0.050593302 | C13: Calc Crash | D13: Calc Crash | E13: Calc Failed | F13: No Sample | G13: Calc Failed | H13: No Sample | I13: Calc Crash | J13: Calc Failed | K13: No Sample | L13: 0.29937461 | M13: No Sample | N13: Pt Created
A14: 45045 | B14: 0.26041001 | C14: Calc Crash | D14: Calc Crash | E14: Calc Failed | F14: No Sample | G14: 0 | H14: 0 | I14: Calc Crash | J14: Calc Failed | K14: No Sample | L14: 0.010561053 | M14: No Sample | N14: Pt Created
A15: 45046 | B15: 0.11573 | C15: Calc Crash | D15: Calc Crash | E15: Calc Failed | F15: No Sample | G15: Calc Failed | H15: No Sample | I15: Calc Crash | J15: Calc Failed | K15: No Sample | L15: 0.35022196 | M15: No Sample | N15: Pt Created
A16: 45047 | B16: 0 | C16: Calc Crash | D16: Calc Crash | E16: Calc Failed | F16: No Sample | G16: Calc Failed | H16: No Sample | I16: Calc Crash | J16: Calc Failed | K16: No Sample | L16: Calc Failed | M16: No Sample | N16: Pt Created
A17: 45048 | B17: 0.0096032675 | C17: Calc Crash | D17: Calc Crash | E17: Calc Failed | F17: No Sample | G17: 0.001543164 | H17: 0.0033227741 | I17: Calc Crash | J17: Calc Failed | K17: No Sample | L17: Calc Failed | M17: No Sample | N17: Pt Created
A18: 45049 | B18: -0.7466138 | C18: Calc Crash | D18: Calc Crash | E18: Calc Failed | F18: No Sample | G18: Calc Failed | H18: No Sample | I18: Calc Crash | J18: Calc Failed | K18: No Sample | L18: Calc Failed | M18: No Sample | N18: Pt Created
A19: 45050 | B19: -0.036974117 | C19: Calc Crash | D19: Calc Crash | E19: Calc Failed | F19: No Sample | G19: Calc Failed | H19: No Sample | I19: Calc Crash | J19: Calc Failed | K19: No Sample | L19: Calc Failed | M19: No Sample | N19: Pt Created
A20: 45051 | B20: -0.079809383 | C20: Calc Crash | D20: Calc Crash | E20: Calc Failed | F20: No Sample | G20: 0.0069442755 | H20: 0.011802988 | I20: Calc Crash | J20: Calc Failed | K20: No Sample | L20: 0.82752383 | M20: No Sample | N20: Pt Created
A21: 45052 | B21: 0.71926641 | C21: Calc Crash | D21: Calc Crash | E21: Calc Failed | F21: No Sample | G21: Calc Failed | H21: No Sample | I21: Calc Crash | J21: Calc Failed | K21: No Sample | L21: Calc Failed | M21: No Sample | N21: Pt Created
A22: 45053 | B22: -0.71277022 | C22: Calc Crash | D22: Calc Crash | E22: Calc Failed | F22: No Sample | G22: 0.00077158201 | H22: 0.0013364193 | I22: Calc Crash | J22: Calc Failed | K22: No Sample | L22: 0 | M22: No Sample | N22: Pt Created
A23: 45054 | B23: 0.57844532 | C23: 34295840 | D23: Calc Crash | E23: Calc Failed | F23: No Sample | G23: Calc Failed | H23: No Sample | I23: Calc Crash | J23: Calc Failed | K23: No Sample | L23: Calc Failed | M23: No Sample | N23: Pt Created
A24: 45055 | B24: -0.4329192 | C24: Calc Crash | D24: Calc Crash | E24: Calc Failed | F24: No Sample | G24: Calc Failed | H24: No Sample | I24: Calc Crash | J24: Calc Failed | K24: No Sample | L24: Calc Failed | M24: No Sample | N24: Pt Created
A25: 45056 | B25: -0.11261296 | C25: -5205075 | D25: Calc Crash | E25: Calc Failed | F25: No Sample | G25: Calc Failed | H25: No Sample | I25: Calc Crash | J25: Calc Failed | K25: No Sample | L25: Calc Failed | M25: No Sample | N25: Pt Created
A26: 45057 | B26: -0.030609898 | C26: Calc Crash | D26: Calc Crash | E26: Calc Failed | F26: No Sample | G26: Calc Failed | H26: No Sample | I26: Calc Crash | J26: Calc Failed | K26: No Sample | L26: Calc Failed | M26: No Sample | N26: Pt Created
A27: 45058 | B27: 0 | C27: Calc Crash | D27: Calc Crash | E27: Calc Failed | F27: No Sample | G27: Calc Failed | H27: No Sample | I27: Calc Crash | J27: Calc Failed | K27: No Sample | L27: Calc Failed | M27: No Sample | N27: Pt Created
A28: 45059 | B28: -0.086800002 | C28: Calc Crash | D28: Calc Crash | E28: Calc Failed | F28: No Sample | G28: Calc Failed | H28: No Sample | I28: Calc Crash | J28: Calc Failed | K28: No Sample | L28: Calc Failed | M28: No Sample | N28: Pt Created
A29: 45060 | B29: -52.96759 | C29: -1057076.1 | D29: Calc Crash | E29: Calc Failed | F29: No Sample | G29: Calc Failed | H29: No Sample | I29: Calc Crash | J29: Calc Failed | K29: No Sample | L29: Calc Failed | M29: No Sample | N29: Pt Created
A30: 45061 | B30: -0.0044250279 | C30: Calc Crash | D30: Calc Crash | E30: Calc Failed | F30: No Sample | G30: Calc Failed | H30: No Sample | I30: Calc Crash | J30: Calc Failed | K30: No Sample | L30: Calc Failed | M30: No Sample | N30: Pt Created
A31: 45062 | B31: -0.0044248011 | C31: Calc Crash | D31: Calc Crash | E31: Calc Failed | F31: No Sample | G31: Calc Failed | H31: No Sample | I31: Calc Crash | J31: Calc Failed | K31: No Sample | L31: Calc Failed | M31: No Sample | N31: Pt Created
A32: 45063 | B32: -0.0044245739 | C32: Calc Crash | D32: Calc Crash | E32: Calc Failed | F32: No Sample | G32: Calc Failed | H32: No Sample | I32: Calc Crash | J32: Calc Failed | K32: No Sample | L32: Calc Failed | M32: No Sample | N32: Pt Created

Sheet Sheet2
A1: Timestamps | B1: ACE:315.Coal.Consumption.Day.Total.86400.18000.2Tot | C1: ACE:315.SCC.Feed.Day.Total.86400.18000.2Tot | D1: ACE:345-TIC-007C/MVC.QON.Daily.Utilization.86400.18000.2Tot | E1: ACE:345-WI-006/PV.V.Transfer.Daily.Ave.86400.18000.eAve | F1: ACE:345-WI-006/PV.V.Transfer.Daily.StdDev.86400.18000.eStdDev | G1: ACE:345-WI-007/PV.V.Transfer.Daily.Ave.86400.18000.eAve | H1: ACE:345-WI-007/PV.V.Transfer.Daily.StdDev.86400.18000.eStdDev | I1: ACE:414-PIC-610C/MVC.QON.Daily.Utilization.86400.18000.2Tot | J1: ACE:494-WI-020/PV.V.Transfer.Daily.Ave.86400.18000.eAve | K1: ACE:494-WI-020/PV.V.Transfer.Daily.StdDev.86400.18000.eStdDev | L1: ACE:494-WI-030/PV.V.Transfer.Daily.Ave.86400.18000.eAve | M1: ACE:494-WI-030/PV.V.Transfer.Daily.StdDev.86400.18000.eStdDev
A2: 45027 | B2: 33.74091 | C2: 1331.9534 | D2: 24.000193 | E2: Good-Off | F2: Good-Off | G2: 0 | H2: 0 | I2: 23.357143 | J2: No Sample | K2: No Sample | L2: No Sample | M2: No Sample
A3: 45028 | B3: 40.164532 | C3: 1011.4565 | D3: 20.455153 | E3: Good-Off | F3: Good-Off | G3: 0 | H3: 0 | I3: 23.999081 | J3: Good-Off | K3: Good-Off | L3: Good-Off | M3: Good-Off
A4: 45029 | B4: 39.301498 | C4: 1202.5372 | D4: 20.005995 | E4: Good-Off | F4: Good-Off | G4: 0.93747455 | H4: 0.93747455 | I4: 23.835314 | J4: No Sample | K4: No Sample | L4: No Sample | M4: No Sample
A5: 45030 | B5: 4.0103574 | C5: 1092.9659 | D5: 17.849306 | E5: Good-Off | F5: Good-Off | G5: 5.8702111 | H5: 5.8702111 | I5: 23.806341 | J5: No Sample | K5: No Sample | L5: No Sample | M5: No Sample
A6: 45031 | B6: 39.470695 | C6: 1365.9036 | D6: 22.051285 | E6: Good-Off | F6: Good-Off | G6: 0 | H6: 0 | I6: 23.999077 | J6: No Sample | K6: No Sample | L6: No Sample | M6: No Sample
A7: 45032 | B7: 46.654232 | C7: 1464.3242 | D7: 23.969913 | E7: Good-Off | F7: Good-Off | G7: 0 | H7: 0 | I7: 23.838566 | J7: No Sample | K7: No Sample | L7: No Sample | M7: No Sample
A8: 45033 | B8: 46.202255 | C8: 1304.3375 | D8: 21.592072 | E8: Good-Off | F8: Good-Off | G8: 0.87266147 | H8: 0.87266147 | I8: 22.528009 | J8: No Sample | K8: No Sample | L8: No Sample | M8: No Sample
A9: 45034 | B9: 0 | C9: 6.9559155 | D9: 0.12108458 | E9: Good-Off | F9: Good-Off | G9: 8.4557886 | H9: 8.4557886 | I9: 21.892534 | J9: No Sample | K9: No Sample | L9: No Sample | M9: No Sample
A10: 45035 | B10: 0 | C10: Bad Total | D10: 0 | E10: Good-Off | F10: Good-Off | G10: 8.4557886 | H10: 8.4557886 | I10: 3.6392436 | J10: No Sample | K10: No Sample | L10: No Sample | M10: No Sample
A11: 45036 | B11: 0 | C11: Bad Total | D11: 0 | E11: Good-Off | F11: Good-Off | G11: 8.4557886 | H11: 8.4557886 | I11: 0 | J11: No Sample | K11: No Sample | L11: No Sample | M11: No Sample
A12: 45037 | B12: 0 | C12: Bad Total | D12: 0 | E12: Good-Off | F12: Good-Off | G12: 8.4557886 | H12: 8.4557886 | I12: 0 | J12: No Sample | K12: No Sample | L12: No Sample | M12: No Sample
A13: 45038 | B13: 0 | C13: 413.52609 | D13: 4.9930487 | E13: Good-Off | F13: Good-Off | G13: 8.4557886 | H13: 8.4557886 | I13: 0 | J13: Good-Off | K13: Good-Off | L13: Good-Off | M13: Good-Off
A14: 45039 | B14: 0 | C14: 1016.5237 | D14: 23.203506 | E14: Good-Off | F14: Good-Off | G14: 0 | H14: 0 | I14: 0 | J14: Good-Off | K14: Good-Off | L14: Good-Off | M14: Good-Off
A15: 45040 | B15: 0 | C15: 501.67346 | D15: 13.524963 | E15: Good-Off | F15: Good-Off | G15: 5.925765 | H15: 5.925765 | I15: 0 | J15: Good-Off | K15: Good-Off | L15: Good-Off | M15: Good-Off
A16: 45041 | B16: 0 | C16: 0 | D16: 0 | E16: Good-Off | F16: Good-Off | G16: 0 | H16: 0 | I16: 0 | J16: Good-Off | K16: Good-Off | L16: Good-Off | M16: Good-Off
A17: 45042 | B17: 0 | C17: Bad Total | D17: 0 | E17: Good-Off | F17: Good-Off | G17: 0 | H17: 0 | I17: 0 | J17: Good-Off | K17: Good-Off | L17: Good-Off | M17: Good-Off
A18: 45043 | B18: 0 | C18: 0 | D18: 0 | E18: Good-Off | F18: Good-Off | G18: 0 | H18: 0 | I18: 0 | J18: Good-Off | K18: Good-Off | L18: Good-Off | M18: Good-Off
A19: 45044 | B19: 0 | C19: 0 | D19: 0 | E19: Good-Off | F19: Good-Off | G19: 0 | H19: 0 | I19: 0 | J19: Good-Off | K19: Good-Off | L19: Good-Off | M19: Good-Off
A20: 45045 | B20: 0 | C20: 0 | D20: 0 | E20: Good-Off | F20: Good-Off | G20: Good-Off | H20: Good-Off | I20: 0 | J20: Good-Off | K20: Good-Off | L20: Good-Off | M20: Good-Off
A21: 45046 | B21: 0 | C21: 0 | D21: 0 | E21: Good-Off | F21: Good-Off | G21: Good-Off | H21: Good-Off | I21: 0 | J21: Good-Off | K21: Good-Off | L21: Good-Off | M21: Good-Off
A22: 45047 | B22: 0 | C22: 0 | D22: 0 | E22: Good-Off | F22: Good-Off | G22: Good-Off | H22: Good-Off | I22: 0 | J22: Good-Off | K22: Good-Off | L22: Good-Off | M22: Good-Off
A23: 45048 | B23: 0 | C23: 0 | D23: 0 | E23: Good-Off | F23: Good-Off | G23: Good-Off | H23: Good-Off | I23: 0 | J23: Good-Off | K23: Good-Off | L23: Good-Off | M23: Good-Off
A24: 45049 | B24: 4.0963206 | C24: 0 | D24: 0 | E24: Good-Off | F24: Good-Off | G24: Good-Off | H24: Good-Off | I24: 0 | J24: Good-Off | K24: Good-Off | L24: Good-Off | M24: Good-Off
A25: 45050 | B25: 0 | C25: 0 | D25: 0 | E25: Good-Off | F25: Good-Off | G25: Good-Off | H25: Good-Off | I25: 0 | J25: Good-Off | K25: Good-Off | L25: Good-Off | M25: Good-Off
A26: 45051 | B26: 0.0017381232 | C26: 0.00051635387 | D26: 0 | E26: Good-Off | F26: Good-Off | G26: Good-Off | H26: Good-Off | I26: 0 | J26: Good-Off | K26: Good-Off | L26: Good-Off | M26: Good-Off
A27: 45052 | B27: 0.0014350157 | C27: 0 | D27: 0 | E27: Good-Off | F27: Good-Off | G27: Good-Off | H27: Good-Off | I27: 0 | J27: Good-Off | K27: Good-Off | L27: Good-Off | M27: Good-Off
A28: 45053 | B28: 0.001131908 | C28: 0 | D28: 0 | E28: Good-Off | F28: Good-Off | G28: Good-Off | H28: Good-Off | I28: 0 | J28: Good-Off | K28: Good-Off | L28: Good-Off | M28: Good-Off
A29: 45054 | B29: 0.00082880037 | C29: 1.6866343e-05 | D29: 0 | E29: Good-Off | F29: Good-Off | G29: Good-Off | H29: Good-Off | I29: 0 | J29: Good-Off | K29: Good-Off | L29: Good-Off | M29: Good-Off
A30: 45055 | B30: 0.00052569271 | C30: 1.6229102e-05 | D30: 0 | E30: Good-Off | F30: Good-Off | G30: Good-Off | H30: Good-Off | I30: 0 | J30: Good-Off | K30: Good-Off | L30: Good-Off | M30: Good-Off
A31: 45056 | B31: 0.00022258505 | C31: 2.1635225e-05 | D31: 0 | E31: Good-Off | F31: Good-Off | G31: Good-Off | H31: Good-Off | I31: 0 | J31: Good-Off | K31: Good-Off | L31: Good-Off | M31: Good-Off
A32: 45057 | B32: 0.00022258505 | C32: Bad Total | D32: 0 | E32: Good-Off | F32: Good-Off | G32: Good-Off | H32: Good-Off | I32: 0 | J32: Good-Off | K32: Good-Off | L32: Good-Off | M32: Good-Off

Sheet Sheet11
B1: \\usmlmes\USMLPI_MDB\USMLPIMBD\Conversions and Totals\GenTo2valTotal.24.5|ACE:315.Coal.Consumption.Day.Total.86400.18000.2Tot | D1: \\usmlmes\USMLPI_MDB\USMLPIMBD\Conversions and Totals\GenTo2valTotal.24.5|ACE:315.SCC.Feed.Day.Total.86400.18000.2Tot | F1: \\usmlmes\USMLPI_MDB\USMLPIMBD\Conversions and Totals\GenTo2valTotal.24.5|ACE:345-TIC-007C/MVC.QON.Daily.Utilization.86400.18000.2Tot | H1: \\usmlmes\USMLPI_MDB\USMLPIMBD\Conversions and Totals\GenTo2valTotal.24.5|ACE:345-WI-006/PV.V.Transfer.Daily.Ave.86400.18000.eAve | J1: \\usmlmes\USMLPI_MDB\USMLPIMBD\Conversions and Totals\GenTo2valTotal.24.5|ACE:345-WI-006/PV.V.Transfer.Daily.StdDev.86400.18000.eStdDev | L1: \\usmlmes\USMLPI_MDB\USMLPIMBD\Conversions and Totals\GenTo2valTotal.24.5|ACE:345-WI-007/PV.V.Transfer.Daily.Ave.86400.18000.eAve | N1: \\usmlmes\USMLPI_MDB\USMLPIMBD\Conversions and Totals\GenTo2valTotal.24.5|ACE:345-WI-007/PV.V.Transfer.Daily.StdDev.86400.18000.eStdDev | P1: \\usmlmes\USMLPI_MDB\USMLPIMBD\Conversions and Totals\GenTo2valTotal.24.5|ACE:315.Coal.Consumption.Day.Total.86400.18000.2Tot | R1: \\usmlmes\USMLPI_MDB\USMLPIMBD\Conversions and Totals\GenTo2valTotal.24.5|ACE:315.SCC.Feed.Day.Total.86400.18000.2Tot | T1: \\usmlmes\USMLPI_MDB\USMLPIMBD\Conversions and Totals\GenTo2valTotal.24.5|ACE:345-TIC-007C/MVC.QON.Daily.Utilization.86400.18000.2Tot | V1: \\usmlmes\USMLPI_MDB\USMLPIMBD\Conversions and Totals\GenTo2valTotal.24.5|ACE:345-WI-006/PV.V.Transfer.Daily.Ave.86400.18000.eAve | X1: \\usmlmes\USMLPI_MDB\USMLPIMBD\Conversions and Totals\GenTo2valTotal.24.5|ACE:345-WI-006/PV.V.Transfer.Daily.StdDev.86400.18000.eStdDev | Z1: \\usmlmes\USMLPI_MDB\USMLPIMBD\Conversions and Totals\GenTo2valTotal.24.5|ACE:345-WI-007/PV.V.Transfer.Daily.Ave.86400.18000.eAve
A2: {=_xll.PICompDat(Sheet11!$B$1,"t-30d","t",9,"","inside")} -> #NAME? | B2: #NAME? | C2: {=_xll.PICompDat(Sheet11!$D$1,"t-30d","t",9,"","inside")} -> #NAME? | D2: #NAME? | E2: {=_xll.PICompDat(Sheet11!$F$1,"t-30d","t",9,"","inside")} -> #NAME? | F2: #NAME? | G2: {=_xll.PICompDat(Sheet11!$H$1,"t-30d","t",9,"","inside")} -> #NAME? | H2: #NAME? | I2: {=_xll.PICompDat(Sheet11!$J$1,"t-30d","t",9,"","inside")} -> #NAME? | J2: #NAME? | K2: {=_xll.PICompDat(Sheet11!$L$1,"t-30d","t",9,"","inside")} -> #NAME? | L2: #NAME? | M2: {=_xll.PICompDat(Sheet11!$N$1,"t-30d","t",9,"","inside")} -> #NAME? | N2: #NAME? | O2: {=_xll.PICompDat(Sheet11!$B$1,"t-30d","t",9,"","inside")} -> #NAME? | P2: #NAME? | Q2: {=_xll.PICompDat(Sheet11!$D$1,"t-30d","t",9,"","inside")} -> #NAME? | R2: #NAME? | S2: {=_xll.PICompDat(Sheet11!$F$1,"t-30d","t",9,"","inside")} -> #NAME? | T2: #NAME? | U2: {=_xll.PICompDat(Sheet11!$H$1,"t-30d","t",9,"","inside")} -> #NAME? | V2: #NAME? | W2: {=_xll.PICompDat(Sheet11!$J$1,"t-30d","t",9,"","inside")} -> #NAME? | X2: #NAME? | Y2: {=_xll.PICompDat(Sheet11!$L$1,"t-30d","t",9,"","inside")} -> #NAME? | Z2: #NAME?
A3: #NAME? | B3: #NAME? | C3: #NAME? | D3: #NAME? | E3: #NAME? | F3: #NAME? | G3: #NAME? | H3: #NAME? | I3: #NAME? | J3: #NAME? | K3: #NAME? | L3: #NAME? | M3: #NAME? | N3: #NAME? | O3: #NAME? | P3: #NAME? | Q3: #NAME? | R3: #NAME? | S3: #NAME? | T3: #NAME? | U3: #NAME? | V3: #NAME? | W3: #NAME? | X3: #NAME? | Y3: #NAME? | Z3: #NAME?
A4: #NAME? | B4: #NAME? | C4: #NAME? | D4: #NAME? | E4: #NAME? | F4: #NAME? | G4: #NAME? | H4: #NAME? | I4: #NAME? | J4: #NAME? | K4: #NAME? | L4: #NAME? | M4: #NAME? | N4: #NAME? | O4: #NAME? | P4: #NAME? | Q4: #NAME? | R4: #NAME? | S4: #NAME? | T4: #NAME? | U4: #NAME? | V4: #NAME? | W4: #NAME? | X4: #NAME? | Y4: #NAME? | Z4: #NAME?
A5: #NAME? | B5: #NAME? | C5: #NAME? | D5: #NAME? | E5: #NAME? | F5: #NAME? | G5: #NAME? | H5: #NAME? | I5: #NAME? | J5: #NAME? | K5: #NAME? | L5: #NAME? | M5: #NAME? | N5: #NAME? | O5: #NAME? | P5: #NAME? | Q5: #NAME? | R5: #NAME? | S5: #NAME? | T5: #NAME? | U5: #NAME? | V5: #NAME? | W5: #NAME? | X5: #NAME? | Y5: #NAME? | Z5: #NAME?
A6: #NAME? | B6: #NAME? | C6: #NAME? | D6: #NAME? | E6: #NAME? | F6: #NAME? | G6: #NAME? | H6: #NAME? | I6: #NAME? | J6: #NAME? | K6: #NAME? | L6: #NAME? | M6: #NAME? | N6: #NAME? | O6: #NAME? | P6: #NAME? | Q6: #NAME? | R6: #NAME? | S6: #NAME? | T6: #NAME? | U6: #NAME? | V6: #NAME? | W6: #NAME? | X6: #NAME? | Y6: #NAME? | Z6: #NAME?
A7: #NAME? | B7: #NAME? | C7: #NAME? | D7: #NAME? | E7: #NAME? | F7: #NAME? | G7: #NAME? | H7: #NAME? | I7: #NAME? | J7: #NAME? | K7: #NAME? | L7: #NAME? | M7: #NAME? | N7: #NAME? | O7: #NAME? | P7: #NAME? | Q7: #NAME? | R7: #NAME? | S7: #NAME? | T7: #NAME? | U7: #NAME? | V7: #NAME? | W7: #NAME? | X7: #NAME? | Y7: #NAME? | Z7: #NAME?
A8: #NAME? | B8: #NAME? | C8: #NAME? | D8: #NAME? | E8: #NAME? | F8: #NAME? | G8: #NAME? | H8: #NAME? | I8: #NAME? | J8: #NAME? | K8: #NAME? | L8: #NAME? | M8: #NAME? | N8: #NAME? | O8: #NAME? | P8: #NAME? | Q8: #NAME? | R8: #NAME? | S8: #NAME? | T8: #NAME? | U8: #NAME? | V8: #NAME? | W8: #NAME? | X8: #NAME? | Y8: #NAME? | Z8: #NAME?
A9: #NAME? | B9: #NAME? | C9: #NAME? | D9: #NAME? | E9: #NAME? | F9: #NAME? | G9: #NAME? | H9: #NAME? | I9: #NAME? | J9: #NAME? | K9: #NAME? | L9: #NAME? | M9: #NAME? | N9: #NAME? | O9: #NAME? | P9: #NAME? | Q9: #NAME? | R9: #NAME? | S9: #NAME? | T9: #NAME? | U9: #NAME? | V9: #NAME? | W9: #NAME? | X9: #NAME? | Y9: #NAME? | Z9: #NAME?
A10: #NAME? | B10: #NAME? | C10: #NAME? | D10: #NAME? | E10: #NAME? | F10: #NAME? | G10: #NAME? | H10: #NAME? | I10: #NAME? | J10: #NAME? | K10: #NAME? | L10: #NAME? | M10: #NAME? | N10: #NAME? | O10: #NAME? | P10: #NAME? | Q10: #NAME? | R10: #NAME? | S10: #NAME? | T10: #NAME? | U10: #NAME? | V10: #NAME? | W10: #NAME? | X10: #NAME? | Y10: #NAME? | Z10: #NAME?
A11: #NAME? | B11: #NAME? | C11: #NAME? | D11: #NAME? | E11: #NAME? | F11: #NAME? | G11: #NAME? | H11: #NAME? | I11: #NAME? | J11: #NAME? | K11: #NAME? | L11: #NAME? | M11: #NAME? | N11: #NAME? | O11: #NAME? | P11: #NAME? | Q11: #NAME? | R11: #NAME? | S11: #NAME? | T11: #NAME? | U11: #NAME? | V11: #NAME? | W11: #NAME? | X11: #NAME? | Y11: #NAME? | Z11: #NAME?
A12: #NAME? | B12: #NAME? | C12: #NAME? | D12: #NAME? | E12: #NAME? | F12: #NAME? | G12: #NAME? | H12: #NAME? | I12: #NAME? | J12: #NAME? | K12: #NAME? | L12: #NAME? | M12: #NAME? | N12: #NAME? | O12: #NAME? | P12: #NAME? | Q12: #NAME? | R12: #NAME? | S12: #NAME? | T12: #NAME? | U12: #NAME? | V12: #NAME? | W12: #NAME? | X12: #NAME? | Y12: #NAME? | Z12: #NAME?
A13: #NAME? | B13: #NAME? | C13: #NAME? | D13: #NAME? | E13: #NAME? | F13: #NAME? | G13: #NAME? | H13: #NAME? | I13: #NAME? | J13: #NAME? | K13: #NAME? | L13: #NAME? | M13: #NAME? | N13: #NAME? | O13: #NAME? | P13: #NAME? | Q13: #NAME? | R13: #NAME? | S13: #NAME? | T13: #NAME? | U13: #NAME? | V13: #NAME? | W13: #NAME? | X13: #NAME? | Y13: #NAME? | Z13: #NAME?
A14: #NAME? | B14: #NAME? | C14: #NAME? | D14: #NAME? | E14: #NAME? | F14: #NAME? | G14: #NAME? | H14: #NAME? | I14: #NAME? | J14: #NAME? | K14: #NAME? | L14: #NAME? | M14: #NAME? | N14: #NAME? | O14: #NAME? | P14: #NAME? | Q14: #NAME? | R14: #NAME? | S14: #NAME? | T14: #NAME? | U14: #NAME? | V14: #NAME? | W14: #NAME? | X14: #NAME? | Y14: #NAME? | Z14: #NAME?
... A46: #NAME? | B46: #NAME? | C46: #NAME? | D46: #NAME? | E46: #NAME? | F46: #NAME? | G46: #NAME? | H46: #NAME? | I46: #NAME? | J46: #NAME? | K46: #NAME? | L46: #NAME? | M46: #NAME? | N46: #NAME? | O46: #NAME? | P46: #NAME? | Q46: #NAME? | R46: #NAME? | S46: #NAME? | T46: #NAME? | U46: #NAME? | V46: #NAME? | W46: #NAME? | X46: #NAME? | Y46: #NAME? | Z46: #NAME?
C47: #NAME? | D47: #NAME? | E47: #NAME? | F47: #NAME? | G47: #NAME? | H47: #NAME? | I47: #NAME? | J47: #NAME? | K47: #NAME? | L47: #NAME? | M47: #NAME? | N47: #NAME? | Q47: #NAME? | R47: #NAME? | S47: #NAME? | T47: #NAME? | U47: #NAME? | V47: #NAME? | W47: #NAME? | X47: #NAME? | Y47: #NAME? | Z47: #NAME?
C48: #NAME? | D48: #NAME? | E48: #NAME? | F48: #NAME? | G48: #NAME? | H48: #NAME? | I48: #NAME? | J48: #NAME? | K48: #NAME? | L48: #NAME? | M48: #NAME? | N48: #NAME? | Q48: #NAME? | R48: #NAME? | S48: #NAME? | T48: #NAME? | U48: #NAME? | V48: #NAME? | W48: #NAME? | X48: #NAME? | Y48: #NAME? | Z48: #NAME?
C49: #NAME? | D49: #NAME? | E49: #NAME? | F49: #NAME? | G49: #NAME? | H49: #NAME? | I49: #NAME? | J49: #NAME? | K49: #NAME? | L49: #NAME? | M49: #NAME? | N49: #NAME? | Q49: #NAME? | R49: #NAME? | S49: #NAME? | T49: #NAME? | U49: #NAME? | V49: #NAME? | W49: #NAME? | X49: #NAME? | Y49: #NAME? | Z49: #NAME?
C50: #NAME? | D50: #NAME? | G50: #NAME? | H50: #NAME? | I50: #NAME? | J50: #NAME? | K50: #NAME? | L50: #NAME? | M50: #NAME? | N50: #NAME? | Q50: #NAME? | R50: #NAME? | U50: #NAME? | V50: #NAME? | W50: #NAME? | X50: #NAME? | Y50: #NAME? | Z50: #NAME?
C51: #NAME? | D51: #NAME? | G51: #NAME? | H51: #NAME? | I51: #NAME? | J51: #NAME? | K51: #NAME? | L51: #NAME? | M51: #NAME? | N51: #NAME? | Q51: #NAME? | R51: #NAME? | U51: #NAME? | V51: #NAME? | W51: #NAME? | X51: #NAME? | Y51: #NAME? | Z51: #NAME?
C52: #NAME? | D52: #NAME? | G52: #NAME? | H52: #NAME? | I52: #NAME? | J52: #NAME? | K52: #NAME? | L52: #NAME? | M52: #NAME? | N52: #NAME? | Q52: #NAME? | R52: #NAME? | U52: #NAME? | V52: #NAME? | W52: #NAME? | X52: #NAME? | Y52: #NAME? | Z52: #NAME?
C53: #NAME? | D53: #NAME? | G53: #NAME? | H53: #NAME? | I53: #NAME? | J53: #NAME? | K53: #NAME? | L53: #NAME? | M53: #NAME? | N53: #NAME? | Q53: #NAME? | R53: #NAME? | U53: #NAME? | V53: #NAME? | W53: #NAME? | X53: #NAME? | Y53: #NAME? | Z53: #NAME?
C54: #NAME? | D54: #NAME? | G54: #NAME? | H54: #NAME? | I54: #NAME? | J54: #NAME? | K54: #NAME? | L54: #NAME? | M54: #NAME? | N54: #NAME? | Q54: #NAME? | R54: #NAME? | U54: #NAME? | V54: #NAME? | W54: #NAME? | X54: #NAME? | Y54: #NAME? | Z54: #NAME?
C55: #NAME? | D55: #NAME? | G55: #NAME? | H55: #NAME? | I55: #NAME? | J55: #NAME? | K55: #NAME? | L55: #NAME? | M55: #NAME? | N55: #NAME? | Q55: #NAME? | R55: #NAME? | U55: #NAME? | V55: #NAME? | W55: #NAME? | X55: #NAME? | Y55: #NAME? | Z55: #NAME?
G56: #NAME? | H56: #NAME? | I56: #NAME? | J56: #NAME? | K56: #NAME? | L56: #NAME? | M56: #NAME? | N56: #NAME? | U56: #NAME? | V56: #NAME? | W56: #NAME? | X56: #NAME? | Y56: #NAME? | Z56: #NAME?
G57: #NAME? | H57: #NAME? | I57: #NAME? | J57: #NAME? | K57: #NAME? | L57: #NAME? | M57: #NAME? | N57: #NAME? | U57: #NAME? | V57: #NAME? | W57: #NAME? | X57: #NAME? | Y57: #NAME? | Z57: #NAME?
G58: #NAME? | H58: #NAME? | I58: #NAME? | J58: #NAME? | K58: #NAME? | L58: #NAME? | M58: #NAME? | N58: #NAME? | U58: #NAME? | V58: #NAME? | W58: #NAME? | X58: #NAME? | Y58: #NAME? | Z58: #NAME?
G59: #NAME? | H59: #NAME? | I59: #NAME? | J59: #NAME? | K59: #NAME? | L59: #NAME? | M59: #NAME? | N59: #NAME? | U59: #NAME? | V59: #NAME? | W59: #NAME? | X59: #NAME? | Y59: #NAME? | Z59: #NAME?
G60: #NAME? | H60: #NAME? | I60: #NAME? | J60: #NAME? | K60: #NAME? | L60: #NAME? | M60: #NAME? | N60: #NAME? | U60: #NAME? | V60: #NAME? | W60: #NAME? | X60: #NAME? | Y60: #NAME? | Z60: #NAME?
G61: #NAME? | H61: #NAME? | I61: #NAME? | J61: #NAME? | K61: #NAME? | L61: #NAME? | M61: #NAME? | N61: #NAME? | U61: #NAME? | V61: #NAME? | W61: #NAME? | X61: #NAME? | Y61: #NAME? | Z61: #NAME?
G62: #NAME? | H62: #NAME? | I62: #NAME? | J62: #NAME? | K62: #NAME? | L62: #NAME? | M62: #NAME? | N62: #NAME? | U62: #NAME? | V62: #NAME? | W62: #NAME? | X62: #NAME? | Y62: #NAME? | Z62: #NAME?
G63: #NAME? | H63: #NAME? | I63: #NAME? | J63: #NAME? | K63: #NAME? | L63: #NAME? | M63: #NAME? | N63: #NAME? | U63: #NAME? | V63: #NAME? | W63: #NAME? | X63: #NAME? | Y63: #NAME? | Z63: #NAME?
G64: #NAME? | H64: #NAME? | I64: #NAME? | J64: #NAME? | K64: #NAME? | L64: #NAME? | M64: #NAME? | N64: #NAME? | U64: #NAME? | V64: #NAME? | W64: #NAME? | X64: #NAME? | Y64: #NAME? | Z64: #NAME?
G65: #NAME? | H65: #NAME? | I65: #NAME? | J65: #NAME? | K65: #NAME? | L65: #NAME? | M65: #NAME? | N65: #NAME? | U65: #NAME? | V65: #NAME? | W65: #NAME? | X65: #NAME? | Y65: #NAME? | Z65: #NAME?
G66: #NAME? | H66: #NAME? | I66: #NAME? | J66: #NAME? | K66: #NAME? | L66: #NAME? | M66: #NAME? | N66: #NAME? | U66: #NAME? | V66: #NAME? | W66: #NAME? | X66: #NAME? | Y66: #NAME? | Z66: #NAME?
G67: #NAME? | H67: #NAME? | I67: #NAME? | J67: #NAME? | K67: #NAME? | L67: #NAME? | M67: #NAME? | N67: #NAME? | U67: #NAME? | V67: #NAME? | W67: #NAME? | X67: #NAME? | Y67: #NAME? | Z67: #NAME?
... G995: #NAME? | H995: #NAME? | I995: #NAME? | J995: #NAME? | K995: #NAME? | L995: #NAME? | M995: #NAME? | N995: #NAME? | U995: #NAME? | V995: #NAME? | W995: #NAME? | X995: #NAME? | Y995: #NAME? | Z995: #NAME?
K996: #NAME? | L996: #NAME? | M996: #NAME? | N996: #NAME? | Y996: #NAME? | Z996: #NAME?
K997: #NAME? | L997: #NAME? | M997: #NAME? | N997: #NAME? | Y997: #NAME? | Z997: #NAME?
K998: #NAME? | L998: #NAME? | M998: #NAME? | N998: #NAME? | Y998: #NAME? | Z998: #NAME?
K999: #NAME? | L999: #NAME? | M999: #NAME? | N999: #NAME? | Y999: #NAME? | Z999: #NAME?
K1000: #NAME? | L1000: #NAME? | M1000: #NAME? | N1000: #NAME? | Y1000: #NAME? | Z1000: #NAME?
K1001: #NAME? | L1001: #NAME? | M1001: #NAME? | N1001: #NAME? | Y1001: #NAME? | Z1001: #NAME?
K1002: #NAME? | L1002: #NAME? | M1002: #NAME? | N1002: #NAME? | Y1002: #NAME? | Z1002: #NAME?
K1003: #NAME? | L1003: #NAME? | M1003: #NAME? | N1003: #NAME? | Y1003: #NAME? | Z1003: #NAME?
K1004: #NAME? | L1004: #NAME? | M1004: #NAME? | N1004: #NAME? | Y1004: #NAME? | Z1004: #NAME?
K1005: #NAME? | L1005: #NAME? | M1005: #NAME? | N1005: #NAME? | Y1005: #NAME? | Z1005: #NAME?
K1006: #NAME? | L1006: #NAME? | M1006: #NAME? | N1006: #NAME? | Y1006: #NAME? | Z1006: #NAME?
K1007: #NAME? | L1007: #NAME? | M1007: #NAME? | N1007: #NAME? | Y1007: #NAME? | Z1007: #NAME?
... K2312: #NAME? | L2312: #NAME? | M2312: #NAME? | N2312: #NAME? | Y2312: #NAME? | Z2312: #NAME?

Sheet InputsCompressed
B1: Coal.Consumption.Day.Total.86400.18000.2Tot | D1: SCC.Feed.Day.Total.86400.18000.2Tot | F1: MVC.QON.Daily.Utilization.86400.18000.2Tot | H1: PV.V.Transfer.Daily.Ave.86400.18000.eAve | J1: PV.V.Transfer.Daily.StdDev.86400.18000.eStdDev | L1: PV.V.Transfer.Daily.Ave.86400.18000.eAve | N1: PV.V.Transfer.Daily.StdDev.86400.18000.eStdDev
A2: 45034.208 | B2: 0 | C2: 45034.208 | D2: 6.9559155 | E2: 45034.208 | F2: 0.12108458 | G2: 45034.001 | H2: 0.011573792 | I2: 45034.001 | J2: 0.011573792 | K2: 45038.088 | L2: 8.4557886 | M2: 45038.088 | N2: 8.4557886
A3: 45034.208 | B3: 0 | C3: 45034.208 | D3: Bad Total | E3: 45034.208 | F3: 0 | G3: 45034.002 | H3: Good-Off | I3: 45034.002 | J3: Good-Off | K3: 45038.088 | L3: Good-Off | M3: 45038.088 | N3: Good-Off
A4: 45035.208 | B4: 0 | C4: 45035.208 | D4: Bad Total | E4: 45035.208 | F4: 0 | G4: 45034.003 | H4: 0.018517971 | I4: 45034.003 | J4: 0.018517971 | K4: 45038.088 | L4: 0.72220254 | M4: 45038.088 | N4: 0.72220254
A5: 45035.208 | B5: 0 | C5: 45035.208 | D5: Bad Total | E5: 45035.208 | F5: 0 | G5: 45034.003 | H5: Good-Off | I5: 45034.003 | J5: Good-Off | K5: 45038.09 | L5: Good-Off | M5: 45038.09 | N5: Good-Off
A6: 45036.208 | B6: 0 | C6: 45036.208 | D6: Bad Total | E6: 45036.208 | F6: 0 | G6: 45034.005 | H6: 0.018517971 | I6: 45034.005 | J6: 0.018517971 | K6: 45038.09 | L6: 3.3818526 | M6: 45038.09 | N6: 3.3818526
A7: 45036.208 | B7: 0 | C7: 45036.208 | D7: Bad Total | E7: 45036.208 | F7: 0 | G7: 45034.005 | H7: Good-Off | I7: 45034.005 | J7: Good-Off | K7: 45038.092 | L7: Good-Off | M7: 45038.092 | N7: Good-Off
A8: 45037.208 | B8: 0 | C8: 45037.208 | D8: Bad Total | E8: 45037.208 | F8: 0 | G8: 45034.006 | H8: 0.018517971 | I8: 45034.006 | J8: 0.018517971 | K8: 45038.092 | L8: 3.4698133 | M8: 45038.092 | N8: 3.4698133
A9: 45037.208 | B9: 0 | C9: 45037.208 | D9: 413.52609 | E9: 45037.208 | F9: 4.9930487 | G9: 45034.006 | H9: Good-Off | I9: 45034.006 | J9: Good-Off | K9: 45038.093 | L9: Good-Off | M9: 45038.093 | N9: Good-Off
A10: 45038.208 | B10: 0 | C10: 45038.208 | D10: 413.52609 | E10: 45038.208 | F10: 4.9930487 | G10: 45034.008 | H10: 0.018517971 | I10: 45034.008 | J10: 0.018517971 | K10: 45038.094 | L10: 3.296207 | M10: 45038.094 | N10: 3.296207
A11: 45038.208 | B11: 0 | C11: 45038.208 | D11: 1016.5237 | E11: 45038.208 | F11: 23.203506 | G11: 45034.008 | H11: Good-Off | I11: 45034.008 | J11: Good-Off | K11: 45038.095 | L11: Good-Off | M11: 45038.095 | N11: Good-Off
A12: 45039.208 | B12: 0 | C12: 45039.208 | D12: 1016.5237 | E12: 45039.208 | F12: 23.203506 | G12: 45034.01 | H12: 0.018517971 | I12: 45034.01 | J12: 0.018517971 | K12: 45038.095 | L12: 2.9814005 | M12: 45038.095 | N12: 2.9814005
A13: 45039.208 | B13: 0 | C13: 45039.208 | D13: 501.67346 | E13: 45039.208 | F13: 13.524963 | G13: 45034.01 | H13: Good-Off | I13: 45034.01 | J13: Good-Off | K13: 45038.097 | L13: Good-Off | M13: 45038.097 | N13: Good-Off
A14: 45040.208 | B14: 0 | C14: 45040.208 | D14: 501.67346 | E14: 45040.208 | F14: 13.524963 | G14: 45034.011 | H14: 0.020832777 | I14: 45034.011 | J14: 0.020832777 | K14: 45038.097 | L14: 2.863348 | M14: 45038.097 | N14: 2.863348
A15: 45040.208 | B15: 0 | C15: 45040.208 | D15: 0 | E15: 45040.208 | F15: 0 | G15: 45034.011 | H15: Good-Off | I15: 45034.011 | J15: Good-Off | K15: 45038.098 | L15: Good-Off | M15: 45038.098 | N15: Good-Off
A16: 45041.208 | B16: 0 | C16: 45041.208 | D16: 0 | E16: 45041.208 | F16: 0 | G16: 45034.013 | H16: 0.020832777 | I16: 45034.013 | J16: 0.020832777 | K16: 45038.098 | L16: 3.0763054 | M16: 45038.098 | N16: 3.0763054
A17: 45041.208 | B17: 0 | C17: 45041.208 | D17: Bad Total | E17: 45041.208 | F17: 0 | G17: 45034.013 | H17: Good-Off | I17: 45034.013 | J17: Good-Off | K17: 45038.1 | L17: Good-Off | M17: 45038.1 | N17: Good-Off
A18: 45042.208 | B18: 0 | C18: 45042.208 | D18: Bad Total | E18: 45042.208 | F18: 0 | G18: 45034.014 | H18: 0.018518209 | I18: 45034.014 | J18: 0.018518209 | K18: 45038.1 | L18: 3.1688955 | M18: 45038.1 | N18: 3.1688955
A19: 45042.208 | B19: 0 | C19: 45042.208 | D19: 0 | E19: 45042.208 | F19: 0 | G19: 45034.014 | H19: Good-Off | I19: 45034.014 | J19: Good-Off | K19: 45038.101 | L19: Good-Off | M19: 45038.101 | N19: Good-Off
A20: 45043.208 | B20: 0 | C20: 45043.208 | D20: 0 | E20: 45043.208 | F20: 0 | G20: 45034.016 | H20: 0.027776957 | I20: 45034.016 | J20: 0.027776957 | K20: 45038.101 | L20: 1.2731135 | M20: 45038.101 | N20: 1.2731135
A21: 45043.208 | B21: 0 | C21: 45043.208 | D21: 0 | E21: 45043.208 | F21: 0 | G21: 45034.016 | H21: Good-Off | I21: 45034.016 | J21: Good-Off | K21: 45038.103 | L21: Good-Off | M21: 45038.103 | N21: Good-Off
A22: 45044.208 | B22: 0 | C22: 45044.208 | D22: 0 | E22: 45044.208 | F22: 0 | G22: 45034.018 | H22: 0.030091763 | I22: 45034.018 | J22: 0.030091763 | K22: 45038.103 | L22: 0 | M22: 45038.103 | N22: 0
A23: 45044.208 | B23: 0 | C23: 45044.208 | D23: 0 | E23: 45044.208 | F23: 0 | G23: 45034.018 | H23: Good-Off | I23: 45034.018 | J23: Good-Off | K23: 45038.104 | L23: Good-Off | M23: 45038.104 | N23: Good-Off
A24: 45045.208 | B24: 0 | C24: 45045.208 | D24: 0 | E24: 45045.208 | F24: 0 | G24: 45034.019 | H24: 0.020832777 | I24: 45034.019 | J24: 0.020832777 | K24: 45038.104 | L24: 2.4328043 | M24: 45038.104 | N24: 2.4328043
A25: 45045.208 | B25: 0 | C25: 45045.208 | D25: 0 | E25: 45045.208 | F25: 0 | G25: 45034.019 | H25: Good-Off | I25: 45034.019 | J25: Good-Off | K25: 45038.105 | L25: Good-Off | M25: 45038.105 | N25: Good-Off
A26: 45046.208 | B26: 0 | C26: 45046.208 | D26: 0 | E26: 45046.208 | F26: 0 | G26: 45034.021 | H26: 0.025462389 | I26: 45034.021 | J26: 0.025462389 | K26: 45038.105 | L26: 2.398083 | M26: 45038.105 | N26: 2.398083
A27: 45046.208 | B27: 0 | C27: 45046.208 | D27: 0 | E27: 45046.208 | F27: 0 | G27: 45034.021 | H27: Good-Off | I27: 45034.021 | J27: Good-Off | K27: 45038.106 | L27: Good-Off | M27: 45038.106 | N27: Good-Off
A28: 45047.208 | B28: 0 | C28: 45047.208 | D28: 0 | E28: 45047.208 | F28: 0 | G28: 45034.022 | H28: 0.023147583 | I28: 45034.022 | J28: 0.023147583 | K28: 45038.107 | L28: 2.4652109 | M28: 45038.107 | N28: 2.4652109
A29: 45047.208 | B29: 0 | C29: 45047.208 | D29: 0 | E29: 45047.208 | F29: 0 | G29: 45034.023 | H29: Good-Off | I29: 45034.023 | J29: Good-Off | K29: 45038.108 | L29: Good-Off | M29: 45038.108 | N29: Good-Off
A30: 45048.208 | B30: 0 | C30: 45048.208 | D30: 0 | E30: 45048.208 | F30: 0 | G30: 45034.024 | H30: 0.027777195 | I30: 45034.024 | J30: 0.027777195 | K30: 45038.108 | L30: 2.5971518 | M30: 45038.108 | N30: 2.5971518
A31: 45048.208 | B31: 4.0963206 | C31: 45048.208 | D31: 0 | E31: 45048.208 | F31: 0 | G31: 45034.024 | H31: Good-Off | I31: 45034.024 | J31: Good-Off | K31: 45038.109 | L31: Good-Off | M31: 45038.109 | N31: Good-Off
A32: 45049.208 | B32: 4.1158714 | C32: 45049.208 | D32: 0 | E32: 45049.208 | F32: 0 | G32: 45034.026 | H32: 0.027776718 | I32: 45034.026 | J32: 0.027776718 | K32: 45038.109 | L32: 2.2754011 | M32: 45038.109 | N32: 2.2754011
A33: 45049.208 | B33: 0 | C33: 45049.208 | D33: 0 | E33: 45049.208 | F33: 0 | G33: 45034.026 | H33: Good-Off | I33: 45034.026 | J33: Good-Off | K33: 45038.111 | L33: Good-Off | M33: 45038.111 | N33: Good-Off
A34: 45050.208 | B34: 0.0020412309 | C34: 45050.208 | D34: 0 | E34: 45050.208 | F34: 0 | G34: 45034.027 | H34: 0.020832777 | I34: 45034.027 | J34: 0.020832777 | K34: 45038.111 | L34: 2.5045617 | M34: 45038.111 | N34: 2.5045617
A35: 45050.208 | B35: 0.0017381232 | C35: 45050.208 | D35: 0.00051635387 | E35: 45050.208 | F35: 0 | G35: 45034.027 | H35: Good-Off | I35: 45034.027 | J35: Good-Off | K35: 45038.112 | L35: Good-Off | M35: 45038.112 | N35: Good-Off
A36: 45051.208 | B36: 0.0017381232 | C36: 45051.208 | D36: 0.00051635387 | E36: 45051.208 | F36: 0 | G36: 45034.029 | H36: 0.018517971 | I36: 45034.029 | J36: 0.018517971 | K36: 45038.112 | L36: 2.4721551 | M36: 45038.112 | N36: 2.4721551
A37: 45051.208 | B37: 0.0014350157 | C37: 45051.208 | D37: 0 | E37: 45051.208 | F37: 0 | G37: 45034.029 | H37: Good-Off | I37: 45034.029 | J37: Good-Off | K37: 45038.113 | L37: Good-Off | M37: 45038.113 | N37: Good-Off
A38: 45052.208 | B38: 0.0014350157 | C38: 45052.208 | D38: 0 | E38: 45052.208 | F38: 0 | G38: 45034.031 | H38: 0.018517971 | I38: 45034.031 | J38: 0.018517971 | K38: 45038.113 | L38: 2.3147519 | M38: 45038.113 | N38: 2.3147519
A39: 45052.208 | B39: 0.001131908 | C39: 45052.208 | D39: 0 | E39: 45052.208 | F39: 0 | G39: 45034.031 | H39: Good-Off | I39: 45034.031 | J39: Good-Off | K39: 45038.114 | L39: Good-Off | M39: 45038.114 | N39: Good-Off
A40: 45053.208 | B40: 0.001131908 | C40: 45053.208 | D40: 0 | E40: 45053.208 | F40: 0 | G40: 45034.032 | H40: 0.013888597 | I40: 45034.032 | J40: 0.013888597 | K40: 45038.115 | L40: 1.0624712 | M40: 45038.115 | N40: 1.0624712
A41: 45053.208 | B41: 0.00082880037 | C41: 45053.208 | D41: 1.6866343e-05 | E41: 45053.208 | F41: 0 | G41: 45034.032 | H41: Good-Off | I41: 45034.032 | J41: Good-Off | K41: 45038.116 | L41: Good-Off | M41: 45038.116 | N41: Good-Off
A42: 45054.208 | B42: 0.00082880037 | C42: 45054.208 | D42: 1.6866343e-05 | E42: 45054.208 | F42: 0 | G42: 45034.034 | H42: 0.018518209 | I42: 45034.034 | J42: 0.018518209 | K42: 45038.116 | L42: 0 | M42: 45038.116 | N42: 0
A43: 45054.208 | B43: 0.00052569271 | C43: 45054.208 | D43: 1.6229102e-05 | E43: 45054.208 | F43: 0 | G43: 45034.034 | H43: Good-Off | I43: 45034.034 | J43: Good-Off | K43: 45038.117 | L43: Good-Off | M43: 45038.117 | N43: Good-Off
A44: 45055.208 | B44: 0.00052569271 | C44: 45055.208 | D44: 1.6229102e-05 | E44: 45055.208 | F44: 0 | G44: 45034.035 | H44: 0.016203165 | I44: 45034.035 | J44: 0.016203165 | K44: 45038.117 | L44: 2.4351192 | M44: 45038.117 | N44: 2.4351192
A45: 45055.208 | B45: 0.00022258505 | C45: 45055.208 | D45: 2.1635225e-05 | E45: 45055.208 | F45: 0 | G45: 45034.035 | H45: Good-Off | I45: 45034.035 | J45: Good-Off | K45: 45038.118 | L45: Good-Off | M45: 45038.118 | N45: Good-Off
A46: 45056.208 | B46: 0.00022258505 | C46: 45056.208 | D46: 2.1635225e-05 | E46: 45056.208 | F46: 0 | G46: 45034.037 | H46: 0.013888836 | I46: 45034.037 | J46: 0.013888836 | K46: 45038.118 | L46: 2.0809622 | M46: 45038.118 | N46: 2.0809622
C47: 45056.208 | D47: Bad Total | E47: 45056.208 | F47: 0 | G47: 45034.037 | H47: Good-Off | I47: 45034.037 | J47: Good-Off | K47: 45038.119 | L47: Good-Off | M47: 45038.119 | N47: Good-Off
C48: 45057.208 | D48: Bad Total | E48: 45057.208 | F48: 0 | G48: 45034.039 | H48: 0.013888359 | I48: 45034.039 | J48: 0.013888359 | K48: 45038.119 | L48: 1.9675392 | M48: 45038.119 | N48: 1.9675392
C49: 45057.208 | D49: Bad Total | E49: 45057.208 | F49: 0 | G49: 45034.039 | H49: Good-Off | I49: 45034.039 | J49: Good-Off | K49: 45038.121 | L49: Good-Off | M49: 45038.121 | N49: Good-Off
C50: 45058.208 | D50: Bad Total | G50: 45034.04 | H50: 0.016203165 | I50: 45034.04 | J50: 0.016203165 | K50: 45038.121 | L50: 2.0670736 | M50: 45038.121 | N50: 2.0670736
C51: 45058.208 | D51: 0.022159994 | G51: 45034.04 | H51: Good-Off | I51: 45034.04 | J51: Good-Off | K51: 45038.123 | L51: Good-Off | M51: 45038.123 | N51: Good-Off
C52: 45059.208 | D52: 0.022159994 | G52: 45034.042 | H52: 0 | I52: 45034.042 | J52: 0 | K52: 45038.123 | L52: 2.0971653 | M52: 45038.123 | N52: 2.0971653
C53: 45059.208 | D53: 0.050107643 | G53: 45034.042 | H53: Good-Off | I53: 45034.042 | J53: Good-Off | K53: 45038.124 | L53: Good-Off | M53: 45038.124 | N53: Good-Off
C54: 45060.208 | D54: 0.050107643 | G54: 45034.044 | H54: 0.013888597 | I54: 45034.044 | J54: 0.013888597 | K54: 45038.124 | L54: 1.7777296 | M54: 45038.124 | N54: 1.7777296
C55: 45060.208 | D55: 0.061408985 | G55: 45034.044 | H55: Good-Off | I55: 45034.044 | J55: Good-Off | K55: 45038.125 | L55: Good-Off | M55: 45038.125 | N55: Good-Off
G56: 45034.045 | H56: 0.016203165 | I56: 45034.045 | J56: 0.016203165 | K56: 45038.125 | L56: 1.7638409 | M56: 45038.125 | N56: 1.7638409
G57: 45034.045 | H57: Good-Off | I57: 45034.045 | J57: Good-Off | K57: 45038.127 | L57: Good-Off | M57: 45038.127 | N57: Good-Off
G58: 45034.047 | H58: 0.016203403 | I58: 45034.047 | J58: 0.016203403 | K58: 45038.127 | L58: 1.8170803 | M58: 45038.127 | N58: 1.8170803
G59: 45034.047 | H59: Good-Off | I59: 45034.047 | J59: Good-Off | K59: 45038.128 | L59: Good-Off | M59: 45038.128 | N59: Good-Off
G60: 45034.048 | H60: 0.011573792 | I60: 45034.048 | J60: 0.011573792 | K60: 45038.128 | L60: 1.9397622 | M60: 45038.128 | N60: 1.9397622
G61: 45034.048 | H61: Good-Off | I61: 45034.048 | J61: Good-Off | K61: 45038.129 | L61: Good-Off | M61: 45038.129 | N61: Good-Off
G62: 45034.05 | H62: 0.013888359 | I62: 45034.05 | J62: 0.013888359 | K62: 45038.129 | L62: 1.9096704 | M62: 45038.129 | N62: 1.9096704
G63: 45034.05 | H63: Good-Off | I63: 45034.05 | J63: Good-Off | K63: 45038.13 | L63: Good-Off | M63: 45038.13 | N63: Good-Off
G64: 45034.052 | H64: 0.013888597 | I64: 45034.052 | J64: 0.013888597 | K64: 45038.131 | L64: 1.7406936 | M64: 45038.131 | N64: 1.7406936
G65: 45034.052 | H65: Good-Off | I65: 45034.052 | J65: Good-Off | K65: 45038.132 | L65: Good-Off | M65: 45038.132 | N65: Good-Off
G66: 45034.053 | H66: 0.016203165 | I66: 45034.053 | J66: 0.016203165 | K66: 45038.132 | L66: 0 | M66: 45038.132 | N66: 0
G67: 45034.053 | H67: Good-Off | I67: 45034.053 | J67: Good-Off | K67: 45038.133 | L67: Good-Off | M67: 45038.133 | N67: Good-Off
G68: 45034.055 | H68: 0.013888359 | I68: 45034.055 | J68: 0.013888359 | K68: 45038.133 | L68: 1.8656901 | M68: 45038.133 | N68: 1.8656901
G69: 45034.055 | H69: Good-Off | I69: 45034.055 | J69: Good-Off | K69: 45038.134 | L69: Good-Off | M69: 45038.134 | N69: Good-Off
G70: 45034.056 | H70: 0.013888597 | I70: 45034.056 | J70: 0.013888597 | K70: 45038.134 | L70: 1.5971788 | M70: 45038.134 | N70: 1.5971788
G71: 45034.056 | H71: Good-Off | I71: 45034.056 | J71: Good-Off | K71: 45038.136 | L71: Good-Off | M71: 45038.136 | N71: Good-Off
G72: 45034.058 | H72: 0.020832777 | I72: 45034.058 | J72: 0.020832777 | K72: 45038.136 | L72: 1.3448708 | M72: 45038.136 | N72: 1.3448708
G73: 45034.058 | H73: Good-Off | I73: 45034.058 | J73: Good-Off | K73: 45038.137 | L73: Good-Off | M73: 45038.137 | N73: Good-Off
G74: 45034.06 | H74: 0.020832777 | I74: 45034.06 | J74: 0.020832777 | K74: 45038.137 | L74: 0 | M74: 45038.137 | N74: 0
G75: 45034.06 | H75: Good-Off | I75: 45034.06 | J75: Good-Off | K75: 45038.138 | L75: Good-Off | M75: 45038.138 | N75: Good-Off
G76: 45034.061 | H76: 0.020832777 | I76: 45034.061 | J76: 0.020832777 | K76: 45038.138 | L76: 0 | M76: 45038.138 | N76: 0
G77: 45034.061 | H77: Good-Off | I77: 45034.061 | J77: Good-Off | K77: 45038.139 | L77: Good-Off | M77: 45038.139 | N77: Good-Off
G78: 45034.063 | H78: 0.027776957 | I78: 45034.063 | J78: 0.027776957 | K78: 45038.139 | L78: 1.046268 | M78: 45038.139 | N78: 1.046268
G79: 45034.063 | H79: Good-Off | I79: 45034.063 | J79: Good-Off | K79: 45038.14 | L79: Good-Off | M79: 45038.14 | N79: Good-Off
G80: 45034.065 | H80: 0.025462151 | I80: 45034.065 | J80: 0.025462151 | K80: 45038.14 | L80: 0.72451735 | M80: 45038.14 | N80: 0.72451735
G81: 45034.065 | H81: Good-Off | I81: 45034.065 | J81: Good-Off | K81: 45038.141 | L81: Good-Off | M81: 45038.141 | N81: Good-Off
G82: 45034.066 | H82: 0.025462389 | I82: 45034.066 | J82: 0.025462389 | K82: 45038.141 | L82: 0 | M82: 45038.141 | N82: 0
G83: 45034.066 | H83: Good-Off | I83: 45034.066 | J83: Good-Off | K83: 45038.142 | L83: Good-Off | M83: 45038.142 | N83: Good-Off
G84: 45034.068 | H84: 0.025462389 | I84: 45034.068 | J84: 0.025462389 | K84: 45038.142 | L84: 0.52544874 | M84: 45038.142 | N84: 0.52544874
G85: 45034.068 | H85: Good-Off | I85: 45034.068 | J85: Good-Off | K85: 45038.142 | L85: Good-Off | M85: 45038.142 | N85: Good-Off
G86: 45034.069 | H86: 0.023147583 | I86: 45034.069 | J86: 0.023147583 | K86: 45038.142 | L86: 0.32869482 | M86: 45038.142 | N86: 0.32869482
G87: 45034.069 | H87: Good-Off | I87: 45034.069 | J87: Good-Off | K87: 45038.143 | L87: Good-Off | M87: 45038.143 | N87: Good-Off
G88: 45034.071 | H88: 0.018517971 | I88: 45034.071 | J88: 0.018517971 | K88: 45038.143 | L88: 0 | M88: 45038.143 | N88: 0
G89: 45034.071 | H89: Good-Off | I89: 45034.071 | J89: Good-Off | K89: 45038.144 | L89: Good-Off | M89: 45038.144 | N89: Good-Off
G90: 45034.073 | H90: 0.025462389 | I90: 45034.073 | J90: 0.025462389 | K90: 45038.144 | L90: 0 | M90: 45038.144 | N90: 0
G91: 45034.073 | H91: Good-Off | I91: 45034.073 | J91: Good-Off | K91: 45038.146 | L91: Good-Off | M91: 45038.146 | N91: Good-Off
G92: 45034.074 | H92: 0.027776957 | I92: 45034.074 | J92: 0.027776957 | K92: 45038.146 | L92: 0 | M92: 45038.146 | N92: 0
G93: 45034.074 | H93: Good-Off | I93: 45034.074 | J93: Good-Off | K93: 45038.148 | L93: Good-Off | M93: 45038.148 | N93: Good-Off
G94: 45034.076 | H94: 0.016203403 | I94: 45034.076 | J94: 0.016203403 | K94: 45038.148 | L94: 0 | M94: 45038.148 | N94: 0
G95: 45034.076 | H95: Good-Off | I95: 45034.076 | J95: Good-Off | K95: 45038.149 | L95: Good-Off | M95: 45038.149 | N95: Good-Off
G96: 45034.077 | H96: 0.020832777 | I96: 45034.077 | J96: 0.020832777 | K96: 45038.149 | L96: 0 | M96: 45038.149 | N96: 0
G97: 45034.077 | H97: Good-Off | I97: 45034.077 | J97: Good-Off | K97: 45038.15 | L97: Good-Off | M97: 45038.15 | N97: Good-Off
G98: 45034.079 | H98: 0.016203165 | I98: 45034.079 | J98: 0.016203165 | K98: 45038.15 | L98: 0.54396665 | M98: 45038.15 | N98: 0.54396665
G99: 45034.079 | H99: Good-Off | I99: 45034.079 | J99: Good-Off | K99: 45038.151 | L99: Good-Off | M99: 45038.151 | N99: Good-Off
G100: 45034.081 | H100: 0.016203165 | I100: 45034.081 | J100: 0.016203165 | K100: 45038.151 | L100: 0.54165196 | M100: 45038.151 | N100: 0.54165196
...

Sheet Sheet13
B1: \\usmlmes\USMLPI_MDB\USMLPIMBD\Conversions and Totals\GenTo2valTotal.24.5|ACE:315.Coal.Consumption.Day.Total.86400.18000.2Tot | D1: \\usmlpi.angloiit.net\T:350-PY-201/PV.V.TIM | F1: \\usmlpi.angloiit.net\345-LI-203/PV.V | H1: \\usmlpi.angloiit.net\ACE:315.Coal.Consumption.Day.Total | J1: \\usmlpi.angloiit.net\T:345-WIT-301/PV.V.TIM
A2: {=_xll.PICompDat(Sheet13!$B$1,"t-30d","t",9,"","inside")} -> #NAME? | B2: #NAME? | C2: {=_xll.PICompDat(Sheet13!$D$1,"t-30d","t",9,"","inside")} -> #NAME? | D2: #NAME? | E2: {=_xll.PICompDat(Sheet13!$F$1,"t-30d","t",9,"","inside")} -> #NAME? | F2: #NAME? | G2: {=_xll.PICompDat(Sheet13!$H$1,"t-30d","t",9,"","inside")} -> #NAME? | H2: #NAME? | I2: {=_xll.PICompDat(Sheet13!$J$1,"t-30d","t",9,"","inside")} -> #NAME? | J2: #NAME?
A3: #NAME? | B3: #NAME? | C3: #NAME? | D3: #NAME? | E3: #NAME? | F3: #NAME? | G3: #NAME? | H3: #NAME? | I3: #NAME? | J3: #NAME?
A4: #NAME? | B4: #NAME? | C4: #NAME? | D4: #NAME? | E4: #NAME? | F4: #NAME? | G4: #NAME? | H4: #NAME? | I4: #NAME? | J4: #NAME?
A5: #NAME? | B5: #NAME? | C5: #NAME? | D5: #NAME? | E5: #NAME? | F5: #NAME? | G5: #NAME? | H5: #NAME? | I5: #NAME? | J5: #NAME?
A6: #NAME? | B6: #NAME? | C6: #NAME? | D6: #NAME? | E6: #NAME? | F6: #NAME? | G6: #NAME? | H6: #NAME? | I6: #NAME? | J6: #NAME?
A7: #NAME? | B7: #NAME? | C7: #NAME? | D7: #NAME? | E7: #NAME? | F7: #NAME? | G7: #NAME? | H7: #NAME? | I7: #NAME? | J7: #NAME?
A8: #NAME? | B8: #NAME? | C8: #NAME? | D8: #NAME? | E8: #NAME? | F8: #NAME? | G8: #NAME? | H8: #NAME? | I8: #NAME? | J8: #NAME?
A9: #NAME? | B9: #NAME? | C9: #NAME? | D9: #NAME? | E9: #NAME? | F9: #NAME? | G9: #NAME? | H9: #NAME? | I9: #NAME? | J9: #NAME?
A10: #NAME? | B10: #NAME? | C10: #NAME? | D10: #NAME? | E10: #NAME? | F10: #NAME? | G10: #NAME? | H10: #NAME? | I10: #NAME? | J10: #NAME?
A11: #NAME? | B11: #NAME? | C11: #NAME? | D11: #NAME? | E11: #NAME? | F11: #NAME? | G11: #NAME? | H11: #NAME? | I11: #NAME? | J11: #NAME?
A12: #NAME? | B12: #NAME? | C12: #NAME? | D12: #NAME? | E12: #NAME? | F12: #NAME? | G12: #NAME? | H12: #NAME? | I12: #NAME? | J12: #NAME?
A13: #NAME? | B13: #NAME? | C13: #NAME? | D13: #NAME? | E13: #NAME? | F13: #NAME? | G13: #NAME? | H13: #NAME? | I13: #NAME? | J13: #NAME?
A14: #NAME? | B14: #NAME? | C14: #NAME? | D14: #NAME? | E14: #NAME? | F14: #NAME? | G14: #NAME? | H14: #NAME? | I14: #NAME? | J14: #NAME?
... A31: #NAME? | B31: #NAME? | C31: #NAME? | D31: #NAME? | E31: #NAME? | F31: #NAME? | G31: #NAME? | H31: #NAME? | I31: #NAME? | J31: #NAME?
A32: #NAME? | B32: #NAME? | E32: #NAME? | F32: #NAME? | G32: #NAME? | H32: #NAME?
A33: #NAME? | B33: #NAME? | E33: #NAME? | F33: #NAME? | G33: #NAME? | H33: #NAME?
A34: #NAME? | B34: #NAME? | E34: #NAME? | F34: #NAME? | G34: #NAME? | H34: #NAME?
A35: #NAME? | B35: #NAME? | E35: #NAME? | F35: #NAME? | G35: #NAME? | H35: #NAME?
A36: #NAME? | B36: #NAME? | E36: #NAME? | F36: #NAME? | G36: #NAME? | H36: #NAME?
A37: #NAME? | B37: #NAME? | E37: #NAME? | F37: #NAME? | G37: #NAME? | H37: #NAME?
A38: #NAME? | B38: #NAME? | E38: #NAME? | F38: #NAME? | G38: #NAME? | H38: #NAME?
A39: #NAME? | B39: #NAME? | E39: #NAME? | F39: #NAME? | G39: #NAME? | H39: #NAME?
A40: #NAME? | B40: #NAME? | E40: #NAME? | F40: #NAME? | G40: #NAME? | H40: #NAME?
A41: #NAME? | B41: #NAME? | E41: #NAME? | F41: #NAME? | G41: #NAME? | H41: #NAME?
A42: #NAME? | B42: #NAME? | E42: #NAME? | F42: #NAME? | G42: #NAME? | H42: #NAME?
A43: #NAME? | B43: #NAME? | E43: #NAME? | F43: #NAME? | G43: #NAME? | H43: #NAME?
... A46: #NAME? | B46: #NAME? | E46: #NAME? | F46: #NAME? | G46: #NAME? | H46: #NAME?
E47: #NAME? | F47: #NAME? | G47: #NAME? | H47: #NAME?
E48: #NAME? | F48: #NAME? | G48: #NAME? | H48: #NAME?
E49: #NAME? | F49: #NAME? | G49: #NAME? | H49: #NAME?
E50: #NAME? | F50: #NAME? | G50: #NAME? | H50: #NAME?
E51: #NAME? | F51: #NAME? | G51: #NAME? | H51: #NAME?
E52: #NAME? | F52: #NAME? | G52: #NAME? | H52: #NAME?
E53: #NAME? | F53: #NAME? | G53: #NAME? | H53: #NAME?
E54: #NAME? | F54: #NAME? | G54: #NAME? | H54: #NAME?
E55: #NAME? | F55: #NAME? | G55: #NAME? | H55: #NAME?
E56: #NAME? | F56: #NAME? | G56: #NAME? | H56: #NAME?
E57: #NAME? | F57: #NAME? | G57: #NAME? | H57: #NAME?
E58: #NAME? | F58: #NAME? | G58: #NAME? | H58: #NAME?
... E61: #NAME? | F61: #NAME? | G61: #NAME? | H61: #NAME?
E62: #NAME? | F62: #NAME?
E63: #NAME? | F63: #NAME?
E64: #NAME? | F64: #NAME?
E65: #NAME? | F65: #NAME?
E66: #NAME? | F66: #NAME?
E67: #NAME? | F67: #NAME?
E68: #NAME? | F68: #NAME?
E69: #NAME? | F69: #NAME?
E70: #NAME? | F70: #NAME?
E71: #NAME? | F71: #NAME?
E72: #NAME? | F72: #NAME?
E73: #NAME? | F73: #NAME?
... E82374: #NAME? | F82374: #NAME?

Sheet FormulaCompressed
B1: Coal.Consumption.Day.Total.86400.18000.2Tot | D1: T:350-PY-201/PV.V.TIM | F1: 345-LI-203/PV.V | H1: Coal.Consumption.Day.Total | J1: T:345-WIT-301/PV.V.TIM
A2: 45034.208 | B2: 0 | C2: 45034.208 | D2: 3.6589208 | E2: 45034 | F2: 84.546318 | G2: 45034.208 | H2: 0.9266001 | I2: 45034.208 | J2: 0.0083333338
A3: 45034.208 | B3: 0 | C3: 45035.208 | D3: 0 | E3: 45034 | F3: 84.517387 | G3: 45034.208 | H3: 0.72305781 | I3: 45035.208 | J3: 0
A4: 45035.208 | B4: 0 | C4: 45036.208 | D4: 0 | E4: 45034.002 | F4: 84.517387 | G4: 45035.208 | H4: 0.72305781 | I4: 45036.208 | J4: 0
A5: 45035.208 | B5: 0 | C5: 45037.208 | D5: 0.16545278 | E5: 45034.003 | F5: 84.546318 | G5: 45035.208 | H5: -0.082313396 | I5: 45037.208 | J5: 5.9449673
A6: 45036.208 | B6: 0 | C6: 45038.208 | D6: 9.2679291 | E6: 45034.003 | F6: 84.546318 | G6: 45036.208 | H6: -0.082313396 | I6: 45038.208 | J6: 23.563881
A7: 45036.208 | B7: 0 | C7: 45039.208 | D7: 19.132957 | E7: 45034.004 | F7: 84.517387 | G7: 45036.208 | H7: 0.080219999 | I7: 45039.208 | J7: 15.210649
A8: 45037.208 | B8: 0 | C8: 45040.208 | D8: 22.93222 | E8: 45034.004 | F8: 84.546318 | G8: 45037.208 | H8: 0.080219999 | I8: 45040.208 | J8: 0.29445416
A9: 45037.208 | B9: 0 | C9: 45041.208 | D9: 11.557015 | E9: 45034.007 | F9: 84.546318 | G9: 45037.208 | H9: 6.6201057 | I9: 45041.208 | J9: 0
A10: 45038.208 | B10: 0 | C10: 45042.208 | D10: 15.518989 | E10: 45034.007 | F10: 84.604187 | G10: 45038.208 | H10: 6.6201057 | I10: 45042.208 | J10: 0
A11: 45038.208 | B11: 0 | C11: 45043.208 | D11: 15.999063 | E11: 45034.008 | F11: 84.546318 | G11: 45038.208 | H11: 24.678551 | I11: 45043.208 | J11: 0
A12: 45039.208 | B12: 0 | C12: 45044.208 | D12: 22.287752 | E12: 45034.008 | F12: 84.604187 | G12: 45039.208 | H12: 24.678551 | I12: 45044.208 | J12: 0
A13: 45039.208 | B13: 0 | C13: 45045.208 | D13: 24 | E13: 45034.008 | F13: 84.546318 | G13: 45039.208 | H13: 15.625204 | I13: 45045.208 | J13: 0
... A31: 45048.208 | B31: 4.0963206 | C31: 45063.208 | D31: 0 | E31: 45034.015 | F31: 84.633125 | G31: 45048.208 | H31: -0.7466138 | I31: 45063.208 | J31: 0
A32: 45049.208 | B32: 4.1158714 | E32: 45034.015 | F32: 84.604187 | G32: 45049.208 | H32: -0.7466138
A33: 45049.208 | B33: 0 | E33: 45034.015 | F33: 84.633125 | G33: 45049.208 | H33: -0.036974117
A34: 45050.208 | B34: 0.0020412309 | E34: 45034.016 | F34: 84.604187 | G34: 45050.208 | H34: -0.036974117
A35: 45050.208 | B35: 0.0017381232 | E35: 45034.016 | F35: 84.633125 | G35: 45050.208 | H35: -0.079809383
A36: 45051.208 | B36: 0.0017381232 | E36: 45034.016 | F36: 84.604187 | G36: 45051.208 | H36: -0.079809383
A37: 45051.208 | B37: 0.0014350157 | E37: 45034.017 | F37: 84.604187 | G37: 45051.208 | H37: 0.71926641
A38: 45052.208 | B38: 0.0014350157 | E38: 45034.018 | F38: 84.546318 | G38: 45052.208 | H38: 0.71926641
A39: 45052.208 | B39: 0.001131908 | E39: 45034.018 | F39: 84.604187 | G39: 45052.208 | H39: -0.71277022
A40: 45053.208 | B40: 0.001131908 | E40: 45034.018 | F40: 84.546318 | G40: 45053.208 | H40: -0.71277022
A41: 45053.208 | B41: 0.00082880037 | E41: 45034.018 | F41: 84.604187 | G41: 45053.208 | H41: 0.57844532
A42: 45054.208 | B42: 0.00082880037 | E42: 45034.019 | F42: 84.604187 | G42: 45054.208 | H42: 0.57844532
A43: 45054.208 | B43: 0.00052569271 | E43: 45034.019 | F43: 84.546318 | G43: 45054.208 | H43: -0.4329192
... A46: 45056.208 | B46: 0.00022258505 | E46: 45034.021 | F46: 84.604187 | G46: 45056.208 | H46: -0.11261296
E47: 45034.021 | F47: 84.546318 | G47: 45056.208 | H47: -0.030609898
E48: 45034.021 | F48: 84.604187 | G48: 45057.208 | H48: -0.030609898
E49: 45034.022 | F49: 84.604187 | G49: 45057.208 | H49: 0
E50: 45034.022 | F50: 84.546318 | G50: 45058.208 | H50: 0
E51: 45034.023 | F51: 84.546318 | G51: 45058.208 | H51: -0.086800002
E52: 45034.023 | F52: 84.517387 | G52: 45059.208 | H52: -0.086800002
E53: 45034.024 | F53: 84.517387 | G53: 45059.208 | H53: -52.96759
E54: 45034.024 | F54: 84.546318 | G54: 45060.208 | H54: -52.96759
E55: 45034.024 | F55: 84.517387 | G55: 45060.208 | H55: -0.0044250279
E56: 45034.024 | F56: 84.546318 | G56: 45061.208 | H56: -0.0044250279
E57: 45034.025 | F57: 84.488449 | G57: 45061.208 | H57: -0.0044248011
E58: 45034.025 | F58: 84.459518 | G58: 45062.208 | H58: -0.0044248011
... E61: 45034.028 | F61: 84.401649 | G61: 45063.208 | H61: -0.0044243471
E62: 45034.028 | F62: 84.459518
E63: 45034.028 | F63: 84.401649
E64: 45034.029 | F64: 84.401649
E65: 45034.029 | F65: 84.459518
E66: 45034.03 | F66: 84.401649
E67: 45034.03 | F67: 84.459518
E68: 45034.03 | F68: 84.401649
E69: 45034.03 | F69: 84.459518
E70: 45034.031 | F70: 84.459518
E71: 45034.031 | F71: 84.401649
E72: 45034.031 | F72: 84.459518
E73: 45034.031 | F73: 84.459518
... E4651: 45036.193 | F4651: 83.475746

Sheet Sheet15
B1: \\usmlmes\USMLPI_MDB\USMLPIMBD\Conversions and Totals\GenTo2valTotal.24.5\OutputTags|ACE:315.Coal.Consumption.Day.Total.86400.18000.2Tot | D1: \\usmlmes\USMLPI_MDB\USMLPIMBD\Conversions and Totals\GenTo2valTotal.24.5\OutputTags|ACE:315.SCC.Feed.Day.Total.86400.18000.2Tot | F1: \\usmlmes\USMLPI_MDB\USMLPIMBD\Conversions and Totals\GenTo2valTotal.24.5\OutputTags|ACE:345-TIC-007C/MVC.QON.Daily.Utilization.86400.18000.2Tot | H1: \\usmlmes\USMLPI_MDB\USMLPIMBD\Conversions and Totals\GenTo2valTotal.24.5\OutputTags|ACE:345-WI-006/PV.V.Transfer.Daily.Ave.86400.18000.eAve | J1: \\usmlmes\USMLPI_MDB\USMLPIMBD\Conversions and Totals\GenTo2valTotal.24.5\OutputTags|ACE:345-WI-006/PV.V.Transfer.Daily.StdDev.86400.18000.eStdDev | L1: \\usmlmes\USMLPI_MDB\USMLPIMBD\Conversions and Totals\GenTo2valTotal.24.5\OutputTags|ACE:345-WI-007/PV.V.Transfer.Daily.Ave.86400.18000.eAve | N1: \\usmlmes\USMLPI_MDB\USMLPIMBD\Conversions and Totals\GenTo2valTotal.24.5\OutputTags|ACE:345-WI-007/PV.V.Transfer.Daily.StdDev.86400.18000.eStdDev | P1: \\usmlmes\USMLPI_MDB\USMLPIMBD\Conversions and Totals\GenTo2valTotal.24.5\OutputTags|ACE:414-PIC-610C/MVC.QON.Daily.Utilization.86400.18000.2Tot | R1: \\usmlmes\USMLPI_MDB\USMLPIMBD\Conversions and Totals\GenTo2valTotal.24.5\OutputTags|ACE:494-WI-020/PV.V.Transfer.Daily.Ave.86400.18000.eAve | T1: \\usmlmes\USMLPI_MDB\USMLPIMBD\Conversions and Totals\GenTo2valTotal.24.5\OutputTags|ACE:494-WI-020/PV.V.Transfer.Daily.StdDev.86400.18000.eStdDev | V1: \\usmlmes\USMLPI_MDB\USMLPIMBD\Conversions and Totals\GenTo2valTotal.24.5\OutputTags|ACE:494-WI-030/PV.V.Transfer.Daily.Ave.86400.18000.eAve | X1: \\usmlmes\USMLPI_MDB\USMLPIMBD\Conversions and Totals\GenTo2valTotal.24.5\OutputTags|ACE:494-WI-030/PV.V.Transfer.Daily.StdDev.86400.18000.eStdDev
A2: {=_xll.PICompDat(Sheet15!$B$1,"t-30d","t",9,"","inside")} -> #NAME? | B2: #NAME? | C2: {=_xll.PICompDat(Sheet15!$D$1,"t-30d","t",9,"","inside")} -> #NAME? | D2: #NAME? | E2: {=_xll.PICompDat(Sheet15!$F$1,"t-30d","t",9,"","inside")} -> #NAME? | F2: #NAME? | G2: {=_xll.PICompDat(Sheet15!$H$1,"t-30d","t",9,"","inside")} -> #NAME? | H2: #NAME? | I2: {=_xll.PICompDat(Sheet15!$J$1,"t-30d","t",9,"","inside")} -> #NAME? | J2: #NAME? | K2: {=_xll.PICompDat(Sheet15!$L$1,"t-30d","t",9,"","inside")} -> #NAME? | L2: #NAME? | M2: {=_xll.PICompDat(Sheet15!$N$1,"t-30d","t",9,"","inside")} -> #NAME? | N2: #NAME? | O2: {=_xll.PICompDat(Sheet15!$P$1,"t-30d","t",9,"","inside")} -> #NAME? | P2: #NAME? | Q2: {=_xll.PICompDat(Sheet15!$R$1,"t-30d","t",9,"","inside")} -> #NAME? | R2: #NAME? | S2: {=_xll.PICompDat(Sheet15!$T$1,"t-30d","t",9,"","inside")} -> #NAME? | T2: #NAME? | U2: {=_xll.PICompDat(Sheet15!$V$1,"t-30d","t",9,"","inside")} -> #NAME? | V2: #NAME? | W2: {=_xll.PICompDat(Sheet15!$X$1,"t-30d","t",9,"","inside")} -> #NAME? | X2: #NAME?
A3: #NAME? | B3: #NAME? | C3: #NAME? | D3: #NAME? | E3: #NAME? | F3: #NAME? | G3: #NAME? | H3: #NAME? | I3: #NAME? | J3: #NAME? | K3: #NAME? | L3: #NAME? | M3: #NAME? | N3: #NAME? | O3: #NAME? | P3: #NAME? | Q3: #NAME? | R3: #NAME? | S3: #NAME? | T3: #NAME? | U3: #NAME? | V3: #NAME? | W3: #NAME? | X3: #NAME?
A4: #NAME? | B4: #NAME? | C4: #NAME? | D4: #NAME? | E4: #NAME? | F4: #NAME? | G4: #NAME? | H4: #NAME? | I4: #NAME? | J4: #NAME? | K4: #NAME? | L4: #NAME? | M4: #NAME? | N4: #NAME? | O4: #NAME? | P4: #NAME? | Q4: #NAME? | R4: #NAME? | S4: #NAME? | T4: #NAME? | U4: #NAME? | V4: #NAME? | W4: #NAME? | X4: #NAME?
A5: #NAME? | B5: #NAME? | C5: #NAME? | D5: #NAME? | E5: #NAME? | F5: #NAME? | G5: #NAME? | H5: #NAME? | I5: #NAME? | J5: #NAME? | K5: #NAME? | L5: #NAME? | M5: #NAME? | N5: #NAME? | O5: #NAME? | P5: #NAME? | Q5: #NAME? | R5: #NAME? | S5: #NAME? | T5: #NAME? | U5: #NAME? | V5: #NAME? | W5: #NAME? | X5: #NAME?
A6: #NAME? | B6: #NAME? | C6: #NAME? | D6: #NAME? | E6: #NAME? | F6: #NAME? | G6: #NAME? | H6: #NAME? | I6: #NAME? | J6: #NAME? | K6: #NAME? | L6: #NAME? | M6: #NAME? | N6: #NAME? | O6: #NAME? | P6: #NAME? | Q6: #NAME? | R6: #NAME? | S6: #NAME? | T6: #NAME? | U6: #NAME? | V6: #NAME? | W6: #NAME? | X6: #NAME?
A7: #NAME? | B7: #NAME? | C7: #NAME? | D7: #NAME? | E7: #NAME? | F7: #NAME? | G7: #NAME? | H7: #NAME? | I7: #NAME? | J7: #NAME? | K7: #NAME? | L7: #NAME? | M7: #NAME? | N7: #NAME? | O7: #NAME? | P7: #NAME? | Q7: #NAME? | R7: #NAME? | S7: #NAME? | T7: #NAME? | U7: #NAME? | V7: #NAME? | W7: #NAME? | X7: #NAME?
A8: #NAME? | B8: #NAME? | C8: #NAME? | D8: #NAME? | E8: #NAME? | F8: #NAME? | G8: #NAME? | H8: #NAME? | I8: #NAME? | J8: #NAME? | K8: #NAME? | L8: #NAME? | M8: #NAME? | N8: #NAME? | O8: #NAME? | P8: #NAME? | Q8: #NAME? | R8: #NAME? | S8: #NAME? | T8: #NAME? | U8: #NAME? | V8: #NAME? | W8: #NAME? | X8: #NAME?
A9: #NAME? | B9: #NAME? | C9: #NAME? | D9: #NAME? | E9: #NAME? | F9: #NAME? | G9: #NAME? | H9: #NAME? | I9: #NAME? | J9: #NAME? | K9: #NAME? | L9: #NAME? | M9: #NAME? | N9: #NAME? | O9: #NAME? | P9: #NAME? | Q9: #NAME? | R9: #NAME? | S9: #NAME? | T9: #NAME? | U9: #NAME? | V9: #NAME? | W9: #NAME? | X9: #NAME?
A10: #NAME? | B10: #NAME? | C10: #NAME? | D10: #NAME? | E10: #NAME? | F10: #NAME? | G10: #NAME? | H10: #NAME? | I10: #NAME? | J10: #NAME? | K10: #NAME? | L10: #NAME? | M10: #NAME? | N10: #NAME? | O10: #NAME? | P10: #NAME? | Q10: #NAME? | R10: #NAME? | S10: #NAME? | T10: #NAME? | U10: #NAME? | V10: #NAME? | W10: #NAME? | X10: #NAME?
A11: #NAME? | B11: #NAME? | C11: #NAME? | D11: #NAME? | E11: #NAME? | F11: #NAME? | G11: #NAME? | H11: #NAME? | I11: #NAME? | J11: #NAME? | K11: #NAME? | L11: #NAME? | M11: #NAME? | N11: #NAME? | O11: #NAME? | P11: #NAME? | Q11: #NAME? | R11: #NAME? | S11: #NAME? | T11: #NAME? | U11: #NAME? | V11: #NAME? | W11: #NAME? | X11: #NAME?
A12: #NAME? | B12: #NAME? | C12: #NAME? | D12: #NAME? | E12: #NAME? | F12: #NAME? | G12: #NAME? | H12: #NAME? | I12: #NAME? | J12: #NAME? | K12: #NAME? | L12: #NAME? | M12: #NAME? | N12: #NAME? | O12: #NAME? | P12: #NAME? | Q12: #NAME? | R12: #NAME? | S12: #NAME? | T12: #NAME? | U12: #NAME? | V12: #NAME? | W12: #NAME? | X12: #NAME?
A13: #NAME? | B13: #NAME? | C13: #NAME? | D13: #NAME? | E13: #NAME? | F13: #NAME? | G13: #NAME? | H13: #NAME? | I13: #NAME? | J13: #NAME? | K13: #NAME? | L13: #NAME? | M13: #NAME? | N13: #NAME? | O13: #NAME? | P13: #NAME? | Q13: #NAME? | R13: #NAME? | S13: #NAME? | T13: #NAME? | U13: #NAME? | V13: #NAME? | W13: #NAME? | X13: #NAME?
A14: #NAME? | B14: #NAME? | C14: #NAME? | D14: #NAME? | E14: #NAME? | F14: #NAME? | G14: #NAME? | H14: #NAME? | I14: #NAME? | J14: #NAME? | K14: #NAME? | L14: #NAME? | M14: #NAME? | N14: #NAME? | O14: #NAME? | P14: #NAME? | Q14: #NAME? | R14: #NAME? | S14: #NAME? | T14: #NAME? | U14: #NAME? | V14: #NAME? | W14: #NAME? | X14: #NAME?
... A31: #NAME? | B31: #NAME? | C31: #NAME? | D31: #NAME? | E31: #NAME? | F31: #NAME? | G31: #NAME? | H31: #NAME? | I31: #NAME? | J31: #NAME? | K31: #NAME? | L31: #NAME? | M31: #NAME? | N31: #NAME? | O31: #NAME? | P31: #NAME? | Q31: #NAME? | R31: #NAME? | S31: #NAME? | T31: #NAME? | U31: #NAME? | V31: #NAME? | W31: #NAME? | X31: #NAME?
A32: #NAME? | B32: #NAME? | C32: #NAME? | D32: #NAME? | E32: #NAME? | F32: #NAME? | G32: #NAME? | H32: #NAME? | I32: #NAME? | J32: #NAME? | K32: #NAME? | L32: #NAME? | M32: #NAME? | N32: #NAME? | O32: #NAME? | P32: #NAME? | S32: #NAME? | T32: #NAME? | W32: #NAME? | X32: #NAME?
A33: #NAME? | B33: #NAME? | C33: #NAME? | D33: #NAME? | E33: #NAME? | F33: #NAME? | G33: #NAME? | H33: #NAME? | I33: #NAME? | J33: #NAME? | K33: #NAME? | L33: #NAME? | M33: #NAME? | N33: #NAME? | O33: #NAME? | P33: #NAME? | S33: #NAME? | T33: #NAME? | W33: #NAME? | X33: #NAME?
A34: #NAME? | B34: #NAME? | C34: #NAME? | D34: #NAME? | E34: #NAME? | F34: #NAME? | G34: #NAME? | H34: #NAME? | I34: #NAME? | J34: #NAME? | K34: #NAME? | L34: #NAME? | M34: #NAME? | N34: #NAME? | O34: #NAME? | P34: #NAME? | S34: #NAME? | T34: #NAME? | W34: #NAME? | X34: #NAME?
A35: #NAME? | B35: #NAME? | C35: #NAME? | D35: #NAME? | E35: #NAME? | F35: #NAME? | G35: #NAME? | H35: #NAME? | I35: #NAME? | J35: #NAME? | K35: #NAME? | L35: #NAME? | M35: #NAME? | N35: #NAME? | O35: #NAME? | P35: #NAME? | S35: #NAME? | T35: #NAME? | W35: #NAME? | X35: #NAME?
A36: #NAME? | B36: #NAME? | C36: #NAME? | D36: #NAME? | E36: #NAME? | F36: #NAME? | G36: #NAME? | H36: #NAME? | I36: #NAME? | J36: #NAME? | K36: #NAME? | L36: #NAME? | M36: #NAME? | N36: #NAME? | O36: #NAME? | P36: #NAME? | S36: #NAME? | T36: #NAME? | W36: #NAME? | X36: #NAME?
A37: #NAME? | B37: #NAME? | C37: #NAME? | D37: #NAME? | E37: #NAME? | F37: #NAME? | I37: #NAME? | J37: #NAME? | K37: #NAME? | L37: #NAME? | M37: #NAME? | N37: #NAME? | O37: #NAME? | P37: #NAME? | S37: #NAME? | T37: #NAME? | W37: #NAME? | X37: #NAME?
A38: #NAME? | B38: #NAME? | C38: #NAME? | D38: #NAME? | E38: #NAME? | F38: #NAME? | I38: #NAME? | J38: #NAME? | K38: #NAME? | L38: #NAME? | M38: #NAME? | N38: #NAME? | O38: #NAME? | P38: #NAME? | S38: #NAME? | T38: #NAME? | W38: #NAME? | X38: #NAME?
A39: #NAME? | B39: #NAME? | C39: #NAME? | D39: #NAME? | E39: #NAME? | F39: #NAME? | I39: #NAME? | J39: #NAME? | K39: #NAME? | L39: #NAME? | M39: #NAME? | N39: #NAME? | O39: #NAME? | P39: #NAME? | S39: #NAME? | T39: #NAME? | W39: #NAME? | X39: #NAME?
A40: #NAME? | B40: #NAME? | C40: #NAME? | D40: #NAME? | E40: #NAME? | F40: #NAME? | I40: #NAME? | J40: #NAME? | K40: #NAME? | L40: #NAME? | M40: #NAME? | N40: #NAME? | O40: #NAME? | P40: #NAME? | S40: #NAME? | T40: #NAME? | W40: #NAME? | X40: #NAME?
A41: #NAME? | B41: #NAME? | C41: #NAME? | D41: #NAME? | E41: #NAME? | F41: #NAME? | I41: #NAME? | J41: #NAME? | M41: #NAME? | N41: #NAME? | O41: #NAME? | P41: #NAME? | S41: #NAME? | T41: #NAME? | W41: #NAME? | X41: #NAME?
A42: #NAME? | B42: #NAME? | C42: #NAME? | D42: #NAME? | E42: #NAME? | F42: #NAME? | I42: #NAME? | J42: #NAME? | M42: #NAME? | N42: #NAME? | O42: #NAME? | P42: #NAME? | S42: #NAME? | T42: #NAME? | W42: #NAME? | X42: #NAME?
A43: #NAME? | B43: #NAME? | C43: #NAME? | D43: #NAME? | E43: #NAME? | F43: #NAME? | I43: #NAME? | J43: #NAME? | M43: #NAME? | N43: #NAME? | O43: #NAME? | P43: #NAME? | S43: #NAME? | T43: #NAME? | W43: #NAME? | X43: #NAME?
A44: #NAME? | B44: #NAME? | C44: #NAME? | D44: #NAME? | E44: #NAME? | F44: #NAME? | I44: #NAME? | J44: #NAME? | M44: #NAME? | N44: #NAME? | O44: #NAME? | P44: #NAME? | S44: #NAME? | T44: #NAME? | W44: #NAME? | X44: #NAME?
A45: #NAME? | B45: #NAME? | C45: #NAME? | D45: #NAME? | E45: #NAME? | F45: #NAME? | I45: #NAME? | J45: #NAME? | M45: #NAME? | N45: #NAME? | O45: #NAME? | P45: #NAME? | S45: #NAME? | T45: #NAME? | W45: #NAME? | X45: #NAME?
A46: #NAME? | B46: #NAME? | C46: #NAME? | D46: #NAME? | E46: #NAME? | F46: #NAME? | I46: #NAME? | J46: #NAME? | M46: #NAME? | N46: #NAME? | O46: #NAME? | P46: #NAME? | S46: #NAME? | T46: #NAME? | W46: #NAME? | X46: #NAME?
A47: #NAME? | B47: #NAME? | C47: #NAME? | D47: #NAME? | E47: #NAME? | F47: #NAME? | I47: #NAME? | J47: #NAME? | M47: #NAME? | N47: #NAME? | O47: #NAME? | P47: #NAME? | S47: #NAME? | T47: #NAME? | W47: #NAME? | X47: #NAME?
A48: #NAME? | B48: #NAME? | C48: #NAME? | D48: #NAME? | E48: #NAME? | F48: #NAME? | I48: #NAME? | J48: #NAME? | M48: #NAME? | N48: #NAME? | O48: #NAME? | P48: #NAME? | S48: #NAME? | T48: #NAME? | W48: #NAME? | X48: #NAME?
A49: #NAME? | B49: #NAME? | C49: #NAME? | D49: #NAME? | E49: #NAME? | F49: #NAME? | I49: #NAME? | J49: #NAME? | M49: #NAME? | N49: #NAME? | O49: #NAME? | P49: #NAME? | S49: #NAME? | T49: #NAME? | W49: #NAME? | X49: #NAME?
A50: #NAME? | B50: #NAME? | C50: #NAME? | D50: #NAME? | E50: #NAME? | F50: #NAME? | I50: #NAME? | J50: #NAME? | M50: #NAME? | N50: #NAME? | O50: #NAME? | P50: #NAME? | S50: #NAME? | T50: #NAME? | W50: #NAME? | X50: #NAME?
A51: #NAME? | B51: #NAME? | C51: #NAME? | D51: #NAME? | E51: #NAME? | F51: #NAME? | I51: #NAME? | J51: #NAME? | M51: #NAME? | N51: #NAME? | O51: #NAME? | P51: #NAME? | S51: #NAME? | T51: #NAME? | W51: #NAME? | X51: #NAME?
A52: #NAME? | B52: #NAME? | C52: #NAME? | D52: #NAME? | E52: #NAME? | F52: #NAME? | I52: #NAME? | J52: #NAME? | M52: #NAME? | N52: #NAME? | O52: #NAME? | P52: #NAME? | S52: #NAME? | T52: #NAME? | W52: #NAME? | X52: #NAME?
... A61: #NAME? | B61: #NAME? | C61: #NAME? | D61: #NAME? | E61: #NAME? | F61: #NAME? | I61: #NAME? | J61: #NAME? | M61: #NAME? | N61: #NAME? | O61: #NAME? | P61: #NAME? | S61: #NAME? | T61: #NAME? | W61: #NAME? | X61: #NAME?

Sheet OutputsCompressed
B1: Coal.Consumption.Day.Total.86400.18000.2Tot | D1: SCC.Feed.Day.Total.86400.18000.2Tot | F1: MVC.QON.Daily.Utilization.86400.18000.2Tot | H1: PV.V.Transfer.Daily.Ave.86400.18000.eAve | J1: PV.V.Transfer.Daily.StdDev.86400.18000.eStdDev | L1: PV.V.Transfer.Daily.Ave.86400.18000.eAve | N1: PV.V.Transfer.Daily.StdDev.86400.18000.eStdDev | P1: MVC.QON.Daily.Utilization.86400.18000.2Tot | R1: PV.V.Transfer.Daily.Ave.86400.18000.eAve | T1: PV.V.Transfer.Daily.StdDev.86400.18000.eStdDev | V1: PV.V.Transfer.Daily.Ave.86400.18000.eAve | X1: PV.V.Transfer.Daily.StdDev.86400.18000.eStdDev
A2: 45034.208 | B2: 0.9266001 | C2: 45034.208 | D2: 133.21039 | E2: 45034.208 | F2: Calc Crash | G2: 45034.208 | H2: 0.02184456 | I2: 45034.208 | J2: 0.02658616 | K2: 45034.208 | L2: 0.0062239151 | M2: 45034.208 | N2: 0.041160922 | O2: 45034.208 | P2: Calc Crash | Q2: 45034.208 | R2: Calc Failed | S2: 45034.208 | T2: No Sample | U2: 45034.208 | V2: 0.58254594 | W2: 45034.208 | X2: No Sample
A3: 45034.208 | B3: 0.72305781 | C3: 45034.208 | D3: Calc Crash | E3: 45034.208 | F3: Calc Crash | G3: 45034.208 | H3: Calc Failed | I3: 45034.208 | J3: No Sample | K3: 45034.208 | L3: Calc Failed | M3: 45034.208 | N3: No Sample | O3: 45034.208 | P3: Calc Crash | Q3: 45035.208 | R3: Calc Failed | S3: 45034.208 | T3: No Sample | U3: 45035.208 | V3: Calc Failed | W3: 45034.208 | X3: No Sample
A4: 45035.208 | B4: 0.72305781 | C4: 45035.208 | D4: Calc Crash | E4: 45035.208 | F4: Calc Crash | G4: 45035.208 | H4: 1.8980964 | I4: 45035.208 | J4: No Sample | K4: 45035.208 | L4: Calc Failed | M4: 45035.208 | N4: No Sample | O4: 45035.208 | P4: Calc Crash | Q4: 45036.208 | R4: Calc Failed | S4: 45035.208 | T4: No Sample | U4: 45036.208 | V4: Calc Failed | W4: 45035.208 | X4: No Sample
A5: 45035.208 | B5: -0.082313396 | C5: 45035.208 | D5: Calc Crash | E5: 45035.208 | F5: Calc Crash | G5: 45036.208 | H5: 1.8980964 | I5: 45035.208 | J5: 2.6712196 | K5: 45036.208 | L5: Calc Failed | M5: 45035.208 | N5: No Sample | O5: 45035.208 | P5: Calc Crash | Q5: 45037.208 | R5: Calc Failed | S5: 45035.208 | T5: No Sample | U5: 45037.208 | V5: Calc Failed | W5: 45035.208 | X5: No Sample
A6: 45036.208 | B6: 0 | C6: 45036.208 | D6: Bad Total | E6: 45036.208 | F6: 0 | G6: 45036.208 | H6: 1.8980795 | I6: 45036.208 | J6: 2.6712196 | K6: 45037.208 | L6: 0.98984265 | M6: 45036.208 | N6: No Sample | O6: 45036.208 | P6: Calc Crash | Q6: 45038.208 | R6: Calc Failed | S6: 45036.208 | T6: No Sample | U6: 45038.208 | V6: Calc Failed | W6: 45036.208 | X6: No Sample
A7: 45036.208 | B7: 0.080219999 | C7: 45036.208 | D7: Calc Crash | E7: 45036.208 | F7: Calc Crash | G7: 45037.208 | H7: 0.11378632 | I7: 45036.208 | J7: No Sample | K7: 45038.208 | L7: 0.98984265 | M7: 45036.208 | N7: No Sample | O7: 45036.208 | P7: Calc Crash | Q7: 45039.208 | R7: Calc Failed | S7: 45036.208 | T7: No Sample | U7: 45039.208 | V7: Calc Failed | W7: 45036.208 | X7: No Sample
A8: 45037.208 | B8: 0.080219999 | C8: 45037.208 | D8: Calc Crash | E8: 45037.208 | F8: Calc Crash | G8: 45038.208 | H8: 0.11378632 | I8: 45037.208 | J8: No Sample | K8: 45038.208 | L8: 0.36171427 | M8: 45037.208 | N8: No Sample | O8: 45037.208 | P8: Calc Crash | Q8: 45040.208 | R8: Calc Failed | S8: 45037.208 | T8: No Sample | U8: 45040.208 | V8: Calc Failed | W8: 45037.208 | X8: No Sample
A9: 45037.208 | B9: 6.6201057 | C9: 45037.208 | D9: 16.008919 | E9: 45037.208 | F9: Calc Crash | G9: 45038.208 | H9: 0.42334244 | I9: 45037.208 | J9: 0.19776294 | K9: 45039.208 | L9: 0.36171427 | M9: 45037.208 | N9: 1.3211498 | O9: 45037.208 | P9: Calc Crash | Q9: 45041.208 | R9: Calc Failed | S9: 45037.208 | T9: No Sample | U9: 45041.208 | V9: Calc Failed | W9: 45037.208 | X9: No Sample
A10: 45038.208 | B10: 6.6201057 | C10: 45038.208 | D10: 16.008919 | E10: 45038.208 | F10: Calc Crash | G10: 45039.208 | H10: 0.42334244 | I10: 45038.208 | J10: 0.19776294 | K10: 45039.208 | L10: 0.2235314 | M10: 45038.208 | N10: 1.3211498 | O10: 45038.208 | P10: Calc Crash | Q10: 45042.208 | R10: Calc Failed | S10: 45038.208 | T10: No Sample | U10: 45042.208 | V10: Calc Failed | W10: 45038.208 | X10: No Sample
A11: 45038.208 | B11: 24.678551 | C11: 45038.208 | D11: 24.27739 | E11: 45038.208 | F11: Calc Crash | G11: 45039.208 | H11: 0.48069683 | I11: 45038.208 | J11: 0.56156075 | K11: 45040.208 | L11: 0.2235314 | M11: 45038.208 | N11: 0.72194719 | O11: 45038.208 | P11: Calc Crash | Q11: 45043.208 | R11: Calc Failed | S11: 45038.208 | T11: No Sample | U11: 45043.208 | V11: 0.29937461 | W11: 45038.208 | X11: No Sample
A12: 45039.208 | B12: 24.678551 | C12: 45039.208 | D12: 24.27739 | E12: 45039.208 | F12: Calc Crash | G12: 45040.208 | H12: 0.48069683 | I12: 45039.208 | J12: 0.56156075 | K12: 45040.208 | L12: 1.326816 | M12: 45039.208 | N12: 0.72194719 | O12: 45039.208 | P12: Calc Crash | Q12: 45044.208 | R12: Calc Failed | S12: 45039.208 | T12: No Sample | U12: 45044.208 | V12: 0.010561053 | W12: 45039.208 | X12: No Sample
A13: 45039.208 | B13: 15.625204 | C13: 45039.208 | D13: Calc Crash | E13: 45039.208 | F13: Calc Crash | G13: 45040.208 | H13: Calc Failed | I13: 45039.208 | J13: 0.01274871 | K13: 45041.208 | L13: 1.326816 | M13: 45039.208 | N13: 0.52833909 | O13: 45039.208 | P13: Calc Crash | Q13: 45045.208 | R13: Calc Failed | S13: 45039.208 | T13: No Sample | U13: 45045.208 | V13: 0.35022196 | W13: 45039.208 | X13: No Sample
A14: 45040.208 | B14: 15.625204 | C14: 45040.208 | D14: Calc Crash | E14: 45040.208 | F14: Calc Crash | G14: 45041.208 | H14: Calc Failed | I14: 45040.208 | J14: 0.01274871 | K14: 45041.208 | L14: Calc Failed | M14: 45040.208 | N14: 0.52833909 | O14: 45040.208 | P14: Calc Crash | Q14: 45046.208 | R14: Calc Failed | S14: 45040.208 | T14: No Sample | U14: 45046.208 | V14: Calc Failed | W14: 45040.208 | X14: No Sample
A15: 45040.208 | B15: -0.002521642 | C15: 45040.208 | D15: Calc Crash | E15: 45040.208 | F15: Calc Crash | G15: 45042.208 | H15: Calc Failed | I15: 45040.208 | J15: No Sample | K15: 45042.208 | L15: Calc Failed | M15: 45040.208 | N15: 2.5749195 | O15: 45040.208 | P15: Calc Crash | Q15: 45047.208 | R15: Calc Failed | S15: 45040.208 | T15: No Sample | U15: 45047.208 | V15: Calc Failed | W15: 45040.208 | X15: No Sample
A16: 45041.208 | B16: -0.002521642 | C16: 45041.208 | D16: Calc Crash | E16: 45041.208 | F16: Calc Crash | G16: 45043.208 | H16: Calc Failed | I16: 45041.208 | J16: No Sample | K16: 45043.208 | L16: Calc Failed | M16: 45041.208 | N16: 2.5749195 | O16: 45041.208 | P16: Calc Crash | Q16: 45048.208 | R16: Calc Failed | S16: 45041.208 | T16: No Sample | U16: 45048.208 | V16: Calc Failed | W16: 45041.208 | X16: No Sample
A17: 45041.208 | B17: 0.40788999 | C17: 45041.208 | D17: Calc Crash | E17: 45041.208 | F17: Calc Crash | G17: 45044.208 | H17: Calc Failed | I17: 45041.208 | J17: No Sample | K17: 45044.208 | L17: 0 | M17: 45041.208 | N17: No Sample | O17: 45041.208 | P17: Calc Crash | Q17: 45049.208 | R17: Calc Failed | S17: 45041.208 | T17: No Sample | U17: 45049.208 | V17: Calc Failed | W17: 45041.208 | X17: No Sample
A18: 45042.208 | B18: 0.40788999 | C18: 45042.208 | D18: Calc Crash | E18: 45042.208 | F18: Calc Crash | G18: 45045.208 | H18: Calc Failed | I18: 45042.208 | J18: No Sample | K18: 45045.208 | L18: 0 | M18: 45042.208 | N18: No Sample | O18: 45042.208 | P18: Calc Crash | Q18: 45050.208 | R18: Calc Failed | S18: 45042.208 | T18: No Sample | U18: 45050.208 | V18: 0.82752383 | W18: 45042.208 | X18: No Sample
A19: 45042.208 | B19: 0.049146831 | C19: 45042.208 | D19: Calc Crash | E19: 45042.208 | F19: Calc Crash | G19: 45046.208 | H19: Calc Failed | I19: 45042.208 | J19: No Sample | K19: 45045.208 | L19: Calc Failed | M19: 45042.208 | N19: No Sample | O19: 45042.208 | P19: Calc Crash | Q19: 45051.208 | R19: Calc Failed | S19: 45042.208 | T19: No Sample | U19: 45051.208 | V19: Calc Failed | W19: 45042.208 | X19: No Sample
A20: 45043.208 | B20: 0.049146831 | C20: 45043.208 | D20: Calc Crash | E20: 45043.208 | F20: Calc Crash | G20: 45047.208 | H20: Calc Failed | I20: 45043.208 | J20: No Sample | K20: 45046.208 | L20: Calc Failed | M20: 45043.208 | N20: No Sample | O20: 45043.208 | P20: Calc Crash | Q20: 45052.208 | R20: Calc Failed | S20: 45043.208 | T20: No Sample | U20: 45052.208 | V20: 0 | W20: 45043.208 | X20: No Sample
A21: 45043.208 | B21: -0.050593302 | C21: 45043.208 | D21: Calc Crash | E21: 45043.208 | F21: Calc Crash | G21: 45048.208 | H21: Calc Failed | I21: 45043.208 | J21: No Sample | K21: 45047.208 | L21: 0.001543164 | M21: 45043.208 | N21: No Sample | O21: 45043.208 | P21: Calc Crash | Q21: 45053.208 | R21: Calc Failed | S21: 45043.208 | T21: No Sample | U21: 45053.208 | V21: Calc Failed | W21: 45043.208 | X21: No Sample
A22: 45044.208 | B22: -0.050593302 | C22: 45044.208 | D22: Calc Crash | E22: 45044.208 | F22: Calc Crash | G22: 45049.208 | H22: Calc Failed | I22: 45044.208 | J22: No Sample | K22: 45048.208 | L22: 0.001543164 | M22: 45044.208 | N22: No Sample | O22: 45044.208 | P22: Calc Crash | Q22: 45054.208 | R22: Calc Failed | S22: 45044.208 | T22: No Sample | U22: 45054.208 | V22: Calc Failed | W22: 45044.208 | X22: No Sample
A23: 45044.208 | B23: 0.26041001 | C23: 45044.208 | D23: Calc Crash | E23: 45044.208 | F23: Calc Crash | G23: 45050.208 | H23: Calc Failed | I23: 45044.208 | J23: No Sample | K23: 45048.208 | L23: Calc Failed | M23: 45044.208 | N23: 0 | O23: 45044.208 | P23: Calc Crash | Q23: 45055.208 | R23: Calc Failed | S23: 45044.208 | T23: No Sample | U23: 45055.208 | V23: Calc Failed | W23: 45044.208 | X23: No Sample
A24: 45045.208 | B24: 0.26041001 | C24: 45045.208 | D24: Calc Crash | E24: 45045.208 | F24: Calc Crash | G24: 45051.208 | H24: Calc Failed | I24: 45045.208 | J24: No Sample | K24: 45049.208 | L24: Calc Failed | M24: 45045.208 | N24: 0 | O24: 45045.208 | P24: Calc Crash | Q24: 45056.208 | R24: Calc Failed | S24: 45045.208 | T24: No Sample | U24: 45056.208 | V24: Calc Failed | W24: 45045.208 | X24: No Sample
A25: 45045.208 | B25: 0.11573 | C25: 45045.208 | D25: Calc Crash | E25: 45045.208 | F25: Calc Crash | G25: 45052.208 | H25: Calc Failed | I25: 45045.208 | J25: No Sample | K25: 45050.208 | L25: 0.0069442755 | M25: 45045.208 | N25: No Sample | O25: 45045.208 | P25: Calc Crash | Q25: 45057.208 | R25: Calc Failed | S25: 45045.208 | T25: No Sample | U25: 45057.208 | V25: Calc Failed | W25: 45045.208 | X25: No Sample
A26: 45046.208 | B26: 0.11573 | C26: 45046.208 | D26: Calc Crash | E26: 45046.208 | F26: Calc Crash | G26: 45053.208 | H26: Calc Failed | I26: 45046.208 | J26: No Sample | K26: 45051.208 | L26: 0.0069442755 | M26: 45046.208 | N26: No Sample | O26: 45046.208 | P26: Calc Crash | Q26: 45058.208 | R26: Calc Failed | S26: 45046.208 | T26: No Sample | U26: 45058.208 | V26: Calc Failed | W26: 45046.208 | X26: No Sample
A27: 45046.208 | B27: 0 | C27: 45046.208 | D27: Calc Crash | E27: 45046.208 | F27: Calc Crash | G27: 45054.208 | H27: Calc Failed | I27: 45046.208 | J27: No Sample | K27: 45051.208 | L27: Calc Failed | M27: 45046.208 | N27: No Sample | O27: 45046.208 | P27: Calc Crash | Q27: 45059.208 | R27: Calc Failed | S27: 45046.208 | T27: No Sample | U27: 45059.208 | V27: Calc Failed | W27: 45046.208 | X27: No Sample
A28: 45047.208 | B28: 0 | C28: 45047.208 | D28: Calc Crash | E28: 45047.208 | F28: Calc Crash | G28: 45055.208 | H28: Calc Failed | I28: 45047.208 | J28: No Sample | K28: 45052.208 | L28: 0.00077158201 | M28: 45047.208 | N28: No Sample | O28: 45047.208 | P28: Calc Crash | Q28: 45060.208 | R28: Calc Failed | S28: 45047.208 | T28: No Sample | U28: 45060.208 | V28: Calc Failed | W28: 45047.208 | X28: No Sample
A29: 45047.208 | B29: 0.0096032675 | C29: 45047.208 | D29: Calc Crash | E29: 45047.208 | F29: Calc Crash | G29: 45056.208 | H29: Calc Failed | I29: 45047.208 | J29: No Sample | K29: 45053.208 | L29: 0.00077158201 | M29: 45047.208 | N29: 0.0033227741 | O29: 45047.208 | P29: Calc Crash | Q29: 45061.208 | R29: Calc Failed | S29: 45047.208 | T29: No Sample | U29: 45061.208 | V29: Calc Failed | W29: 45047.208 | X29: No Sample
A30: 45048.208 | B30: 0.0096032675 | C30: 45048.208 | D30: Calc Crash | E30: 45048.208 | F30: Calc Crash | G30: 45057.208 | H30: Calc Failed | I30: 45048.208 | J30: No Sample | K30: 45053.208 | L30: Calc Failed | M30: 45048.208 | N30: 0.0033227741 | O30: 45048.208 | P30: Calc Crash | Q30: 45062.208 | R30: Calc Failed | S30: 45048.208 | T30: No Sample | U30: 45062.208 | V30: Calc Failed | W30: 45048.208 | X30: No Sample
A31: 45048.208 | B31: -0.7466138 | C31: 45048.208 | D31: Calc Crash | E31: 45048.208 | F31: Calc Crash | G31: 45058.208 | H31: Calc Failed | I31: 45048.208 | J31: No Sample | K31: 45054.208 | L31: Calc Failed | M31: 45048.208 | N31: No Sample | O31: 45048.208 | P31: Calc Crash | Q31: 45063.208 | R31: Calc Failed | S31: 45048.208 | T31: No Sample | U31: 45063.208 | V31: Calc Failed | W31: 45048.208 | X31: No Sample
A32: 45049.208 | B32: -0.7466138 | C32: 45049.208 | D32: Calc Crash | E32: 45049.208 | F32: Calc Crash | G32: 45059.208 | H32: Calc Failed | I32: 45049.208 | J32: No Sample | K32: 45055.208 | L32: Calc Failed | M32: 45049.208 | N32: No Sample | O32: 45049.208 | P32: Calc Crash | S32: 45049.208 | T32: No Sample | W32: 45049.208 | X32: No Sample
A33: 45049.208 | B33: -0.036974117 | C33: 45049.208 | D33: Calc Crash | E33: 45049.208 | F33: Calc Crash | G33: 45060.208 | H33: Calc Failed | I33: 45049.208 | J33: No Sample | K33: 45056.208 | L33: Calc Failed | M33: 45049.208 | N33: No Sample | O33: 45049.208 | P33: Calc Crash | S33: 45049.208 | T33: No Sample | W33: 45049.208 | X33: No Sample
A34: 45050.208 | B34: -0.036974117 | C34: 45050.208 | D34: Calc Crash | E34: 45050.208 | F34: Calc Crash | G34: 45061.208 | H34: Calc Failed | I34: 45050.208 | J34: No Sample | K34: 45057.208 | L34: Calc Failed | M34: 45050.208 | N34: No Sample | O34: 45050.208 | P34: Calc Crash | S34: 45050.208 | T34: No Sample | W34: 45050.208 | X34: No Sample
A35: 45050.208 | B35: -0.079809383 | C35: 45050.208 | D35: Calc Crash | E35: 45050.208 | F35: Calc Crash | G35: 45062.208 | H35: Calc Failed | I35: 45050.208 | J35: No Sample | K35: 45058.208 | L35: Calc Failed | M35: 45050.208 | N35: 0.011802988 | O35: 45050.208 | P35: Calc Crash | S35: 45050.208 | T35: No Sample | W35: 45050.208 | X35: No Sample
A36: 45051.208 | B36: -0.079809383 | C36: 45051.208 | D36: Calc Crash | E36: 45051.208 | F36: Calc Crash | G36: 45063.208 | H36: Calc Failed | I36: 45051.208 | J36: No Sample | K36: 45059.208 | L36: Calc Failed | M36: 45051.208 | N36: 0.011802988 | O36: 45051.208 | P36: Calc Crash | S36: 45051.208 | T36: No Sample | W36: 45051.208 | X36: No Sample
A37: 45051.208 | B37: 0.71926641 | C37: 45051.208 | D37: Calc Crash | E37: 45051.208 | F37: Calc Crash | I37: 45051.208 | J37: No Sample | K37: 45060.208 | L37: Calc Failed | M37: 45051.208 | N37: No Sample | O37: 45051.208 | P37: Calc Crash | S37: 45051.208 | T37: No Sample | W37: 45051.208 | X37: No Sample
A38: 45052.208 | B38: 0.71926641 | C38: 45052.208 | D38: Calc Crash | E38: 45052.208 | F38: Calc Crash | I38: 45052.208 | J38: No Sample | K38: 45061.208 | L38: Calc Failed | M38: 45052.208 | N38: No Sample | O38: 45052.208 | P38: Calc Crash | S38: 45052.208 | T38: No Sample | W38: 45052.208 | X38: No Sample
A39: 45052.208 | B39: -0.71277022 | C39: 45052.208 | D39: Calc Crash | E39: 45052.208 | F39: Calc Crash | I39: 45052.208 | J39: No Sample | K39: 45062.208 | L39: Calc Failed | M39: 45052.208 | N39: 0.0013364193 | O39: 45052.208 | P39: Calc Crash | S39: 45052.208 | T39: No Sample | W39: 45052.208 | X39: No Sample
A40: 45053.208 | B40: -0.71277022 | C40: 45053.208 | D40: Calc Crash | E40: 45053.208 | F40: Calc Crash | I40: 45053.208 | J40: No Sample | K40: 45063.208 | L40: Calc Failed | M40: 45053.208 | N40: 0.0013364193 | O40: 45053.208 | P40: Calc Crash | S40: 45053.208 | T40: No Sample | W40: 45053.208 | X40: No Sample
A41: 45053.208 | B41: 0.57844532 | C41: 45053.208 | D41: 34295840 | E41: 45053.208 | F41: Calc Crash | I41: 45053.208 | J41: No Sample | M41: 45053.208 | N41: No Sample | O41: 45053.208 | P41: Calc Crash | S41: 45053.208 | T41: No Sample | W41: 45053.208 | X41: No Sample
A42: 45054.208 | B42: 0.57844532 | C42: 45054.208 | D42: 34295840 | E42: 45054.208 | F42: Calc Crash | I42: 45054.208 | J42: No Sample | M42: 45054.208 | N42: No Sample | O42: 45054.208 | P42: Calc Crash | S42: 45054.208 | T42: No Sample | W42: 45054.208 | X42: No Sample
A43: 45054.208 | B43: -0.4329192 | C43: 45054.208 | D43: Calc Crash | E43: 45054.208 | F43: Calc Crash | I43: 45054.208 | J43: No Sample | M43: 45054.208 | N43: No Sample | O43: 45054.208 | P43: Calc Crash | S43: 45054.208 | T43: No Sample | W43: 45054.208 | X43: No Sample
A44: 45055.208 | B44: -0.4329192 | C44: 45055.208 | D44: Calc Crash | E44: 45055.208 | F44: Calc Crash | I44: 45055.208 | J44: No Sample | M44: 45055.208 | N44: No Sample | O44: 45055.208 | P44: Calc Crash | S44: 45055.208 | T44: No Sample | W44: 45055.208 | X44: No Sample
A45: 45055.208 | B45: -0.11261296 | C45: 45055.208 | D45: -5205075 | E45: 45055.208 | F45: Calc Crash | I45: 45055.208 | J45: No Sample | M45: 45055.208 | N45: No Sample | O45: 45055.208 | P45: Calc Crash | S45: 45055.208 | T45: No Sample | W45: 45055.208 | X45: No Sample
A46: 45056.208 | B46: -0.11261296 | C46: 45056.208 | D46: -5205075 | E46: 45056.208 | F46: Calc Crash | I46: 45056.208 | J46: No Sample | M46: 45056.208 | N46: No Sample | O46: 45056.208 | P46: Calc Crash | S46: 45056.208 | T46: No Sample | W46: 45056.208 | X46: No Sample
A47: 45056.208 | B47: -0.030609898 | C47: 45056.208 | D47: Calc Crash | E47: 45056.208 | F47: Calc Crash | I47: 45056.208 | J47: No Sample | M47: 45056.208 | N47: No Sample | O47: 45056.208 | P47: Calc Crash | S47: 45056.208 | T47: No Sample | W47: 45056.208 | X47: No Sample
A48: 45057.208 | B48: -0.030609898 | C48: 45057.208 | D48: Calc Crash | E48: 45057.208 | F48: Calc Crash | I48: 45057.208 | J48: No Sample | M48: 45057.208 | N48: No Sample | O48: 45057.208 | P48: Calc Crash | S48: 45057.208 | T48: No Sample | W48: 45057.208 | X48: No Sample
A49: 45057.208 | B49: 0 | C49: 45057.208 | D49: Calc Crash | E49: 45057.208 | F49: Calc Crash | I49: 45057.208 | J49: No Sample | M49: 45057.208 | N49: No Sample | O49: 45057.208 | P49: Calc Crash | S49: 45057.208 | T49: No Sample | W49: 45057.208 | X49: No Sample
A50: 45058.208 | B50: 0 | C50: 45058.208 | D50: Calc Crash | E50: 45058.208 | F50: Calc Crash | I50: 45058.208 | J50: No Sample | M50: 45058.208 | N50: No Sample | O50: 45058.208 | P50: Calc Crash | S50: 45058.208 | T50: No Sample | W50: 45058.208 | X50: No Sample
A51: 45058.208 | B51: -0.086800002 | C51: 45058.208 | D51: Calc Crash | E51: 45058.208 | F51: Calc Crash | I51: 45058.208 | J51: No Sample | M51: 45058.208 | N51: No Sample | O51: 45058.208 | P51: Calc Crash | S51: 45058.208 | T51: No Sample | W51: 45058.208 | X51: No Sample
A52: 45059.208 | B52: -0.086800002 | C52: 45059.208 | D52: Calc Crash | E52: 45059.208 | F52: Calc Crash | I52: 45059.208 | J52: No Sample | M52: 45059.208 | N52: No Sample | O52: 45059.208 | P52: Calc Crash | S52: 45059.208 | T52: No Sample | W52: 45059.208 | X52: No Sample
A53: 45059.208 | B53: -52.96759 | C53: 45059.208 | D53: -1057076.1 | E53: 45059.208 | F53: Calc Crash | I53: 45059.208 | J53: No Sample | M53: 45059.208 | N53: No Sample | O53: 45059.208 | P53: Calc Crash | S53: 45059.208 | T53: No Sample | W53: 45059.208 | X53: No Sample
A54: 45060.208 | B54: -52.96759 | C54: 45060.208 | D54: -1057076.1 | E54: 45060.208 | F54: Calc Crash | I54: 45060.208 | J54: No Sample | M54: 45060.208 | N54: No Sample | O54: 45060.208 | P54: Calc Crash | S54: 45060.208 | T54: No Sample | W54: 45060.208 | X54: No Sample
A55: 45060.208 | B55: -0.0044250279 | C55: 45060.208 | D55: Calc Crash | E55: 45060.208 | F55: Calc Crash | I55: 45060.208 | J55: No Sample | M55: 45060.208 | N55: No Sample | O55: 45060.208 | P55: Calc Crash | S55: 45060.208 | T55: No Sample | W55: 45060.208 | X55: No Sample
A56: 45061.208 | B56: -0.0044250279 | C56: 45061.208 | D56: Calc Crash | E56: 45061.208 | F56: Calc Crash | I56: 45061.208 | J56: No Sample | M56: 45061.208 | N56: No Sample | O56: 45061.208 | P56: Calc Crash | S56: 45061.208 | T56: No Sample | W56: 45061.208 | X56: No Sample
A57: 45061.208 | B57: -0.0044248011 | C57: 45061.208 | D57: Calc Crash | E57: 45061.208 | F57: Calc Crash | I57: 45061.208 | J57: No Sample | M57: 45061.208 | N57: No Sample | O57: 45061.208 | P57: Calc Crash | S57: 45061.208 | T57: No Sample | W57: 45061.208 | X57: No Sample
A58: 45062.208 | B58: -0.0044248011 | C58: 45062.208 | D58: Calc Crash | E58: 45062.208 | F58: Calc Crash | I58: 45062.208 | J58: No Sample | M58: 45062.208 | N58: No Sample | O58: 45062.208 | P58: Calc Crash | S58: 45062.208 | T58: No Sample | W58: 45062.208 | X58: No Sample
A59: 45062.208 | B59: -0.0044245739 | C59: 45062.208 | D59: Calc Crash | E59: 45062.208 | F59: Calc Crash | I59: 45062.208 | J59: No Sample | M59: 45062.208 | N59: No Sample | O59: 45062.208 | P59: Calc Crash | S59: 45062.208 | T59: No Sample | W59: 45062.208 | X59: No Sample
A60: 45063.208 | B60: -0.0044245739 | C60: 45063.208 | D60: Calc Crash | E60: 45063.208 | F60: Calc Crash | I60: 45063.208 | J60: No Sample | M60: 45063.208 | N60: No Sample | O60: 45063.208 | P60: Calc Crash | S60: 45063.208 | T60: No Sample | W60: 45063.208 | X60: No Sample
A61: 45063.208 | B61: -0.0044243471 | C61: 45063.208 | D61: Calc Crash | E61: 45063.208 | F61: Calc Crash | I61: 45063.208 | J61: No Sample | M61: 45063.208 | N61: No Sample | O61: 45063.208 | P61: Calc Crash | S61: 45063.208 | T61: No Sample | W61: 45063.208 | X61: No Sample
