Workbook

Sheet Sheet1
A1: Timestamp | B1: \\usmlmes\USMLPI_MDB\USMLPIMBD\Smelters\Union Smelter\Hot Metals\Furnace 2\PhaseC\Electrode6|P.PasteHeater.T.AirIn | C1: \\usmlmes\USMLPI_MDB\USMLPIMBD\Smelters\Union Smelter\Hot Metals\Furnace 2\PhaseC\Electrode6|P.PasteHeater.T.AirOut | D1: \\usmlmes\USMLPI_MDB\USMLPIMBD\Smelters\Union Smelter\Hot Metals\Furnace 2\PhaseC\Electrode6|P.slip.encoder | E1: \\usmlmes\USMLPI_MDB\USMLPIMBD\Smelters\Union Smelter\Hot Metals\Furnace 2\PhaseC\Electrode6|Position | F1: \\usmlmes\USMLPI_MDB\USMLPIMBD\Smelters\Union Smelter\Hot Metals\Furnace 2\PhaseC\Electrode6|Slip.lowerclamp.P | G1: \\usmlmes\USMLPI_MDB\USMLPIMBD\Smelters\Union Smelter\Hot Metals\Furnace 2\PhaseC\Electrode6|Slip.upperclamp.P | H1: \\usmlmes\USMLPI_MDB\USMLPIMBD\Smelters\Union Smelter\Hot Metals\Furnace 2\PhaseC\Electrode6|Stroke.HH | I1: \\usmlmes\USMLPI_MDB\USMLPIMBD\Smelters\Union Smelter\Hot Metals\Furnace 2\PhaseC\Electrode6|Stroke.LL | J1: \\usmlmes\USMLPI_MDB\USMLPIMBD\Smelters\Union Smelter\Hot Metals\Furnace 2\PhaseC\Electrode6|Voltage.toBath | K1: \\usmlmes\USMLPI_MDB\USMLPIMBD\Smelters\Union Smelter\Hot Metals\Furnace 2\PhaseC\Electrode6\Paste|ACE.ExpectedPasteLevelBefore | L1: \\usmlmes\USMLPI_MDB\USMLPIMBD\Smelters\Union Smelter\Hot Metals\Furnace 2\PhaseC\Electrode6\Paste|ACE.LiquidPasteLevel | M1: \\usmlmes\USMLPI_MDB\USMLPIMBD\Smelters\Union Smelter\Hot Metals\Furnace 2\PhaseC\Electrode6\Paste|ACE.PasteBlocksToAdd | N1: \\usmlmes\USMLPI_MDB\USMLPIMBD\Smelters\Union Smelter\Hot Metals\Furnace 2\PhaseC\Electrode6\Paste|ACE.PredictedPasteLevelAfter | O1: \\usmlmes\USMLPI_MDB\USMLPIMBD\Smelters\Union Smelter\Hot Metals\Furnace 2\PhaseC\Electrode6\Paste|ACE.SolidPasteLevelAboveLiquid | P1: \\usmlmes\USMLPI_MDB\USMLPIMBD\Smelters\Union Smelter\Hot Metals\Furnace 2\PhaseC\Electrode6\Paste|M.CasingToLiquidDistance1 | Q1: \\usmlmes\USMLPI_MDB\USMLPIMBD\Smelters\Union Smelter\Hot Metals\Furnace 2\PhaseC\Electrode6\Paste|M.CasingToLiquidDistance2 | R1: \\usmlmes\USMLPI_MDB\USMLPIMBD\Smelters\Union Smelter\Hot Metals\Furnace 2\PhaseC\Electrode6\Paste|M.CasingToLiquidDistance3 | S1: \\usmlmes\USMLPI_MDB\USMLPIMBD\Smelters\Union Smelter\Hot Metals\Furnace 2\PhaseC\Electrode6\Paste|M.CasingToLiquidDistance4 | T1: \\usmlmes\USMLPI_MDB\USMLPIMBD\Smelters\Union Smelter\Hot Metals\Furnace 2\PhaseC\Electrode6\Paste|M.CasingToSolidPaste | U1: \\usmlmes\USMLPI_MDB\USMLPIMBD\Smelters\Union Smelter\Hot Metals\Furnace 2\PhaseC\Electrode6\Paste|M.CasingToUpperRing | V1: \\usmlmes\USMLPI_MDB\USMLPIMBD\Smelters\Union Smelter\Hot Metals\Furnace 2\PhaseC\Electrode6\Paste|M.PasteHeater.Temp | W1: \\usmlmes\USMLPI_MDB\USMLPIMBD\Smelters\Union Smelter\Hot Metals\Furnace 2\PhaseC\Electrode6\Paste|M.Slipped | X1: \\usmlmes\USMLPI_MDB\USMLPIMBD\Smelters\Union Smelter\Hot Metals\Furnace 2\PhaseC\Electrode6\Paste|M.SolidPaste.Added
A2: {=_xll.PISampDat(Sheet1!$B$1,"t-20d","t","86400s",1,"")} -> #NAME? | B2: #NAME? | C2: {=_xll.PISampDat(Sheet1!$C$1,"t-20d","t","86400s",0,"")} -> #NAME? | D2: {=_xll.PISampDat(Sheet1!$D$1,"t-20d","t","86400s",0,"")} -> #NAME? | E2: {=_xll.PISampDat(Sheet1!$E$1,"t-20d","t","86400s",0,"")} -> #NAME? | F2: {=_xll.PISampDat(Sheet1!$F$1,"t-20d","t","86400s",0,"")} -> #NAME? | G2: {=_xll.PISampDat(Sheet1!$G$1,"t-20d","t","86400s",0,"")} -> #NAME? | H2: {=_xll.PISampDat(Sheet1!$H$1,"t-20d","t","86400s",0,"")} -> #NAME? | I2: {=_xll.PISampDat(Sheet1!$I$1,"t-20d","t","86400s",0,"")} -> #NAME? | J2: {=_xll.PISampDat(Sheet1!$J$1,"t-20d","t","86400s",0,"")} -> #NAME? | K2: {=_xll.PISampDat(Sheet1!$K$1,"t-20d","t","86400s",0,"")} -> #NAME? | L2: {=_xll.PISampDat(Sheet1!$L$1,"t-20d","t","86400s",0,"")} -> #NAME? | M2: {=_xll.PISampDat(Sheet1!$M$1,"t-20d","t","86400s",0,"")} -> #NAME? | N2: {=_xll.PISampDat(Sheet1!$N$1,"t-20d","t","86400s",0,"")} -> #NAME? | O2: {=_xll.PISampDat(Sheet1!$O$1,"t-20d","t","86400s",0,"")} -> #NAME? | P2: {=_xll.PISampDat(Sheet1!$P$1,"t-20d","t","86400s",0,"")} -> #NAME? | Q2: {=_xll.PISampDat(Sheet1!$Q$1,"t-20d","t","86400s",0,"")} -> #NAME? | R2: {=_xll.PISampDat(Sheet1!$R$1,"t-20d","t","86400s",0,"")} -> #NAME? | S2: {=_xll.PISampDat(Sheet1!$S$1,"t-20d","t","86400s",0,"")} -> #NAME? | T2: {=_xll.PISampDat(Sheet1!$T$1,"t-20d","t","86400s",0,"")} -> #NAME? | U2: {=_xll.PISampDat(Sheet1!$U$1,"t-20d","t","86400s",0,"")} -> #NAME? | V2: {=_xll.PISampDat(Sheet1!$V$1,"t-20d","t","86400s",0,"")} -> #NAME? | W2: {=_xll.PISampDat(Sheet1!$W$1,"t-20d","t","86400s",0,"")} -> #NAME? | X2: {=_xll.PISampDat(Sheet1!$X$1,"t-20d","t","86400s",0,"")} -> #NAME?
A3: #NAME? | B3: #NAME? | C3: #NAME? | D3: #NAME? | E3: #NAME? | F3: #NAME? | G3: #NAME? | H3: #NAME? | I3: #NAME? | J3: #NAME? | K3: #NAME? | L3: #NAME? | M3: #NAME? | N3: #NAME? | O3: #NAME? | P3: #NAME? | Q3: #NAME? | R3: #NAME? | S3: #NAME? | T3: #NAME? | U3: #NAME? | V3: #NAME? | W3: #NAME? | X3: #NAME?
A4: #NAME? | B4: #NAME? | C4: #NAME? | D4: #NAME? | E4: #NAME? | F4: #NAME? | G4: #NAME? | H4: #NAME? | I4: #NAME? | J4: #NAME? | K4: #NAME? | L4: #NAME? | M4: #NAME? | N4: #NAME? | O4: #NAME? | P4: #NAME? | Q4: #NAME? | R4: #NAME? | S4: #NAME? | T4: #NAME? | U4: #NAME? | V4: #NAME? | W4: #NAME? | X4: #NAME?
A5: #NAME? | B5: #NAME? | C5: #NAME? | D5: #NAME? | E5: #NAME? | F5: #NAME? | G5: #NAME? | H5: #NAME? | I5: #NAME? | J5: #NAME? | K5: #NAME? | L5: #NAME? | M5: #NAME? | N5: #NAME? | O5: #NAME? | P5: #NAME? | Q5: #NAME? | R5: #NAME? | S5: #NAME? | T5: #NAME? | U5: #NAME? | V5: #NAME? | W5: #NAME? | X5: #NAME?
A6: #NAME? | B6: #NAME? | C6: #NAME? | D6: #NAME? | E6: #NAME? | F6: #NAME? | G6: #NAME? | H6: #NAME? | I6: #NAME? | J6: #NAME? | K6: #NAME? | L6: #NAME? | M6: #NAME? | N6: #NAME? | O6: #NAME? | P6: #NAME? | Q6: #NAME? | R6: #NAME? | S6: #NAME? | T6: #NAME? | U6: #NAME? | V6: #NAME? | W6: #NAME? | X6: #NAME?
A7: #NAME? | B7: #NAME? | C7: #NAME? | D7: #NAME? | E7: #NAME? | F7: #NAME? | G7: #NAME? | H7: #NAME? | I7: #NAME? | J7: #NAME? | K7: #NAME? | L7: #NAME? | M7: #NAME? | N7: #NAME? | O7: #NAME? | P7: #NAME? | Q7: #NAME? | R7: #NAME? | S7: #NAME? | T7: #NAME? | U7: #NAME? | V7: #NAME? | W7: #NAME? | X7: #NAME?
A8: #NAME? | B8: #NAME? | C8: #NAME? | D8: #NAME? | E8: #NAME? | F8: #NAME? | G8: #NAME? | H8: #NAME? | I8: #NAME? | J8: #NAME? | K8: #NAME? | L8: #NAME? | M8: #NAME? | N8: #NAME? | O8: #NAME? | P8: #NAME? | Q8: #NAME? | R8: #NAME? | S8: #NAME? | T8: #NAME? | U8: #NAME? | V8: #NAME? | W8: #NAME? | X8: #NAME?
A9: #NAME? | B9: #NAME? | C9: #NAME? | D9: #NAME? | E9: #NAME? | F9: #NAME? | G9: #NAME? | H9: #NAME? | I9: #NAME? | J9: #NAME? | K9: #NAME? | L9: #NAME? | M9: #NAME? | N9: #NAME? | O9: #NAME? | P9: #NAME? | Q9: #NAME? | R9: #NAME? | S9: #NAME? | T9: #NAME? | U9: #NAME? | V9: #NAME? | W9: #NAME? | X9: #NAME?
A10: #NAME? | B10: #NAME? | C10: #NAME? | D10: #NAME? | E10: #NAME? | F10: #NAME? | G10: #NAME? | H10: #NAME? | I10: #NAME? | J10: #NAME? | K10: #NAME? | L10: #NAME? | M10: #NAME? | N10: #NAME? | O10: #NAME? | P10: #NAME? | Q10: #NAME? | R10: #NAME? | S10: #NAME? | T10: #NAME? | U10: #NAME? | V10: #NAME? | W10: #NAME? | X10: #NAME?
A11: #NAME? | B11: #NAME? | C11: #NAME? | D11: #NAME? | E11: #NAME? | F11: #NAME? | G11: #NAME? | H11: #NAME? | I11: #NAME? | J11: #NAME? | K11: #NAME? | L11: #NAME? | M11: #NAME? | N11: #NAME? | O11: #NAME? | P11: #NAME? | Q11: #NAME? | R11: #NAME? | S11: #NAME? | T11: #NAME? | U11: #NAME? | V11: #NAME? | W11: #NAME? | X11: #NAME?
A12: #NAME? | B12: #NAME? | C12: #NAME? | D12: #NAME? | E12: #NAME? | F12: #NAME? | G12: #NAME? | H12: #NAME? | I12: #NAME? | J12: #NAME? | K12: #NAME? | L12: #NAME? | M12: #NAME? | N12: #NAME? | O12: #NAME? | P12: #NAME? | Q12: #NAME? | R12: #NAME? | S12: #NAME? | T12: #NAME? | U12: #NAME? | V12: #NAME? | W12: #NAME? | X12: #NAME?
A13: #NAME? | B13: #NAME? | C13: #NAME? | D13: #NAME? | E13: #NAME? | F13: #NAME? | G13: #NAME? | H13: #NAME? | I13: #NAME? | J13: #NAME? | K13: #NAME? | L13: #NAME? | M13: #NAME? | N13: #NAME? | O13: #NAME? | P13: #NAME? | Q13: #NAME? | R13: #NAME? | S13: #NAME? | T13: #NAME? | U13: #NAME? | V13: #NAME? | W13: #NAME? | X13: #NAME?
A14: #NAME? | B14: #NAME? | C14: #NAME? | D14: #NAME? | E14: #NAME? | F14: #NAME? | G14: #NAME? | H14: #NAME? | I14: #NAME? | J14: #NAME? | K14: #NAME? | L14: #NAME? | M14: #NAME? | N14: #NAME? | O14: #NAME? | P14: #NAME? | Q14: #NAME? | R14: #NAME? | S14: #NAME? | T14: #NAME? | U14: #NAME? | V14: #NAME? | W14: #NAME? | X14: #NAME?
... A22: #NAME? | B22: #NAME? | C22: #NAME? | D22: #NAME? | E22: #NAME? | F22: #NAME? | G22: #NAME? | H22: #NAME? | I22: #NAME? | J22: #NAME? | K22: #NAME? | L22: #NAME? | M22: #NAME? | N22: #NAME? | O22: #NAME? | P22: #NAME? | Q22: #NAME? | R22: #NAME? | S22: #NAME? | T22: #NAME? | U22: #NAME? | V22: #NAME? | W22: #NAME? | X22: #NAME?

Sheet Sheet2
A1: Timestamp | B1: P.PasteHeater.T.AirIn | C1: P.PasteHeater.T.AirOut | D1: P.slip.encoder | E1: Position | F1: Slip.lowerclamp.P | G1: Slip.upperclamp.P | H1: Stroke.HH | I1: Stroke.LL | J1: Voltage.toBath | K1: ACE.ExpectedPasteLevelBefore | L1: ACE.LiquidPasteLevel | M1: ACE.PasteBlocksToAdd | N1: ACE.PredictedPasteLevelAfter | O1: ACE.SolidPasteLevelAboveLiquid | P1: M.CasingToLiquidDistance1 | Q1: M.CasingToLiquidDistance2 | R1: M.CasingToLiquidDistance3 | S1: M.CasingToLiquidDistance4 | T1: M.CasingToSolidPaste | U1: M.CasingToUpperRing | V1: M.PasteHeater.Temp | W1: M.Slipped | X1: M.SolidPaste.Added
A2: 45050 | B2: 113.02335 | C2: 71.206627 | D2: 0 | E2: 800 | F2: 6.6394167 | G2: 6.6083975 | H2: Configure | I2: Configure | J2: 52.838692 | K2: 337.20001 | L2: 318 | M2: 3 | N2: 373.20001 | O2: 160 | P2: 852 | Q2: Pt Created | R2: Pt Created | S2: Pt Created | T2: 692 | U2: 390 | V2: Pt Created | W2: 0 | X2: 0
A3: 45051 | B3: 83.79496 | C3: 56.536186 | D3: 0 | E3: 800 | F3: 6.6004839 | G3: 6.6151209 | H3: Configure | I3: Configure | J3: 53 | K3: 335.04001 | L3: 318 | M3: 3 | N3: 371.04001 | O3: 142 | P3: 852 | Q3: Pt Created | R3: Pt Created | S3: Pt Created | T3: 710 | U3: 390 | V3: Pt Created | W3: 0 | X3: 0
A4: 45052 | B4: 93.41935 | C4: 57.376915 | D4: 0 | E4: 800 | F4: 6.6135287 | G4: 6.5668573 | H4: Configure | I4: Configure | J4: 52 | K4: 333.88 | L4: 319 | M4: 3 | N4: 369.88 | O4: 124 | P4: 851 | Q4: Pt Created | R4: Pt Created | S4: Pt Created | T4: 727 | U4: 390 | V4: Pt Created | W4: 0 | X4: 0
A5: 45053 | B5: 68.205437 | C5: 50.330227 | D5: 0 | E5: 800 | F5: 6.6324587 | G5: 6.5718021 | H5: Configure | I5: Configure | J5: 52 | K5: 333.88 | L5: 319 | M5: 3 | N5: 369.88 | O5: 124 | P5: 851 | Q5: Pt Created | R5: Pt Created | S5: Pt Created | T5: 727 | U5: 390 | V5: Pt Created | W5: 0 | X5: 0
A6: 45054 | B6: 69.399834 | C6: 50.489792 | D6: 0 | E6: 800 | F6: 6.4668145 | G6: 6.516088 | H6: Configure | I6: Configure | J6: 52 | K6: 326.32001 | L6: 313 | M6: 4 | N6: 374.32001 | O6: 111 | P6: 857 | Q6: Pt Created | R6: Pt Created | S6: Pt Created | T6: 746 | U6: 390 | V6: Pt Created | W6: 0 | X6: 0
A7: 45055 | B7: 86.436119 | C7: 56.597023 | D7: 0 | E7: 800 | F7: 6.2666168 | G7: 6.281106 | H7: Configure | I7: Configure | J7: 51 | K7: 337.12 | L7: 325 | M7: 3 | N7: 373.12 | O7: 101 | P7: 846 | Q7: Pt Created | R7: Pt Created | S7: Pt Created | T7: 745 | U7: 391 | V7: Pt Created | W7: 0 | X7: 0
A8: 45056 | B8: 79.181931 | C8: 54.820435 | D8: 0 | E8: 800 | F8: 5.9866104 | G8: 6.0879517 | H8: Configure | I8: Configure | J8: 52 | K8: 337.12 | L8: 325 | M8: 3 | N8: 373.12 | O8: 101 | P8: 846 | Q8: Pt Created | R8: Pt Created | S8: Pt Created | T8: 745 | U8: 391 | V8: Pt Created | W8: 0 | X8: 0
A9: 45057 | B9: 95.067551 | C9: 57.847034 | D9: 0 | E9: 800 | F9: 5.6595688 | G9: 6.2132683 | H9: Configure | I9: Configure | J9: 15.672769 | K9: 340.60001 | L9: 331 | M9: 3 | N9: 376.60001 | O9: 80 | P9: 840 | Q9: Pt Created | R9: Pt Created | S9: Pt Created | T9: 760 | U9: 391 | V9: Pt Created | W9: 0 | X9: 1
A10: 45058 | B10: 70.214951 | C10: 51.969482 | D10: 0 | E10: 800 | F10: 5.3138881 | G10: 6.0194325 | H10: Configure | I10: Configure | J10: 23.584696 | K10: 347.20001 | L10: 340 | M10: 2 | N10: 371.20001 | O10: 60 | P10: 830 | Q10: Pt Created | R10: Pt Created | S10: Pt Created | T10: 770 | U10: 390 | V10: Pt Created | W10: 1 | X10: 2
A11: 45059 | B11: 81.652161 | C11: 56.033955 | D11: 0 | E11: 800 | F11: 5.2776346 | G11: 6.0037198 | H11: Configure | I11: Configure | J11: 0 | K11: 365.39999 | L11: 345 | M11: 1 | N11: 377.39999 | O11: 170 | P11: 825 | Q11: Pt Created | R11: Pt Created | S11: Pt Created | T11: 655 | U11: 390 | V11: Pt Created | W11: 0 | X11: 0
A12: 45060 | B12: 80.312981 | C12: 53.761703 | D12: 0 | E12: 800 | F12: 5.3618727 | G12: 6.1133618 | H12: Configure | I12: Configure | J12: 0 | K12: 365.39999 | L12: 345 | M12: 1 | N12: 377.39999 | O12: 170 | P12: 825 | Q12: Pt Created | R12: Pt Created | S12: Pt Created | T12: 655 | U12: 390 | V12: Pt Created | W12: 0 | X12: 0
A13: 45061 | B13: 62.220024 | C13: 49.251102 | D13: 0 | E13: 800 | F13: 5.1136069 | G13: 5.7150483 | H13: Configure | I13: Configure | J13: 0 | K13: 365.39999 | L13: 345 | M13: 1 | N13: 377.39999 | O13: 170 | P13: 825 | Q13: Pt Created | R13: Pt Created | S13: Pt Created | T13: 655 | U13: 390 | V13: Pt Created | W13: 0 | X13: 0
... A22: 45070 | B22: 24.218092 | C22: 24.240652 | D22: 0 | E22: 510.82825 | F22: 4.867353 | G22: 5.8649907 | H22: Configure | I22: Configure | J22: 0 | K22: 365.39999 | L22: 345 | M22: 1 | N22: 377.39999 | O22: 170 | P22: 820 | Q22: Pt Created | R22: Pt Created | S22: Pt Created | T22: 650 | U22: 385 | V22: Pt Created | W22: 0 | X22: 0
