Workbook

Sheet Sheet1
B1: \\wsmlmes\WSMLPI_MDB\WSMLPI ModuleDB\Anglo Platinum\Smelters\Waterval Smelter\Hot Metals\Slag Cleaning Furnace 1\Feed\Profile|ACE.Profile.Delta.Port13 | D1: \\wsmlmes\WSMLPI_MDB\WSMLPI ModuleDB\Anglo Platinum\Smelters\Waterval Smelter\Hot Metals\Slag Cleaning Furnace 1\Feed\Profile|ACE.Profile.Delta.Port6 | F1: \\wsmlmes\WSMLPI_MDB\WSMLPI ModuleDB\Anglo Platinum\Smelters\Waterval Smelter\Hot Metals\Slag Cleaning Furnace 1\Feed\Profile|ACE.Profile.Delta.Port9 | H1: \\wsmlmes\WSMLPI_MDB\WSMLPI ModuleDB\Anglo Platinum\Smelters\Waterval Smelter\Hot Metals\Slag Cleaning Furnace 1\Feed\Profile|ACE.Profile.Total.Centre | J1: \\wsmlmes\WSMLPI_MDB\WSMLPI ModuleDB\Anglo Platinum\Smelters\Waterval Smelter\Hot Metals\Slag Cleaning Furnace 1\Feed\Profile|ACE.Profile.Total.Delta | L1: \\wsmlmes\WSMLPI_MDB\WSMLPI ModuleDB\Anglo Platinum\Smelters\Waterval Smelter\Hot Metals\Slag Cleaning Furnace 1\Feed\Profile|ACE.Profile.Total.Wall | N1: \\wsmlmes\WSMLPI_MDB\WSMLPI ModuleDB\Anglo Platinum\Smelters\Waterval Smelter\Hot Metals\Slag Cleaning Furnace 1\Feed\Profile|ACE.Profile.Wall.Port10 | P1: \\wsmlmes\WSMLPI_MDB\WSMLPI ModuleDB\Anglo Platinum\Smelters\Waterval Smelter\Hot Metals\Slag Cleaning Furnace 1\Feed\Profile|ACE.Profile.Wall.Port12 | R1: \\wsmlmes\WSMLPI_MDB\WSMLPI ModuleDB\Anglo Platinum\Smelters\Waterval Smelter\Hot Metals\Slag Cleaning Furnace 1\Feed\Profile|ACE.Profile.Wall.Port14 | T1: \\wsmlmes\WSMLPI_MDB\WSMLPI ModuleDB\Anglo Platinum\Smelters\Waterval Smelter\Hot Metals\Slag Cleaning Furnace 1\Feed\Profile|ACE.Profile.Wall.Port5 | V1: \\wsmlmes\WSMLPI_MDB\WSMLPI ModuleDB\Anglo Platinum\Smelters\Waterval Smelter\Hot Metals\Slag Cleaning Furnace 1\Feed\Profile|ACE.Profile.Wall.Port7 | X1: \\wsmlmes\WSMLPI_MDB\WSMLPI ModuleDB\Anglo Platinum\Smelters\Waterval Smelter\Hot Metals\Slag Cleaning Furnace 1\Feed\Profile|ACE.Profile.Wall.Port8 | Z1: \\wsmlmes\WSMLPI_MDB\WSMLPI ModuleDB\Anglo Platinum\Smelters\Waterval Smelter\Hot Metals\Slag Cleaning Furnace 1\Feed\Profile|WACS.Centre.Port11.tot | AB1: \\wsmlmes\WSMLPI_MDB\WSMLPI ModuleDB\Anglo Platinum\Smelters\Waterval Smelter\Hot Metals\Slag Cleaning Furnace 1\Feed\Profile|WACS.Delta.Port13.tot | AD1: \\wsmlmes\WSMLPI_MDB\WSMLPI ModuleDB\Anglo Platinum\Smelters\Waterval Smelter\Hot Metals\Slag Cleaning Furnace 1\Feed\Profile|WACS.Delta.Port6.tot | AF1: \\wsmlmes\WSMLPI_MDB\WSMLPI ModuleDB\Anglo Platinum\Smelters\Waterval Smelter\Hot Metals\Slag Cleaning Furnace 1\Feed\Profile|WACS.Delta.Port9.tot | AH1: \\wsmlmes\WSMLPI_MDB\WSMLPI ModuleDB\Anglo Platinum\Smelters\Waterval Smelter\Hot Metals\Slag Cleaning Furnace 1\Feed\Profile|WACS.Wall.Port10.tot | AJ1: \\wsmlmes\WSMLPI_MDB\WSMLPI ModuleDB\Anglo Platinum\Smelters\Waterval Smelter\Hot Metals\Slag Cleaning Furnace 1\Feed\Profile|WACS.Wall.Port12.tot | AL1: \\wsmlmes\WSMLPI_MDB\WSMLPI ModuleDB\Anglo Platinum\Smelters\Waterval Smelter\Hot Metals\Slag Cleaning Furnace 1\Feed\Profile|WACS.Wall.Port14.tot | AN1: \\wsmlmes\WSMLPI_MDB\WSMLPI ModuleDB\Anglo Platinum\Smelters\Waterval Smelter\Hot Metals\Slag Cleaning Furnace 1\Feed\Profile|WACS.Wall.Port5.tot | AP1: \\wsmlmes\WSMLPI_MDB\WSMLPI ModuleDB\Anglo Platinum\Smelters\Waterval Smelter\Hot Metals\Slag Cleaning Furnace 1\Feed\Profile|WACS.Wall.Port7.tot | AR1: \\wsmlmes\WSMLPI_MDB\WSMLPI ModuleDB\Anglo Platinum\Smelters\Waterval Smelter\Hot Metals\Slag Cleaning Furnace 1\Feed\Profile|WACS.Wall.Port8.tot
A2: {=_xll.PICompDat(Sheet1!$B$1,"2021/06/07","2021/06/17",9,"","inside")} -> 44354.208 | B2: 36.408485 | C2: {=_xll.PICompDat(Sheet1!$D$1,"2021/06/07","2021/06/17",9,"","inside")} -> 44354.208 | D2: 38.631065 | E2: {=_xll.PICompDat(Sheet1!$F$1,"2021/06/07","2021/06/17",9,"","inside")} -> 44354.208 | F2: 24.960449 | G2: {=_xll.PICompDat(Sheet1!$H$1,"2021/06/07","2021/06/17",9,"","inside")} -> 44354.208 | H2: 37.582695 | I2: {=_xll.PICompDat(Sheet1!$J$1,"2021/06/07","2021/06/17",9,"","inside")} -> 44354.208 | J2: 37.582695 | K2: {=_xll.PICompDat(Sheet1!$L$1,"2021/06/07","2021/06/17",9,"","inside")} -> 44354.208 | L2: 30.44297 | M2: {=_xll.PICompDat(Sheet1!$N$1,"2021/06/07","2021/06/17",9,"","inside")} -> 44354.208 | N2: 8.7615147 | O2: {=_xll.PICompDat(Sheet1!$P$1,"2021/06/07","2021/06/17",9,"","inside")} -> 44354.208 | P2: 15.8234 | Q2: {=_xll.PICompDat(Sheet1!$R$1,"2021/06/07","2021/06/17",9,"","inside")} -> 44354.208 | R2: 12.170356 | S2: {=_xll.PICompDat(Sheet1!$T$1,"2021/06/07","2021/06/17",9,"","inside")} -> 44354.208 | T2: 30.44297 | U2: {=_xll.PICompDat(Sheet1!$V$1,"2021/06/07","2021/06/17",9,"","inside")} -> 44354.208 | V2: 25.8937 | W2: {=_xll.PICompDat(Sheet1!$X$1,"2021/06/07","2021/06/17",9,"","inside")} -> 44354.208 | X2: 20.716917 | Y2: {=_xll.PICompDat(Sheet1!$Z$1,"2021/06/07","2021/06/17",9,"","inside")} -> 44354.019 | Z2: 100.50642 | AA2: {=_xll.PICompDat(Sheet1!$AB$1,"2021/06/07","2021/06/17",9,"","inside")} -> 44354.021 | AB2: 32.920021 | AC2: {=_xll.PICompDat(Sheet1!$AD$1,"2021/06/07","2021/06/17",9,"","inside")} -> 44354.021 | AD2: 33.840027 | AE2: {=_xll.PICompDat(Sheet1!$AF$1,"2021/06/07","2021/06/17",9,"","inside")} -> 44354.021 | AF2: 22.169991 | AG2: {=_xll.PICompDat(Sheet1!$AH$1,"2021/06/07","2021/06/17",9,"","inside")} -> 44354.033 | AH2: 7.9000244 | AI2: {=_xll.PICompDat(Sheet1!$AJ$1,"2021/06/07","2021/06/17",9,"","inside")} -> 44354.031 | AJ2: 13.620064 | AK2: {=_xll.PICompDat(Sheet1!$AL$1,"2021/06/07","2021/06/17",9,"","inside")} -> 44354.018 | AL2: 10.380013 | AM2: {=_xll.PICompDat(Sheet1!$AN$1,"2021/06/07","2021/06/17",9,"","inside")} -> 44354.018 | AN2: 13.419998 | AO2: {=_xll.PICompDat(Sheet1!$AP$1,"2021/06/07","2021/06/17",9,"","inside")} -> 44354.02 | AP2: 21.300011 | AQ2: {=_xll.PICompDat(Sheet1!$AR$1,"2021/06/07","2021/06/17",9,"","inside")} -> 44354.018 | AR2: 17.089989
A3: 44354.208 | B3: 31.383009 | C3: 44354.208 | D3: 40.107594 | E3: 44354.208 | F3: 28.509396 | G3: 44354.208 | H3: 38.421417 | I3: 44354.208 | J3: 38.421417 | K3: 44354.208 | L3: 28.896894 | M3: 44354.208 | N3: 10.976896 | O3: 44354.208 | P3: 20.039299 | Q3: 44354.208 | R3: 17.859573 | S3: 44354.208 | T3: 28.896894 | U3: 44354.208 | V3: 15.758492 | W3: 44354.208 | X3: 15.571957 | Y3: 44354.019 | Z3: 101.00651 | AA3: 44354.021 | AB3: 33.450031 | AC3: 44354.023 | AD3: 34.350021 | AE3: 44354.036 | AF3: 22.679985 | AG3: 44354.12 | AH3: 8.4100266 | AI3: 44354.069 | AJ3: 14.130058 | AK3: 44354.07 | AL3: 10.88002 | AM3: 44354.069 | AN3: 13.940002 | AO3: 44354.034 | AP3: 21.82 | AQ3: 44354.068 | AR3: 17.639984
A4: 44355.208 | B4: 31.383009 | C4: 44355.208 | D4: 40.107594 | E4: 44355.208 | F4: 28.509396 | G4: 44355.208 | H4: 38.421417 | I4: 44355.208 | J4: 38.421417 | K4: 44355.208 | L4: 28.896894 | M4: 44355.208 | N4: 10.976896 | O4: 44355.208 | P4: 20.039299 | Q4: 44355.208 | R4: 17.859573 | S4: 44355.208 | T4: 28.896894 | U4: 44355.208 | V4: 15.758492 | W4: 44355.208 | X4: 15.571957 | Y4: 44354.02 | Z4: 101.50661 | AA4: 44354.072 | AB4: 33.960052 | AC4: 44354.036 | AD4: 34.850029 | AE4: 44354.073 | AF4: 23.179993 | AG4: 44354.184 | AH4: 8.970047 | AI4: 44354.11 | AJ4: 14.640045 | AK4: 44354.119 | AL4: 11.380028 | AM4: 44354.083 | AN4: 14.450005 | AO4: 44354.071 | AP4: 22.370003 | AQ4: 44354.082 | AR4: 18.149986
A5: 44355.208 | B5: 30.781971 | C5: 44355.208 | D5: 38.699554 | E5: 44355.208 | F5: 30.518475 | G5: 44355.208 | H5: 37.52536 | I5: 44355.208 | J5: 37.52536 | K5: 44355.208 | L5: 27.238012 | M5: 44355.208 | N5: 10.519578 | O5: 44355.208 | P5: 18.888416 | Q5: 44355.208 | R5: 16.258524 | S5: 44355.208 | T5: 27.238012 | U5: 44355.208 | V5: 14.310054 | W5: 44355.208 | X5: 17.120966 | Y5: 44354.02 | Z5: 102.01672 | AA5: 44354.072 | AB5: 34.510067 | AC5: 44354.037 | AD5: 35.370026 | AE5: 44354.087 | AF5: 23.68 | AG5: 44354.212 | AH5: 0 | AI5: 44354.146 | AJ5: 15.160034 | AK5: 44354.148 | AL5: 11.940033 | AM5: 44354.119 | AN5: 14.950012 | AO5: 44354.085 | AP5: 22.880005 | AQ5: 44354.11 | AR5: 18.659981
A6: 44356.208 | B6: 30.781971 | C6: 44356.208 | D6: 38.699554 | E6: 44356.208 | F6: 30.518475 | G6: 44356.208 | H6: 37.52536 | I6: 44356.208 | J6: 37.52536 | K6: 44356.208 | L6: 27.238012 | M6: 44356.208 | N6: 10.519578 | O6: 44356.208 | P6: 18.888416 | Q6: 44356.208 | R6: 16.258524 | S6: 44356.208 | T6: 27.238012 | U6: 44356.208 | V6: 14.310054 | W6: 44356.208 | X6: 17.120966 | Y6: 44354.02 | Z6: 102.51682 | AA6: 44354.086 | AB6: 35.050091 | AC6: 44354.074 | AD6: 35.89003 | AE6: 44354.122 | AF6: 24.239998 | AG6: 44354.316 | AH6: 0.62000275 | AI6: 44354.161 | AJ6: 15.690025 | AK6: 44354.183 | AL6: 12.460022 | AM6: 44354.126 | AN6: 15.480011 | AO6: 44354.121 | AP6: 23.389999 | AQ6: 44354.125 | AR6: 19.169983
A7: 44356.208 | B7: 31.611771 | C7: 44356.208 | D7: 41.437832 | E7: 44356.208 | F7: 26.950397 | G7: 44356.208 | H7: 37.023903 | I7: 44356.208 | J7: 37.023903 | K7: 44356.208 | L7: 32.117321 | M7: 44356.208 | N7: 7.9229736 | O7: 44356.208 | P7: 14.413179 | Q7: 44356.208 | R7: 10.864413 | S7: 44356.208 | T7: 32.117321 | U7: 44356.208 | V7: 25.600128 | W7: 44356.208 | X7: 20.628084 | Y7: 44354.033 | Z7: 103.0169 | AA7: 44354.086 | AB7: 35.570091 | AC7: 44354.086 | AD7: 36.420029 | AE7: 44354.129 | AF7: 24.759995 | AG7: 44354.348 | AH7: 1.1600037 | AI7: 44354.196 | AJ7: 16.200012 | AK7: 44354.212 | AL7: 0 | AM7: 44354.148 | AN7: 15.990021 | AO7: 44354.127 | AP7: 23.919998 | AQ7: 44354.147 | AR7: 19.679993
A8: 44357.208 | B8: 31.611771 | C8: 44357.208 | D8: 41.437832 | E8: 44357.208 | F8: 26.950397 | G8: 44357.208 | H8: 37.023903 | I8: 44357.208 | J8: 37.023903 | K8: 44357.208 | L8: 32.117321 | M8: 44357.208 | N8: 7.9229736 | O8: 44357.208 | P8: 14.413179 | Q8: 44357.208 | R8: 10.864413 | S8: 44357.208 | T8: 32.117321 | U8: 44357.208 | V8: 25.600128 | W8: 44357.208 | X8: 20.628084 | Y8: 44354.033 | Z8: 103.52699 | AA8: 44354.122 | AB8: 36.110104 | AC8: 44354.088 | AD8: 36.940025 | AE8: 44354.151 | AF8: 25.260002 | AG8: 44354.362 | AH8: 1.6699982 | AI8: 44354.212 | AJ8: 0 | AK8: 44354.218 | AL8: 0.52000427 | AM8: 44354.162 | AN8: 16.500031 | AO8: 44354.149 | AP8: 24.439987 | AQ8: 44354.16 | AR8: 20.18
A9: 44357.208 | B9: 31.774279 | C9: 44357.208 | D9: 41.379051 | E9: 44357.208 | F9: 26.84667 | G9: 44357.208 | H9: 37.306091 | I9: 44357.208 | J9: 37.306091 | K9: 44357.208 | L9: 30.699699 | M9: 44357.208 | N9: 6.7891827 | O9: 44357.208 | P9: 15.947788 | Q9: 44357.208 | R9: 11.42168 | S9: 44357.208 | T9: 30.699699 | U9: 44357.208 | V9: 24.032928 | W9: 44357.208 | X9: 21.440962 | Y9: 44354.033 | Z9: 104.03709 | AA9: 44354.128 | AB9: 36.630093 | AC9: 44354.123 | AD9: 37.450035 | AE9: 44354.164 | AF9: 25.790001 | AG9: 44354.397 | AH9: 2.1899948 | AI9: 44354.217 | AJ9: 0.53999329 | AK9: 44354.228 | AL9: 1.0700073 | AM9: 44354.183 | AN9: 17.030022 | AO9: 44354.162 | AP9: 24.939995 | AQ9: 44354.182 | AR9: 20.690002
A10: 44358.208 | B10: 31.774279 | C10: 44358.208 | D10: 41.379051 | E10: 44358.208 | F10: 26.84667 | G10: 44358.208 | H10: 37.306091 | I10: 44358.208 | J10: 37.306091 | K10: 44358.208 | L10: 30.699699 | M10: 44358.208 | N10: 6.7891827 | O10: 44358.208 | P10: 15.947788 | Q10: 44358.208 | R10: 11.42168 | S10: 44358.208 | T10: 30.699699 | U10: 44358.208 | V10: 24.032928 | W10: 44358.208 | X10: 21.440962 | Y10: 44354.034 | Z10: 104.5672 | AA10: 44354.129 | AB10: 37.18008 | AC10: 44354.124 | AD10: 37.960037 | AE10: 44354.186 | AF10: 26.299995 | AG10: 44354.421 | AH10: 2.7099915 | AI10: 44354.218 | AJ10: 1.0499954 | AK10: 44354.243 | AL10: 1.5800095 | AM10: 44354.212 | AN10: 0 | AO10: 44354.184 | AP10: 25.459991 | AQ10: 44354.195 | AR10: 21.209999
A11: 44358.208 | B11: 35.200172 | C11: 44358.208 | D11: 35.71571 | E11: 44358.208 | F11: 29.08412 | G11: 44358.208 | H11: 34.237404 | I11: 44358.208 | J11: 34.237404 | K11: 44358.208 | L11: 29.316648 | M11: 44358.208 | N11: 9.815258 | O11: 44358.208 | P11: 16.928452 | Q11: 44358.208 | R11: 21.91781 | S11: 44358.208 | T11: 29.316648 | U11: 44358.208 | V11: 17.041601 | W11: 44358.208 | X11: 22.219419 | Y11: 44354.034 | Z11: 105.08731 | AA11: 44354.185 | AB11: 37.710068 | AC11: 44354.13 | AD11: 38.470039 | AE11: 44354.2 | AF11: 26.839996 | AG11: 44354.448 | AH11: 3.2299957 | AI11: 44354.219 | AJ11: 1.5899963 | AK11: 44354.285 | AL11: 2.1100006 | AM11: 44354.242 | AN11: 0.51000214 | AO11: 44354.197 | AP11: 25.999992 | AQ11: 44354.212 | AR11: 0
A12: 44359.208 | B12: 35.200172 | C12: 44359.208 | D12: 35.71571 | E12: 44359.208 | F12: 29.08412 | G12: 44359.208 | H12: 34.237404 | I12: 44359.208 | J12: 34.237404 | K12: 44359.208 | L12: 29.316648 | M12: 44359.208 | N12: 9.815258 | O12: 44359.208 | P12: 16.928452 | Q12: 44359.208 | R12: 21.91781 | S12: 44359.208 | T12: 29.316648 | U12: 44359.208 | V12: 17.041601 | W12: 44359.208 | X12: 22.219419 | Y12: 44354.071 | Z12: 105.5974 | AA12: 44354.185 | AB12: 38.250072 | AC12: 44354.151 | AD12: 38.980034 | AE12: 44354.212 | AF12: 0 | AG12: 44354.492 | AH12: 3.730011 | AI12: 44354.24 | AJ12: 2.090004 | AK12: 44354.313 | AL12: 2.6300049 | AM12: 44354.313 | AN12: 1.0200119 | AO12: 44354.199 | AP12: 26.509995 | AQ12: 44354.227 | AR12: 0.51999664
A13: 44359.208 | B13: 35.742126 | C13: 44359.208 | D13: 39.278236 | E13: 44359.208 | F13: 24.979639 | G13: 44359.208 | H13: 37.371338 | I13: 44359.208 | J13: 37.371338 | K13: 44359.208 | L13: 29.86533 | M13: 44359.208 | N13: 8.8699236 | O13: 44359.208 | P13: 16.896473 | Q13: 44359.208 | R13: 12.917962 | S13: 44359.208 | T13: 29.86533 | U13: 44359.208 | V13: 20.924686 | W13: 44359.208 | X13: 24.149229 | Y13: 44354.071 | Z13: 106.09746 | AA13: 44354.186 | AB13: 39.150082 | AC13: 44354.164 | AD13: 39.490036 | AE13: 44354.231 | AF13: 0.52999878 | AG13: 44354.504 | AH13: 4.2900009 | AI13: 44354.241 | AJ13: 2.6500015 | AK13: 44354.315 | AL13: 3.1399994 | AM13: 44354.327 | AN13: 1.5400009 | AO13: 44354.212 | AP13: 0 | AQ13: 44354.282 | AR13: 1.0200043
A14: 44360.208 | B14: 35.742126 | C14: 44360.208 | D14: 39.278236 | E14: 44360.208 | F14: 24.979639 | G14: 44360.208 | H14: 37.371338 | I14: 44360.208 | J14: 37.371338 | K14: 44360.208 | L14: 29.86533 | M14: 44360.208 | N14: 8.8699236 | O14: 44360.208 | P14: 16.896473 | Q14: 44360.208 | R14: 12.917962 | S14: 44360.208 | T14: 29.86533 | U14: 44360.208 | V14: 20.924686 | W14: 44360.208 | X14: 24.149229 | Y14: 44354.071 | Z14: 106.61752 | AA14: 44354.212 | AB14: 0 | AC14: 44354.166 | AD14: 40.000038 | AE14: 44354.246 | AF14: 1.0399933 | AG14: 44354.587 | AH14: 4.8099899 | AI14: 44354.283 | AJ14: 3.1600037 | AK14: 44354.327 | AL14: 3.6600037 | AM14: 44354.347 | AN14: 2.0400085 | AO14: 44354.229 | AP14: 0.51000214 | AQ14: 44354.46 | AR14: 1.5400009
... A21: 44363.208 | B21: 42.342598 | C21: 44363.208 | D21: 34.380363 | E21: 44363.208 | F21: 23.277039 | G21: 44363.208 | H21: 37.866104 | I21: 44363.208 | J21: 37.866104 | K21: 44363.208 | L21: 27.677311 | M21: 44363.208 | N21: 9.5439205 | O21: 44363.208 | P21: 19.326187 | Q21: 44363.208 | R21: 16.422981 | S21: 44363.208 | T21: 27.677311 | U21: 44363.208 | V21: 10.42143 | W21: 44363.208 | X21: 26.920128 | Y21: 44354.085 | Z21: 110.18809 | AA21: 44354.245 | AB21: 3.6699994 | AC21: 44354.247 | AD21: 1.5299988 | AE21: 44354.33 | AF21: 4.6299896 | AG21: 44355.029 | AH21: 8.4699936 | AI21: 44354.446 | AJ21: 6.8600006 | AK21: 44354.491 | AL21: 7.3100204 | AM21: 44354.503 | AN21: 5.6300201 | AO21: 44354.715 | AP21: 4.1600342 | AQ21: 44354.599 | AR21: 5.1300278
Y22: 44354.12 | Z22: 110.69819 | AA22: 44354.245 | AB22: 4.170001 | AC22: 44354.288 | AD22: 2.0499954 | AE22: 44354.332 | AF22: 5.1399918 | AG22: 44355.07 | AH22: 9.0399933 | AI22: 44354.488 | AJ22: 7.3700027 | AK22: 44354.517 | AL22: 7.8300247 | AM22: 44354.517 | AN22: 6.1400146 | AO22: 44354.729 | AP22: 4.6700516 | AQ22: 44354.622 | AR22: 5.650032
Y23: 44354.12 | Z23: 111.20829 | AA23: 44354.245 | AB23: 4.7000036 | AC23: 44354.29 | AD23: 2.5500031 | AE23: 44354.35 | AF23: 5.6699982 | AG23: 44355.072 | AH23: 9.5599899 | AI23: 44354.501 | AJ23: 7.8700104 | AK23: 44354.564 | AL23: 8.3400192 | AM23: 44354.551 | AN23: 6.6500168 | AO23: 44354.77 | AP23: 5.1700592 | AQ23: 44354.634 | AR23: 6.1600266
Y24: 44354.12 | Z24: 111.70837 | AA24: 44354.329 | AB24: 5.2400055 | AC24: 44354.292 | AD24: 3.0699997 | AE24: 44354.364 | AF24: 6.1799927 | AG24: 44355.081 | AH24: 10.099998 | AI24: 44354.515 | AJ24: 8.3800125 | AK24: 44354.6 | AL24: 8.8400269 | AM24: 44354.565 | AN24: 7.1700134 | AO24: 44354.789 | AP24: 5.6900558 | AQ24: 44354.648 | AR24: 6.6700211
Y25: 44354.121 | Z25: 112.21844 | AA25: 44354.33 | AB25: 5.7700057 | AC25: 44354.293 | AD25: 3.5800018 | AE25: 44354.365 | AF25: 6.6800003 | AG25: 44355.119 | AH25: 10.609993 | AI25: 44354.548 | AJ25: 8.9000092 | AK25: 44354.635 | AL25: 9.3800278 | AM25: 44354.6 | AN25: 7.7200165 | AO25: 44354.824 | AP25: 6.1900635 | AQ25: 44354.669 | AR25: 7.1900177
Y26: 44354.121 | Z26: 112.72855 | AA26: 44354.33 | AB26: 6.2900071 | AC26: 44354.319 | AD26: 4.090004 | AE26: 44354.388 | AF26: 7.1899948 | AG26: 44355.187 | AH26: 11.179985 | AI26: 44354.549 | AJ26: 9.4400101 | AK26: 44354.65 | AL26: 9.8900223 | AM26: 44354.623 | AN26: 8.2500076 | AO26: 44354.826 | AP26: 6.700058 | AQ26: 44354.689 | AR26: 7.690033
Y27: 44354.121 | Z27: 113.23866 | AA27: 44354.33 | AB27: 6.8300076 | AC27: 44354.33 | AD27: 4.5999985 | AE27: 44354.4 | AF27: 7.6999893 | AG27: 44355.212 | AH27: 0 | AI27: 44354.563 | AJ27: 9.9600143 | AK27: 44354.689 | AL27: 10.410011 | AM27: 44354.635 | AN27: 8.7800064 | AO27: 44354.854 | AP27: 7.2300644 | AQ27: 44354.713 | AR27: 8.2100372
Y28: 44354.127 | Z28: 113.73874 | AA28: 44354.33 | AB28: 6.3100076 | AC28: 44354.331 | AD28: 5.1100006 | AE28: 44354.422 | AF28: 8.2099915 | AG28: 44355.255 | AH28: 0.50999451 | AI28: 44354.585 | AJ28: 10.490013 | AK28: 44354.714 | AL28: 10.920013 | AM28: 44354.65 | AN28: 9.2900009 | AO28: 44354.878 | AP28: 7.7400589 | AQ28: 44354.727 | AR28: 8.7200394
Y29: 44354.127 | Z29: 114.23883 | AA29: 44354.363 | AB29: 6.8600073 | AC29: 44354.35 | AD29: 5.6199951 | AE29: 44354.424 | AF29: 8.719986 | AG29: 44355.297 | AH29: 1.0100021 | AI29: 44354.622 | AJ29: 11.000008 | AK29: 44354.769 | AL29: 11.45002 | AM29: 44354.671 | AN29: 9.7900085 | AO29: 44354.894 | AP29: 8.2400665 | AQ29: 44354.872 | AR29: 9.2300339
Y30: 44354.127 | Z30: 114.74894 | AA30: 44354.363 | AB30: 7.3700113 | AC30: 44354.351 | AD30: 6.1499939 | AE30: 44354.437 | AF30: 9.2299881 | AG30: 44355.313 | AH30: 1.5500031 | AI30: 44354.623 | AJ30: 11.520004 | AK30: 44354.824 | AL30: 11.970024 | AM30: 44354.713 | AN30: 10.300003 | AO30: 44354.907 | AP30: 8.7500687 | AQ30: 44354.889 | AR30: 9.7300415
Y31: 44354.128 | Z31: 115.25904 | AA31: 44354.363 | AB31: 7.9100137 | AC31: 44354.364 | AD31: 6.6599884 | AE31: 44354.45 | AF31: 9.7399826 | AG31: 44355.357 | AH31: 2.0800018 | AI31: 44354.649 | AJ31: 12.040009 | AK31: 44354.876 | AL31: 12.490021 | AM31: 44354.728 | AN31: 10.830002 | AO31: 44354.936 | AP31: 9.2600555 | AQ31: 44354.901 | AR31: 10.250046
Y32: 44354.128 | Z32: 115.77915 | AA32: 44354.422 | AB32: 8.4200163 | AC32: 44354.366 | AD32: 7.1699905 | AE32: 44354.452 | AF32: 10.259987 | AG32: 44355.379 | AH32: 2.6000061 | AI32: 44354.67 | AJ32: 12.560005 | AK32: 44354.905 | AL32: 13.010017 | AM32: 44354.768 | AN32: 11.339996 | AO32: 44354.95 | AP32: 9.7600632 | AQ32: 44354.944 | AR32: 10.750053
Y33: 44354.148 | Z33: 116.28925 | AA33: 44354.422 | AB33: 8.9400167 | AC33: 44354.387 | AD33: 7.6999893 | AE33: 44354.506 | AF33: 10.769989 | AG33: 44355.393 | AH33: 3.1300049 | AI33: 44354.727 | AJ33: 13.060013 | AK33: 44354.948 | AL33: 13.520012 | AM33: 44354.789 | AN33: 11.87999 | AO33: 44354.975 | AP33: 10.270058 | AQ33: 44354.972 | AR33: 11.260056
... Y175: 44354.716 | Z175: 62.121712 | AA175: 44356.314 | AB175: 3.7099981 | AC175: 44355.902 | AD175: 34.019989 | AE175: 44356.621 | AF175: 12.780022 | AG175: 44363.98 | AH175: 6.7099915 | AI175: 44359.31 | AJ175: 1.5800095 | AK175: 44360.01 | AL175: 10.430016 | AM175: 44358.133 | AN175: 20.039948 | AO175: 44358.226 | AP175: 0.58000183 | AQ175: 44358.603 | AR175: 6.7700043
Y176: 44354.729 | Z176: 62.62175 | AA176: 44356.314 | AB176: 4.2399988 | AC176: 44355.953 | AD176: 34.549988 | AE176: 44356.65 | AF176: 13.280029 | AI176: 44359.324 | AJ176: 2.1100082 | AK176: 44360.05 | AL176: 10.970009 | AM176: 44358.148 | AN176: 20.549942 | AO176: 44358.24 | AP176: 1.109993 | AQ176: 44358.617 | AR176: 7.2900009
Y177: 44354.729 | Z177: 63.121773 | AA177: 44356.328 | AB177: 4.8199987 | AC177: 44355.954 | AD177: 35.05999 | AE177: 44356.664 | AF177: 13.830025 | AI177: 44359.365 | AJ177: 2.6199951 | AK177: 44360.089 | AL177: 11.470024 | AM177: 44358.192 | AN177: 21.059944 | AO177: 44358.283 | AP177: 1.6399841 | AQ177: 44358.646 | AR177: 7.7999954
Y178: 44354.729 | Z178: 63.63179 | AA178: 44356.328 | AB178: 5.3999987 | AC178: 44355.956 | AD178: 35.569992 | AE178: 44356.685 | AF178: 14.340034 | AI178: 44359.407 | AJ178: 3.1500015 | AK178: 44360.134 | AL178: 11.990021 | AM178: 44358.212 | AN178: 0 | AO178: 44358.312 | AP178: 2.1399918 | AQ178: 44358.66 | AR178: 8.3299942
Y179: 44354.729 | Z179: 64.141838 | AA179: 44356.369 | AB179: 5.9299989 | AC179: 44355.957 | AD179: 36.079987 | AE179: 44356.698 | AF179: 14.870033 | AI179: 44359.436 | AJ179: 3.7000046 | AK179: 44360.177 | AL179: 12.500015 | AM179: 44358.238 | AN179: 0.50000763 | AO179: 44358.326 | AP179: 2.6699905 | AQ179: 44358.686 | AR179: 8.8399963
Y180: 44354.73 | Z180: 64.651947 | AA180: 44356.37 | AB180: 6.5199986 | AC180: 44355.982 | AD180: 36.659988 | AE180: 44356.728 | AF180: 15.370041 | AI180: 44359.479 | AJ180: 4.2200012 | AK180: 44360.192 | AL180: 13.020012 | AM180: 44358.239 | AN180: 0.88000488 | AO180: 44358.354 | AP180: 3.1899872 | AQ180: 44358.7 | AR180: 9.3899918
Y181: 44354.77 | Z181: 65.152054 | AA181: 44356.37 | AB181: 5.8799987 | AC181: 44355.984 | AD181: 37.169998 | AE181: 44356.742 | AF181: 15.890038 | AI181: 44359.522 | AJ181: 4.7299881 | AK181: 44360.212 | AL181: 0 | AM181: 44358.618 | AN181: 0.88000488 | AO181: 44358.356 | AP181: 3.6899948 | AQ181: 44358.725 | AR181: 9.8999939
Y182: 44354.77 | Z182: 65.652161 | AA182: 44356.397 | AB182: 6.4099984 | AC182: 44355.995 | AD182: 37.679985 | AE182: 44356.767 | AF182: 16.400032 | AI182: 44359.536 | AJ182: 5.3099899 | AK182: 44360.24 | AL182: 0.51000214 | AM182: 44358.647 | AN182: 1.3800125 | AO182: 44358.537 | AP182: 4.2099762 | AQ182: 44358.738 | AR182: 10.400002
Y183: 44354.77 | Z183: 66.16227 | AA183: 44356.397 | AB183: 6.9299984 | AC183: 44355.996 | AD183: 38.179993 | AE183: 44356.781 | AF183: 16.920044 | AI183: 44359.562 | AJ183: 5.8399963 | AK183: 44360.283 | AL183: 1.0100098 | AM183: 44358.662 | AN183: 1.8899994 | AO183: 44358.559 | AP183: 4.719986 | AQ183: 44358.739 | AR183: 10.559998
Y184: 44354.77 | Z184: 66.682373 | AA184: 44356.397 | AB184: 7.5899982 | AC184: 44356.026 | AD184: 38.689995 | AE184: 44356.813 | AF184: 17.430038 | AI184: 44359.6 | AJ184: 6.340004 | AK184: 44360.322 | AL184: 1.5199966 | AM184: 44358.687 | AN184: 2.4000015 | AO184: 44358.573 | AP184: 5.2399826 | AQ184: 44358.744 | AR184: 10.559998
Y185: 44354.771 | Z185: 67.182472 | AA185: 44356.41 | AB185: 6.9399981 | AC185: 44356.038 | AD185: 39.199989 | AE185: 44356.827 | AF185: 17.940033 | AI185: 44359.644 | AJ185: 6.890007 | AK185: 44360.366 | AL185: 2.0299988 | AM185: 44358.702 | AN185: 2.9100037 | AO185: 44358.606 | AP185: 5.7499847 | AQ185: 44358.892 | AR185: 11.060005
Y186: 44354.789 | Z186: 67.682526 | AA186: 44356.41 | AB186: 7.4499979 | AC186: 44356.04 | AD186: 39.719994 | AE186: 44356.847 | AF186: 18.490028 | AI186: 44359.658 | AJ186: 7.4500046 | AK186: 44360.392 | AL186: 2.5399933 | AM186: 44358.726 | AN186: 3.4300079 | AO186: 44358.62 | AP186: 6.2599945 | AQ186: 44358.906 | AR186: 11.570007
Y187: 44354.79 | Z187: 68.192589 | AA187: 44356.411 | AB187: 7.9499984 | AC187: 44356.067 | AD187: 40.23999 | AE187: 44356.861 | AF187: 19.000023 | AI187: 44359.698 | AJ187: 7.9599915 | AK187: 44360.475 | AL187: 3.0599899 | AM187: 44358.74 | AN187: 3.9400024 | AO187: 44358.649 | AP187: 6.769989 | AQ187: 44358.938 | AR187: 12.080002
... Y275: 44355.037 | Z275: 112.87032 | AA275: 44357.576 | AB275: 14.449999 | AC275: 44357.102 | AD275: 37.850006 | AE275: 44358.651 | AF275: 7.2499847 | AI275: 44362.067 | AJ275: 16.779991 | AK275: 44363.979 | AL275: 11.990036 | AM275: 44361.443 | AN275: 4.590004 | AO275: 44361.155 | AP275: 15.980003 | AQ275: 44361.112 | AR275: 14.470016
Y276: 44355.037 | Z276: 113.39043 | AA276: 44357.6 | AB276: 14.969998 | AC276: 44357.115 | AD276: 38.350014 | AE276: 44358.653 | AF276: 7.7599792 | AI276: 44362.094 | AJ276: 17.289993 | AM276: 44361.453 | AN276: 5.1200027 | AO276: 44361.179 | AP276: 16.520004 | AQ276: 44361.126 | AR276: 15.000015
Y277: 44355.038 | Z277: 113.89053 | AA277: 44357.614 | AB277: 15.479999 | AC277: 44357.143 | AD277: 38.880013 | AE277: 44358.655 | AF277: 8.2799835 | AI277: 44362.139 | AJ277: 17.79998 | AM277: 44361.479 | AN277: 5.6200104 | AO277: 44361.192 | AP277: 17.040009 | AQ277: 44361.139 | AR277: 15.52002
Y278: 44355.038 | Z278: 114.41064 | AA278: 44357.614 | AB278: 16 | AC278: 44357.144 | AD278: 39.400009 | AE278: 44358.656 | AF278: 8.7899857 | AI278: 44362.153 | AJ278: 18.349976 | AM278: 44361.493 | AN278: 6.1299973 | AO278: 44361.212 | AP278: 0 | AQ278: 44361.153 | AR278: 16.030014
Y279: 44355.069 | Z279: 114.91076 | AA279: 44357.624 | AB279: 15.419996 | AC279: 44357.157 | AD279: 39.900017 | AE279: 44358.691 | AF279: 9.2999878 | AI279: 44362.192 | AJ279: 18.85997 | AM279: 44361.522 | AN279: 6.6300049 | AO279: 44361.229 | AP279: 0.52000427 | AQ279: 44361.176 | AR279: 16.530022
Y280: 44355.069 | Z280: 115.43084 | AA280: 44357.624 | AB280: 15.969996 | AC280: 44357.159 | AD280: 40.400024 | AE280: 44358.704 | AF280: 9.8299866 | AI280: 44362.212 | AJ280: 0 | AM280: 44361.538 | AN280: 7.1399994 | AO280: 44361.245 | AP280: 1.0200119 | AQ280: 44361.19 | AR280: 17.040016
Y281: 44355.07 | Z281: 115.94095 | AA281: 44357.625 | AB281: 16.479996 | AC281: 44357.18 | AD281: 40.920029 | AE281: 44358.73 | AF281: 10.329994 | AI281: 44362.236 | AJ281: 0.50999451 | AM281: 44361.578 | AN281: 7.6500015 | AO281: 44361.274 | AP281: 1.5400009 | AQ281: 44361.212 | AR281: 0
Y282: 44355.07 | Z282: 116.45105 | AA282: 44357.66 | AB282: 17.020002 | AC282: 44357.181 | AD282: 41.460022 | AE282: 44358.744 | AF282: 10.859993 | AI282: 44362.264 | AJ282: 1.0100021 | AM282: 44361.612 | AN282: 8.1500092 | AO282: 44361.289 | AP282: 2.0499878 | AQ282: 44361.241 | AR282: 0.52000427
Y283: 44355.07 | Z283: 116.97116 | AA283: 44357.66 | AB283: 17.550003 | AC283: 44357.194 | AD283: 41.96003 | AE283: 44358.744 | AF283: 10.790001 | AI283: 44362.311 | AJ283: 1.5499954 | AM283: 44361.621 | AN283: 8.6600113 | AO283: 44361.31 | AP283: 2.5599976 | AQ283: 44361.442 | AR283: 1.0399933
Y284: 44355.07 | Z284: 117.54127 | AA284: 44357.661 | AB284: 18.150009 | AC284: 44357.212 | AD284: 0 | AE284: 44358.744 | AF284: 10.879997 | AI284: 44362.322 | AJ284: 2.0500031 | AM284: 44361.648 | AN284: 9.1900024 | AO284: 44361.322 | AP284: 3.0600052 | AQ284: 44361.451 | AR284: 1.5400009
Y285: 44355.08 | Z285: 118.05137 | AA285: 44357.728 | AB285: 18.660007 | AC285: 44357.226 | AD285: 0.51000214 | AE285: 44358.779 | AF285: 11.409996 | AI285: 44362.322 | AJ285: 2.1500015 | AM285: 44361.661 | AN285: 9.6999969 | AO285: 44361.351 | AP285: 3.5600128 | AQ285: 44361.465 | AR285: 2.0500031
Y286: 44355.081 | Z286: 118.56147 | AA286: 44357.728 | AB286: 19.220005 | AC286: 44357.239 | AD286: 1.0100098 | AE286: 44358.781 | AF286: 11.919998 | AI286: 44362.648 | AJ286: 2.1500015 | AM286: 44361.691 | AN286: 10.219994 | AO286: 44361.373 | AP286: 4.0699921 | AQ286: 44361.478 | AR286: 2.5599976
Y287: 44355.081 | Z287: 119.08158 | AA287: 44357.741 | AB287: 18.630007 | AC287: 44357.24 | AD287: 1.5300064 | AE287: 44358.812 | AF287: 12.43 | AI287: 44363.052 | AJ287: 2.1500015 | AM287: 44361.699 | AN287: 10.730003 | AO287: 44361.375 | AP287: 4.5699997 | AQ287: 44361.492 | AR287: 3.0699921
... Y317: 44355.203 | Z317: 134.37067 | AA317: 44358.113 | AB317: 31.090027 | AC317: 44357.602 | AD317: 16.890022 | AE317: 44359.154 | AF317: 27.750015 | AI317: 44363.991 | AJ317: 12.040001 | AM317: 44362.648 | AN317: 2.6999969 | AO317: 44362.155 | AP317: 19.990021 | AQ317: 44362.139 | AR317: 18.490021
Y318: 44355.203 | Z318: 134.90051 | AA318: 44358.113 | AB318: 31.590036 | AC318: 44357.615 | AD318: 17.39003 | AE318: 44359.187 | AF318: 28.26001 | AM318: 44363.053 | AN318: 2.6999969 | AO318: 44362.18 | AP318: 20.510017 | AQ318: 44362.178 | AR318: 18.990028
Y319: 44355.203 | Z319: 135.42033 | AA319: 44358.113 | AB319: 32.130043 | AC319: 44357.616 | AD319: 17.900032 | AE319: 44359.201 | AF319: 28.770012 | AM319: 44363.067 | AN319: 3.2099915 | AO319: 44362.194 | AP319: 21.020027 | AQ319: 44362.192 | AR319: 19.490036
Y320: 44355.212 | Z320: 0 | AA320: 44358.15 | AB320: 32.640049 | AC320: 44357.648 | AD320: 18.410034 | AE320: 44359.212 | AF320: 0 | AM320: 44363.113 | AN320: 3.7299957 | AO320: 44362.212 | AP320: 0 | AQ320: 44362.212 | AR320: 0
Y321: 44355.219 | Z321: 0.51000023 | AA321: 44358.15 | AB321: 33.160034 | AC321: 44357.649 | AD321: 18.920029 | AE321: 44359.229 | AF321: 0.55999756 | AM321: 44363.141 | AN321: 4.2300034 | AO321: 44362.225 | AP321: 0.51000214 | AQ321: 44362.236 | AR321: 0.50999451
Y322: 44355.22 | Z322: 1.0300007 | AA322: 44358.181 | AB322: 33.700008 | AC322: 44357.662 | AD322: 19.420036 | AE322: 44359.268 | AF322: 1.0699997 | AM322: 44363.184 | AN322: 4.7399979 | AO322: 44362.239 | AP322: 1.0200043 | AQ322: 44362.264 | AR322: 1.0299988
Y323: 44355.22 | Z323: 1.5400009 | AA323: 44358.181 | AB323: 34.239967 | AC323: 44357.684 | AD323: 19.930038 | AE323: 44359.282 | AF323: 1.5700073 | AM323: 44363.198 | AN323: 5.2599869 | AO323: 44362.267 | AP323: 1.5299988 | AQ323: 44362.278 | AR323: 1.5399933
Y324: 44355.22 | Z324: 2.0600014 | AA324: 44358.212 | AB324: 0 | AC324: 44357.686 | AD324: 20.460037 | AE324: 44359.283 | AF324: 2.0800095 | AM324: 44363.212 | AN324: 0 | AO324: 44362.281 | AP324: 2.0599976 | AQ324: 44362.308 | AR324: 2.0499878
Y325: 44355.221 | Z325: 2.5799999 | AA325: 44358.227 | AB325: 0.51999998 | AC325: 44357.699 | AD325: 21.000038 | AE325: 44359.315 | AF325: 2.5900116 | AM325: 44363.236 | AN325: 0.50999451 | AO325: 44362.314 | AP325: 2.5699921 | AQ325: 44362.322 | AR325: 2.5499954
Y326: 44355.233 | Z326: 3.0900002 | AA326: 44358.227 | AB326: 1.05 | AC326: 44357.7 | AD326: 21.500046 | AE326: 44359.355 | AF326: 3.1000061 | AM326: 44363.262 | AN326: 1.0199966 | AO326: 44362.324 | AP326: 3.0799942 | AQ326: 44362.322 | AR326: 2.7499924
Y327: 44355.233 | Z327: 3.6300011 | AA327: 44358.243 | AB327: 1.5799999 | AC327: 44357.703 | AD327: 22.01004 | AE327: 44359.369 | AF327: 3.6100006 | AM327: 44363.276 | AN327: 1.5299911 | AO327: 44362.325 | AP327: 3.4599991 | AQ327: 44362.648 | AR327: 2.7499924
Y328: 44355.234 | Z328: 4.1500015 | AA328: 44358.243 | AB328: 2.1099997 | AC328: 44357.705 | AD328: 22.530045 | AE328: 44359.397 | AF328: 4.1200027 | AM328: 44363.301 | AN328: 2.0399857 | AO328: 44362.648 | AP328: 3.4599991 | AQ328: 44363.052 | AR328: 2.7499924
Y329: 44355.234 | Z329: 4.6700001 | AA329: 44358.27 | AB329: 2.6299994 | AC329: 44357.707 | AD329: 23.040039 | AE329: 44359.41 | AF329: 4.6200104 | AM329: 44363.318 | AN329: 2.5699921 | AO329: 44363.053 | AP329: 3.4599991 | AQ329: 44363.066 | AR329: 3.269989
... Y348: 44355.313 | Z348: 14.490004 | AA348: 44358.627 | AB348: 12.980004 | AC348: 44357.936 | AD348: 32.750046 | AE348: 44359.729 | AF348: 14.310013 | AM348: 44363.736 | AN348: 11.41996 | AO348: 44363.553 | AP348: 5.0100098 | AQ348: 44363.477 | AR348: 6.3899918
Y349: 44355.314 | Z349: 15.000004 | AA349: 44358.627 | AB349: 13.510003 | AC349: 44357.949 | AD349: 33.260056 | AE349: 44359.74 | AF349: 14.820023 | AO349: 44363.567 | AP349: 5.5200119 | AQ349: 44363.506 | AR349: 6.8999863
Y350: 44355.314 | Z350: 15.530005 | AA350: 44358.627 | AB350: 14.060006 | AC350: 44357.95 | AD350: 33.760063 | AE350: 44359.742 | AF350: 15.350014 | AO350: 44363.594 | AP350: 6.0400085 | AQ350: 44363.519 | AR350: 7.3999939
Y351: 44355.343 | Z351: 16.040003 | AA351: 44358.628 | AB351: 14.640004 | AC351: 44357.973 | AD351: 34.270058 | AE351: 44359.843 | AF351: 15.860016 | AO351: 44363.607 | AP351: 6.5400162 | AQ351: 44363.549 | AR351: 7.9199982
Y352: 44355.344 | Z352: 16.550003 | AA352: 44358.628 | AB352: 15.190003 | AC352: 44357.975 | AD352: 34.800064 | AE352: 44359.845 | AF352: 16.370018 | AO352: 44363.664 | AP352: 7.0500183 | AQ352: 44363.563 | AR352: 8.4399948
Y353: 44355.344 | Z353: 17.080002 | AA353: 44358.628 | AB353: 15.710004 | AC353: 44357.988 | AD353: 35.320068 | AE353: 44359.846 | AF353: 16.88002 | AO353: 44363.681 | AP353: 7.5600204 | AQ353: 44363.591 | AR353: 8.9499893
Y354: 44355.344 | Z354: 17.600002 | AA354: 44358.657 | AB354: 16.229996 | AC354: 44358.014 | AD354: 35.820076 | AE354: 44359.856 | AF354: 17.390007 | AO354: 44363.768 | AP354: 8.0700226 | AQ354: 44363.605 | AR354: 9.4599915
Y355: 44355.357 | Z355: 18.140003 | AA355: 44358.657 | AB355: 16.75 | AC355: 44358.016 | AD355: 36.360077 | AE355: 44359.858 | AF355: 17.890015 | AO355: 44363.787 | AP355: 8.5900116 | AQ355: 44363.635 | AR355: 9.9699936
Y356: 44355.358 | Z356: 18.650002 | AA356: 44358.657 | AB356: 17.279995 | AC356: 44358.028 | AD356: 36.920067 | AE356: 44359.859 | AF356: 18.400009 | AO356: 44363.789 | AP356: 9.1000061 | AQ356: 44363.649 | AR356: 10.47998
Y357: 44355.358 | Z357: 19.200003 | AA357: 44358.658 | AB357: 17.809998 | AC357: 44358.03 | AD357: 37.440063 | AE357: 44359.884 | AF357: 18.920013 | AQ357: 44363.693 | AR357: 10.989983
Y358: 44355.358 | Z358: 19.740002 | AA358: 44358.658 | AB358: 18.339996 | AC358: 44358.054 | AD358: 37.940071 | AE358: 44359.886 | AF358: 19.420021 | AQ358: 44363.72 | AR358: 11.48999
Y359: 44355.359 | Z359: 20.260002 | AA359: 44358.658 | AB359: 18.859997 | AC359: 44358.056 | AD359: 38.450066 | AE359: 44359.887 | AF359: 19.930023 | AQ359: 44363.734 | AR359: 11.999985
Y360: 44355.392 | Z360: 20.77 | AA360: 44358.659 | AB360: 19.360001 | AC360: 44358.069 | AD360: 38.970062 | AE360: 44359.899 | AF360: 20.440018 | AQ360: 44363.766 | AR360: 12.529976
Y361: 44355.392 | Z361: 21.320002 | AA361: 44358.659 | AB361: 19.880001 | AC361: 44358.099 | AD361: 39.47007 | AE361: 44359.925 | AF361: 20.940025 | AQ361: 44363.767 | AR361: 13.039978
Y362: 44355.393 | Z362: 21.84 | AA362: 44358.663 | AB362: 20.449997 | AC362: 44358.101 | AD362: 39.980064 | AE362: 44359.938 | AF362: 21.450027 | AQ362: 44363.781 | AR362: 13.539986
Y363: 44355.393 | Z363: 22.35 | AA363: 44358.663 | AB363: 21.019997 | AC363: 44358.114 | AD363: 40.480072 | AE363: 44359.976 | AF363: 21.96003 | AQ363: 44363.807 | AR363: 14.049973
Y364: 44355.393 | Z364: 22.870001 | AA364: 44358.663 | AB364: 21.579998 | AC364: 44358.115 | AD364: 41.000069 | AE364: 44359.99 | AF364: 22.470032 | AQ364: 44363.821 | AR364: 14.559959
Y365: 44355.438 | Z365: 23.379999 | AA365: 44358.689 | AB365: 22.089996 | AC365: 44358.137 | AD365: 41.500076 | AE365: 44360.014 | AF365: 22.980026 | AQ365: 44363.822 | AR365: 15.079964
Y366: 44355.439 | Z366: 23.899996 | AA366: 44358.689 | AB366: 22.599995 | AC366: 44358.15 | AD366: 42.010063 | AE366: 44360.028 | AF366: 23.500031 | AQ366: 44363.85 | AR366: 15.579971
Y367: 44355.439 | Z367: 24.409994 | AA367: 44358.69 | AB367: 23.16 | AC367: 44358.152 | AD367: 42.520073 | AE367: 44360.054 | AF367: 24.010025 | AQ367: 44363.864 | AR367: 16.089966
Y368: 44355.439 | Z368: 24.939993 | AA368: 44358.69 | AB368: 23.699997 | AC368: 44358.181 | AD368: 43.060081 | AE368: 44360.067 | AF368: 24.52002 | AQ368: 44363.895 | AR368: 16.599976
... Y375: 44355.463 | Z375: 28.549994 | AA375: 44358.729 | AB375: 27.399998 | AC375: 44358.243 | AD375: 1.5500107 | AE375: 44360.212 | AF375: 0 | AQ375: 44363.991 | AR375: 20.209969
Y376: 44355.464 | Z376: 29.069996 | AA376: 44358.742 | AB376: 27.66 | AC376: 44358.271 | AD376: 2.0600128 | AE376: 44360.229 | AF376: 0.50000763
Y377: 44355.464 | Z377: 29.579994 | AA377: 44358.744 | AB377: 27.66 | AC377: 44358.272 | AD377: 2.6000137 | AE377: 44360.243 | AF377: 1.0100021
Y378: 44355.464 | Z378: 30.109993 | AA378: 44359.066 | AB378: 28.189999 | AC378: 44358.285 | AD378: 3.1200104 | AE378: 44360.274 | AF378: 1.5199966
Y379: 44355.464 | Z379: 30.629993 | AA379: 44359.066 | AB379: 28.710003 | AC379: 44358.286 | AD379: 3.6300125 | AE379: 44360.286 | AF379: 2.0299988
Y380: 44355.477 | Z380: 31.139997 | AA380: 44359.066 | AB380: 29.23 | AC380: 44358.313 | AD380: 4.1500015 | AE380: 44360.313 | AF380: 2.5300064
Y381: 44355.478 | Z381: 31.640009 | AA381: 44359.066 | AB381: 29.84 | AC381: 44358.315 | AD381: 4.6500092 | AE381: 44360.324 | AF381: 3.030014
Y382: 44355.478 | Z382: 32.160004 | AA382: 44359.111 | AB382: 30.369999 | AC382: 44358.327 | AD382: 5.1600113 | AE382: 44360.326 | AF382: 3.5500107
Y383: 44355.478 | Z383: 32.669991 | AA383: 44359.111 | AB383: 30.920002 | AC383: 44358.329 | AD383: 5.6700134 | AE383: 44360.355 | AF383: 4.0699997
Y384: 44355.478 | Z384: 33.179993 | AA384: 44359.153 | AB384: 31.490005 | AC384: 44358.331 | AD384: 6.1900101 | AE384: 44360.357 | AF384: 4.5700073
Y385: 44355.522 | Z385: 33.68998 | AA385: 44359.153 | AB385: 32.020004 | AC385: 44358.357 | AD385: 6.7099991 | AE385: 44360.369 | AF385: 5.0800095
Y386: 44355.522 | Z386: 34.19001 | AA386: 44359.202 | AB386: 32.540012 | AC386: 44358.359 | AD386: 7.2399979 | AE386: 44360.396 | AF386: 5.590004
Y387: 44355.522 | Z387: 34.720047 | AA387: 44359.202 | AB387: 33.060009 | AC387: 44358.485 | AD387: 7.75 | AE387: 44360.409 | AF387: 6.0900116
...

Sheet Sheet2
B1: ACE.Profile.Delta.Port13 | D1: ACE.Profile.Delta.Port6 | F1: ACE.Profile.Delta.Port9 | H1: ACE.Profile.Total.Centre | J1: ACE.Profile.Total.Delta | L1: ACE.Profile.Total.Wall | N1: ACE.Profile.Wall.Port10 | P1: ACE.Profile.Wall.Port12 | R1: ACE.Profile.Wall.Port14 | T1: ACE.Profile.Wall.Port5 | V1: ACE.Profile.Wall.Port7 | X1: ACE.Profile.Wall.Port8 | Z1: WACS.Centre.Port11.tot | AB1: WACS.Delta.Port13.tot | AD1: WACS.Delta.Port6.tot | AF1: WACS.Delta.Port9.tot | AH1: WACS.Wall.Port10.tot | AJ1: WACS.Wall.Port12.tot | AL1: WACS.Wall.Port14.tot | AN1: WACS.Wall.Port5.tot | AP1: WACS.Wall.Port7.tot | AR1: WACS.Wall.Port8.tot
A2: 44354.208 | B2: 36.408485 | C2: 44354.208 | D2: 38.631065 | E2: 44354.208 | F2: 24.960449 | G2: 44354.208 | H2: 37.582695 | I2: 44354.208 | J2: 31.974337 | K2: 44354.208 | L2: 30.44297 | M2: 44354.208 | N2: 8.7615147 | O2: 44354.208 | P2: 15.8234 | Q2: 44354.208 | R2: 12.170356 | S2: 44354.208 | T2: 16.634113 | U2: 44354.208 | V2: 25.8937 | W2: 44354.208 | X2: 20.716917 | Y2: 44354.019 | Z2: 100.50642 | AA2: 44354.021 | AB2: 32.920021 | AC2: 44354.021 | AD2: 33.840027 | AE2: 44354.021 | AF2: 22.169991 | AG2: 44354.033 | AH2: 7.9000244 | AI2: 44354.031 | AJ2: 13.620064 | AK2: 44354.018 | AL2: 10.380013 | AM2: 44354.018 | AN2: 13.419998 | AO2: 44354.02 | AP2: 21.300011 | AQ2: 44354.018 | AR2: 17.089989
A3: 44354.208 | B3: 31.383009 | C3: 44354.208 | D3: 40.107594 | E3: 44354.208 | F3: 28.509396 | G3: 44354.208 | H3: 38.421417 | I3: 44354.208 | J3: 32.681686 | K3: 44354.208 | L3: 28.896894 | M3: 44354.208 | N3: 10.976896 | O3: 44354.208 | P3: 20.039299 | Q3: 44354.208 | R3: 17.859573 | S3: 44354.208 | T3: 19.793781 | U3: 44354.208 | V3: 15.758492 | W3: 44354.208 | X3: 15.571957 | Y3: 44354.019 | Z3: 101.00651 | AA3: 44354.021 | AB3: 33.450031 | AC3: 44354.023 | AD3: 34.350021 | AE3: 44354.036 | AF3: 22.679985 | AG3: 44354.12 | AH3: 8.4100266 | AI3: 44354.069 | AJ3: 14.130058 | AK3: 44354.07 | AL3: 10.88002 | AM3: 44354.069 | AN3: 13.940002 | AO3: 44354.034 | AP3: 21.82 | AQ3: 44354.068 | AR3: 17.639984
A4: 44355.208 | B4: 31.383009 | C4: 44355.208 | D4: 40.107594 | E4: 44355.208 | F4: 28.509396 | G4: 44355.208 | H4: 38.421417 | I4: 44355.208 | J4: 32.681686 | K4: 44355.208 | L4: 28.896894 | M4: 44355.208 | N4: 10.976896 | O4: 44355.208 | P4: 20.039299 | Q4: 44355.208 | R4: 17.859573 | S4: 44355.208 | T4: 19.793781 | U4: 44355.208 | V4: 15.758492 | W4: 44355.208 | X4: 15.571957 | Y4: 44354.02 | Z4: 101.50661 | AA4: 44354.072 | AB4: 33.960052 | AC4: 44354.036 | AD4: 34.850029 | AE4: 44354.073 | AF4: 23.179993 | AG4: 44354.184 | AH4: 8.970047 | AI4: 44354.11 | AJ4: 14.640045 | AK4: 44354.119 | AL4: 11.380028 | AM4: 44354.083 | AN4: 14.450005 | AO4: 44354.071 | AP4: 22.370003 | AQ4: 44354.082 | AR4: 18.149986
A5: 44355.208 | B5: 30.781971 | C5: 44355.208 | D5: 38.699554 | E5: 44355.208 | F5: 30.518475 | G5: 44355.208 | H5: 37.52536 | I5: 44355.208 | J5: 35.236629 | K5: 44355.208 | L5: 27.238012 | M5: 44355.208 | N5: 10.519578 | O5: 44355.208 | P5: 18.888416 | Q5: 44355.208 | R5: 16.258524 | S5: 44355.208 | T5: 22.902462 | U5: 44355.208 | V5: 14.310054 | W5: 44355.208 | X5: 17.120966 | Y5: 44354.02 | Z5: 102.01672 | AA5: 44354.072 | AB5: 34.510067 | AC5: 44354.037 | AD5: 35.370026 | AE5: 44354.087 | AF5: 23.68 | AG5: 44354.212 | AH5: 0 | AI5: 44354.146 | AJ5: 15.160034 | AK5: 44354.148 | AL5: 11.940033 | AM5: 44354.119 | AN5: 14.950012 | AO5: 44354.085 | AP5: 22.880005 | AQ5: 44354.11 | AR5: 18.659981
A6: 44356.208 | B6: 30.781971 | C6: 44356.208 | D6: 38.699554 | E6: 44356.208 | F6: 30.518475 | G6: 44356.208 | H6: 37.52536 | I6: 44356.208 | J6: 35.236629 | K6: 44356.208 | L6: 27.238012 | M6: 44356.208 | N6: 10.519578 | O6: 44356.208 | P6: 18.888416 | Q6: 44356.208 | R6: 16.258524 | S6: 44356.208 | T6: 22.902462 | U6: 44356.208 | V6: 14.310054 | W6: 44356.208 | X6: 17.120966 | Y6: 44354.02 | Z6: 102.51682 | AA6: 44354.086 | AB6: 35.050091 | AC6: 44354.074 | AD6: 35.89003 | AE6: 44354.122 | AF6: 24.239998 | AG6: 44354.316 | AH6: 0.62000275 | AI6: 44354.161 | AJ6: 15.690025 | AK6: 44354.183 | AL6: 12.460022 | AM6: 44354.126 | AN6: 15.480011 | AO6: 44354.121 | AP6: 23.389999 | AQ6: 44354.125 | AR6: 19.169983
A7: 44356.208 | B7: 31.611771 | C7: 44356.208 | D7: 41.437832 | E7: 44356.208 | F7: 26.950397 | G7: 44356.208 | H7: 37.023903 | I7: 44356.208 | J7: 30.858776 | K7: 44356.208 | L7: 32.117321 | M7: 44356.208 | N7: 7.9229736 | O7: 44356.208 | P7: 14.413179 | Q7: 44356.208 | R7: 10.864413 | S7: 44356.208 | T7: 20.57122 | U7: 44356.208 | V7: 25.600128 | W7: 44356.208 | X7: 20.628084 | Y7: 44354.033 | Z7: 103.0169 | AA7: 44354.086 | AB7: 35.570091 | AC7: 44354.086 | AD7: 36.420029 | AE7: 44354.129 | AF7: 24.759995 | AG7: 44354.348 | AH7: 1.1600037 | AI7: 44354.196 | AJ7: 16.200012 | AK7: 44354.212 | AL7: 0 | AM7: 44354.148 | AN7: 15.990021 | AO7: 44354.127 | AP7: 23.919998 | AQ7: 44354.147 | AR7: 19.679993
A8: 44357.208 | B8: 31.611771 | C8: 44357.208 | D8: 41.437832 | E8: 44357.208 | F8: 26.950397 | G8: 44357.208 | H8: 37.023903 | I8: 44357.208 | J8: 30.858776 | K8: 44357.208 | L8: 32.117321 | M8: 44357.208 | N8: 7.9229736 | O8: 44357.208 | P8: 14.413179 | Q8: 44357.208 | R8: 10.864413 | S8: 44357.208 | T8: 20.57122 | U8: 44357.208 | V8: 25.600128 | W8: 44357.208 | X8: 20.628084 | Y8: 44354.033 | Z8: 103.52699 | AA8: 44354.122 | AB8: 36.110104 | AC8: 44354.088 | AD8: 36.940025 | AE8: 44354.151 | AF8: 25.260002 | AG8: 44354.362 | AH8: 1.6699982 | AI8: 44354.212 | AJ8: 0 | AK8: 44354.218 | AL8: 0.52000427 | AM8: 44354.162 | AN8: 16.500031 | AO8: 44354.149 | AP8: 24.439987 | AQ8: 44354.16 | AR8: 20.18
A9: 44357.208 | B9: 31.774279 | C9: 44357.208 | D9: 41.379051 | E9: 44357.208 | F9: 26.84667 | G9: 44357.208 | H9: 37.306091 | I9: 44357.208 | J9: 31.994211 | K9: 44357.208 | L9: 30.699699 | M9: 44357.208 | N9: 6.7891827 | O9: 44357.208 | P9: 15.947788 | Q9: 44357.208 | R9: 11.42168 | S9: 44357.208 | T9: 20.36746 | U9: 44357.208 | V9: 24.032928 | W9: 44357.208 | X9: 21.440962 | Y9: 44354.033 | Z9: 104.03709 | AA9: 44354.128 | AB9: 36.630093 | AC9: 44354.123 | AD9: 37.450035 | AE9: 44354.164 | AF9: 25.790001 | AG9: 44354.397 | AH9: 2.1899948 | AI9: 44354.217 | AJ9: 0.53999329 | AK9: 44354.228 | AL9: 1.0700073 | AM9: 44354.183 | AN9: 17.030022 | AO9: 44354.162 | AP9: 24.939995 | AQ9: 44354.182 | AR9: 20.690002
A10: 44358.208 | B10: 31.774279 | C10: 44358.208 | D10: 41.379051 | E10: 44358.208 | F10: 26.84667 | G10: 44358.208 | H10: 37.306091 | I10: 44358.208 | J10: 31.994211 | K10: 44358.208 | L10: 30.699699 | M10: 44358.208 | N10: 6.7891827 | O10: 44358.208 | P10: 15.947788 | Q10: 44358.208 | R10: 11.42168 | S10: 44358.208 | T10: 20.36746 | U10: 44358.208 | V10: 24.032928 | W10: 44358.208 | X10: 21.440962 | Y10: 44354.034 | Z10: 104.5672 | AA10: 44354.129 | AB10: 37.18008 | AC10: 44354.124 | AD10: 37.960037 | AE10: 44354.186 | AF10: 26.299995 | AG10: 44354.421 | AH10: 2.7099915 | AI10: 44354.218 | AJ10: 1.0499954 | AK10: 44354.243 | AL10: 1.5800095 | AM10: 44354.212 | AN10: 0 | AO10: 44354.184 | AP10: 25.459991 | AQ10: 44354.195 | AR10: 21.209999
A11: 44358.208 | B11: 35.200172 | C11: 44358.208 | D11: 35.71571 | E11: 44358.208 | F11: 29.08412 | G11: 44358.208 | H11: 34.237404 | I11: 44358.208 | J11: 36.44595 | K11: 44358.208 | L11: 29.316648 | M11: 44358.208 | N11: 9.815258 | O11: 44358.208 | P11: 16.928452 | Q11: 44358.208 | R11: 21.91781 | S11: 44358.208 | T11: 12.07746 | U11: 44358.208 | V11: 17.041601 | W11: 44358.208 | X11: 22.219419 | Y11: 44354.034 | Z11: 105.08731 | AA11: 44354.185 | AB11: 37.710068 | AC11: 44354.13 | AD11: 38.470039 | AE11: 44354.2 | AF11: 26.839996 | AG11: 44354.448 | AH11: 3.2299957 | AI11: 44354.219 | AJ11: 1.5899963 | AK11: 44354.285 | AL11: 2.1100006 | AM11: 44354.242 | AN11: 0.51000214 | AO11: 44354.197 | AP11: 25.999992 | AQ11: 44354.212 | AR11: 0
A12: 44359.208 | B12: 35.200172 | C12: 44359.208 | D12: 35.71571 | E12: 44359.208 | F12: 29.08412 | G12: 44359.208 | H12: 34.237404 | I12: 44359.208 | J12: 36.44595 | K12: 44359.208 | L12: 29.316648 | M12: 44359.208 | N12: 9.815258 | O12: 44359.208 | P12: 16.928452 | Q12: 44359.208 | R12: 21.91781 | S12: 44359.208 | T12: 12.07746 | U12: 44359.208 | V12: 17.041601 | W12: 44359.208 | X12: 22.219419 | Y12: 44354.071 | Z12: 105.5974 | AA12: 44354.185 | AB12: 38.250072 | AC12: 44354.151 | AD12: 38.980034 | AE12: 44354.212 | AF12: 0 | AG12: 44354.492 | AH12: 3.730011 | AI12: 44354.24 | AJ12: 2.090004 | AK12: 44354.313 | AL12: 2.6300049 | AM12: 44354.313 | AN12: 1.0200119 | AO12: 44354.199 | AP12: 26.509995 | AQ12: 44354.227 | AR12: 0.51999664
A13: 44359.208 | B13: 35.742126 | C13: 44359.208 | D13: 39.278236 | E13: 44359.208 | F13: 24.979639 | G13: 44359.208 | H13: 37.371338 | I13: 44359.208 | J13: 32.763332 | K13: 44359.208 | L13: 29.86533 | M13: 44359.208 | N13: 8.8699236 | O13: 44359.208 | P13: 16.896473 | Q13: 44359.208 | R13: 12.917962 | S13: 44359.208 | T13: 16.241726 | U13: 44359.208 | V13: 20.924686 | W13: 44359.208 | X13: 24.149229 | Y13: 44354.071 | Z13: 106.09746 | AA13: 44354.186 | AB13: 39.150082 | AC13: 44354.164 | AD13: 39.490036 | AE13: 44354.231 | AF13: 0.52999878 | AG13: 44354.504 | AH13: 4.2900009 | AI13: 44354.241 | AJ13: 2.6500015 | AK13: 44354.315 | AL13: 3.1399994 | AM13: 44354.327 | AN13: 1.5400009 | AO13: 44354.212 | AP13: 0 | AQ13: 44354.282 | AR13: 1.0200043
... A21: 44363.208 | B21: 42.342598 | C21: 44363.208 | D21: 34.380363 | E21: 44363.208 | F21: 23.277039 | G21: 44363.208 | H21: 37.866104 | I21: 44363.208 | J21: 34.456585 | K21: 44363.208 | L21: 27.677311 | M21: 44363.208 | N21: 9.5439205 | O21: 44363.208 | P21: 19.326187 | Q21: 44363.208 | R21: 16.422981 | S21: 44363.208 | T21: 17.365355 | U21: 44363.208 | V21: 10.42143 | W21: 44363.208 | X21: 26.920128 | Y21: 44354.085 | Z21: 110.18809 | AA21: 44354.245 | AB21: 3.6699994 | AC21: 44354.247 | AD21: 1.5299988 | AE21: 44354.33 | AF21: 4.6299896 | AG21: 44355.029 | AH21: 8.4699936 | AI21: 44354.446 | AJ21: 6.8600006 | AK21: 44354.491 | AL21: 7.3100204 | AM21: 44354.503 | AN21: 5.6300201 | AO21: 44354.715 | AP21: 4.1600342 | AQ21: 44354.599 | AR21: 5.1300278
Y22: 44354.12 | Z22: 110.69819 | AA22: 44354.245 | AB22: 4.170001 | AC22: 44354.288 | AD22: 2.0499954 | AE22: 44354.332 | AF22: 5.1399918 | AG22: 44355.07 | AH22: 9.0399933 | AI22: 44354.488 | AJ22: 7.3700027 | AK22: 44354.517 | AL22: 7.8300247 | AM22: 44354.517 | AN22: 6.1400146 | AO22: 44354.729 | AP22: 4.6700516 | AQ22: 44354.622 | AR22: 5.650032
Y23: 44354.12 | Z23: 111.20829 | AA23: 44354.245 | AB23: 4.7000036 | AC23: 44354.29 | AD23: 2.5500031 | AE23: 44354.35 | AF23: 5.6699982 | AG23: 44355.072 | AH23: 9.5599899 | AI23: 44354.501 | AJ23: 7.8700104 | AK23: 44354.564 | AL23: 8.3400192 | AM23: 44354.551 | AN23: 6.6500168 | AO23: 44354.77 | AP23: 5.1700592 | AQ23: 44354.634 | AR23: 6.1600266
Y24: 44354.12 | Z24: 111.70837 | AA24: 44354.329 | AB24: 5.2400055 | AC24: 44354.292 | AD24: 3.0699997 | AE24: 44354.364 | AF24: 6.1799927 | AG24: 44355.081 | AH24: 10.099998 | AI24: 44354.515 | AJ24: 8.3800125 | AK24: 44354.6 | AL24: 8.8400269 | AM24: 44354.565 | AN24: 7.1700134 | AO24: 44354.789 | AP24: 5.6900558 | AQ24: 44354.648 | AR24: 6.6700211
Y25: 44354.121 | Z25: 112.21844 | AA25: 44354.33 | AB25: 5.7700057 | AC25: 44354.293 | AD25: 3.5800018 | AE25: 44354.365 | AF25: 6.6800003 | AG25: 44355.119 | AH25: 10.609993 | AI25: 44354.548 | AJ25: 8.9000092 | AK25: 44354.635 | AL25: 9.3800278 | AM25: 44354.6 | AN25: 7.7200165 | AO25: 44354.824 | AP25: 6.1900635 | AQ25: 44354.669 | AR25: 7.1900177
Y26: 44354.121 | Z26: 112.72855 | AA26: 44354.33 | AB26: 6.2900071 | AC26: 44354.319 | AD26: 4.090004 | AE26: 44354.388 | AF26: 7.1899948 | AG26: 44355.187 | AH26: 11.179985 | AI26: 44354.549 | AJ26: 9.4400101 | AK26: 44354.65 | AL26: 9.8900223 | AM26: 44354.623 | AN26: 8.2500076 | AO26: 44354.826 | AP26: 6.700058 | AQ26: 44354.689 | AR26: 7.690033
Y27: 44354.121 | Z27: 113.23866 | AA27: 44354.33 | AB27: 6.8300076 | AC27: 44354.33 | AD27: 4.5999985 | AE27: 44354.4 | AF27: 7.6999893 | AG27: 44355.212 | AH27: 0 | AI27: 44354.563 | AJ27: 9.9600143 | AK27: 44354.689 | AL27: 10.410011 | AM27: 44354.635 | AN27: 8.7800064 | AO27: 44354.854 | AP27: 7.2300644 | AQ27: 44354.713 | AR27: 8.2100372
Y28: 44354.127 | Z28: 113.73874 | AA28: 44354.33 | AB28: 6.3100076 | AC28: 44354.331 | AD28: 5.1100006 | AE28: 44354.422 | AF28: 8.2099915 | AG28: 44355.255 | AH28: 0.50999451 | AI28: 44354.585 | AJ28: 10.490013 | AK28: 44354.714 | AL28: 10.920013 | AM28: 44354.65 | AN28: 9.2900009 | AO28: 44354.878 | AP28: 7.7400589 | AQ28: 44354.727 | AR28: 8.7200394
Y29: 44354.127 | Z29: 114.23883 | AA29: 44354.363 | AB29: 6.8600073 | AC29: 44354.35 | AD29: 5.6199951 | AE29: 44354.424 | AF29: 8.719986 | AG29: 44355.297 | AH29: 1.0100021 | AI29: 44354.622 | AJ29: 11.000008 | AK29: 44354.769 | AL29: 11.45002 | AM29: 44354.671 | AN29: 9.7900085 | AO29: 44354.894 | AP29: 8.2400665 | AQ29: 44354.872 | AR29: 9.2300339
Y30: 44354.127 | Z30: 114.74894 | AA30: 44354.363 | AB30: 7.3700113 | AC30: 44354.351 | AD30: 6.1499939 | AE30: 44354.437 | AF30: 9.2299881 | AG30: 44355.313 | AH30: 1.5500031 | AI30: 44354.623 | AJ30: 11.520004 | AK30: 44354.824 | AL30: 11.970024 | AM30: 44354.713 | AN30: 10.300003 | AO30: 44354.907 | AP30: 8.7500687 | AQ30: 44354.889 | AR30: 9.7300415
Y31: 44354.128 | Z31: 115.25904 | AA31: 44354.363 | AB31: 7.9100137 | AC31: 44354.364 | AD31: 6.6599884 | AE31: 44354.45 | AF31: 9.7399826 | AG31: 44355.357 | AH31: 2.0800018 | AI31: 44354.649 | AJ31: 12.040009 | AK31: 44354.876 | AL31: 12.490021 | AM31: 44354.728 | AN31: 10.830002 | AO31: 44354.936 | AP31: 9.2600555 | AQ31: 44354.901 | AR31: 10.250046
Y32: 44354.128 | Z32: 115.77915 | AA32: 44354.422 | AB32: 8.4200163 | AC32: 44354.366 | AD32: 7.1699905 | AE32: 44354.452 | AF32: 10.259987 | AG32: 44355.379 | AH32: 2.6000061 | AI32: 44354.67 | AJ32: 12.560005 | AK32: 44354.905 | AL32: 13.010017 | AM32: 44354.768 | AN32: 11.339996 | AO32: 44354.95 | AP32: 9.7600632 | AQ32: 44354.944 | AR32: 10.750053
Y33: 44354.148 | Z33: 116.28925 | AA33: 44354.422 | AB33: 8.9400167 | AC33: 44354.387 | AD33: 7.6999893 | AE33: 44354.506 | AF33: 10.769989 | AG33: 44355.393 | AH33: 3.1300049 | AI33: 44354.727 | AJ33: 13.060013 | AK33: 44354.948 | AL33: 13.520012 | AM33: 44354.789 | AN33: 11.87999 | AO33: 44354.975 | AP33: 10.270058 | AQ33: 44354.972 | AR33: 11.260056
... Y175: 44354.716 | Z175: 62.121712 | AA175: 44356.314 | AB175: 3.7099981 | AC175: 44355.902 | AD175: 34.019989 | AE175: 44356.621 | AF175: 12.780022 | AG175: 44363.98 | AH175: 6.7099915 | AI175: 44359.31 | AJ175: 1.5800095 | AK175: 44360.01 | AL175: 10.430016 | AM175: 44358.133 | AN175: 20.039948 | AO175: 44358.226 | AP175: 0.58000183 | AQ175: 44358.603 | AR175: 6.7700043
Y176: 44354.729 | Z176: 62.62175 | AA176: 44356.314 | AB176: 4.2399988 | AC176: 44355.953 | AD176: 34.549988 | AE176: 44356.65 | AF176: 13.280029 | AI176: 44359.324 | AJ176: 2.1100082 | AK176: 44360.05 | AL176: 10.970009 | AM176: 44358.148 | AN176: 20.549942 | AO176: 44358.24 | AP176: 1.109993 | AQ176: 44358.617 | AR176: 7.2900009
Y177: 44354.729 | Z177: 63.121773 | AA177: 44356.328 | AB177: 4.8199987 | AC177: 44355.954 | AD177: 35.05999 | AE177: 44356.664 | AF177: 13.830025 | AI177: 44359.365 | AJ177: 2.6199951 | AK177: 44360.089 | AL177: 11.470024 | AM177: 44358.192 | AN177: 21.059944 | AO177: 44358.283 | AP177: 1.6399841 | AQ177: 44358.646 | AR177: 7.7999954
Y178: 44354.729 | Z178: 63.63179 | AA178: 44356.328 | AB178: 5.3999987 | AC178: 44355.956 | AD178: 35.569992 | AE178: 44356.685 | AF178: 14.340034 | AI178: 44359.407 | AJ178: 3.1500015 | AK178: 44360.134 | AL178: 11.990021 | AM178: 44358.212 | AN178: 0 | AO178: 44358.312 | AP178: 2.1399918 | AQ178: 44358.66 | AR178: 8.3299942
Y179: 44354.729 | Z179: 64.141838 | AA179: 44356.369 | AB179: 5.9299989 | AC179: 44355.957 | AD179: 36.079987 | AE179: 44356.698 | AF179: 14.870033 | AI179: 44359.436 | AJ179: 3.7000046 | AK179: 44360.177 | AL179: 12.500015 | AM179: 44358.238 | AN179: 0.50000763 | AO179: 44358.326 | AP179: 2.6699905 | AQ179: 44358.686 | AR179: 8.8399963
Y180: 44354.73 | Z180: 64.651947 | AA180: 44356.37 | AB180: 6.5199986 | AC180: 44355.982 | AD180: 36.659988 | AE180: 44356.728 | AF180: 15.370041 | AI180: 44359.479 | AJ180: 4.2200012 | AK180: 44360.192 | AL180: 13.020012 | AM180: 44358.239 | AN180: 0.88000488 | AO180: 44358.354 | AP180: 3.1899872 | AQ180: 44358.7 | AR180: 9.3899918
Y181: 44354.77 | Z181: 65.152054 | AA181: 44356.37 | AB181: 5.8799987 | AC181: 44355.984 | AD181: 37.169998 | AE181: 44356.742 | AF181: 15.890038 | AI181: 44359.522 | AJ181: 4.7299881 | AK181: 44360.212 | AL181: 0 | AM181: 44358.618 | AN181: 0.88000488 | AO181: 44358.356 | AP181: 3.6899948 | AQ181: 44358.725 | AR181: 9.8999939
Y182: 44354.77 | Z182: 65.652161 | AA182: 44356.397 | AB182: 6.4099984 | AC182: 44355.995 | AD182: 37.679985 | AE182: 44356.767 | AF182: 16.400032 | AI182: 44359.536 | AJ182: 5.3099899 | AK182: 44360.24 | AL182: 0.51000214 | AM182: 44358.647 | AN182: 1.3800125 | AO182: 44358.537 | AP182: 4.2099762 | AQ182: 44358.738 | AR182: 10.400002
Y183: 44354.77 | Z183: 66.16227 | AA183: 44356.397 | AB183: 6.9299984 | AC183: 44355.996 | AD183: 38.179993 | AE183: 44356.781 | AF183: 16.920044 | AI183: 44359.562 | AJ183: 5.8399963 | AK183: 44360.283 | AL183: 1.0100098 | AM183: 44358.662 | AN183: 1.8899994 | AO183: 44358.559 | AP183: 4.719986 | AQ183: 44358.739 | AR183: 10.559998
Y184: 44354.77 | Z184: 66.682373 | AA184: 44356.397 | AB184: 7.5899982 | AC184: 44356.026 | AD184: 38.689995 | AE184: 44356.813 | AF184: 17.430038 | AI184: 44359.6 | AJ184: 6.340004 | AK184: 44360.322 | AL184: 1.5199966 | AM184: 44358.687 | AN184: 2.4000015 | AO184: 44358.573 | AP184: 5.2399826 | AQ184: 44358.744 | AR184: 10.559998
Y185: 44354.771 | Z185: 67.182472 | AA185: 44356.41 | AB185: 6.9399981 | AC185: 44356.038 | AD185: 39.199989 | AE185: 44356.827 | AF185: 17.940033 | AI185: 44359.644 | AJ185: 6.890007 | AK185: 44360.366 | AL185: 2.0299988 | AM185: 44358.702 | AN185: 2.9100037 | AO185: 44358.606 | AP185: 5.7499847 | AQ185: 44358.892 | AR185: 11.060005
Y186: 44354.789 | Z186: 67.682526 | AA186: 44356.41 | AB186: 7.4499979 | AC186: 44356.04 | AD186: 39.719994 | AE186: 44356.847 | AF186: 18.490028 | AI186: 44359.658 | AJ186: 7.4500046 | AK186: 44360.392 | AL186: 2.5399933 | AM186: 44358.726 | AN186: 3.4300079 | AO186: 44358.62 | AP186: 6.2599945 | AQ186: 44358.906 | AR186: 11.570007
Y187: 44354.79 | Z187: 68.192589 | AA187: 44356.411 | AB187: 7.9499984 | AC187: 44356.067 | AD187: 40.23999 | AE187: 44356.861 | AF187: 19.000023 | AI187: 44359.698 | AJ187: 7.9599915 | AK187: 44360.475 | AL187: 3.0599899 | AM187: 44358.74 | AN187: 3.9400024 | AO187: 44358.649 | AP187: 6.769989 | AQ187: 44358.938 | AR187: 12.080002
... Y275: 44355.037 | Z275: 112.87032 | AA275: 44357.576 | AB275: 14.449999 | AC275: 44357.102 | AD275: 37.850006 | AE275: 44358.651 | AF275: 7.2499847 | AI275: 44362.067 | AJ275: 16.779991 | AK275: 44363.979 | AL275: 11.990036 | AM275: 44361.443 | AN275: 4.590004 | AO275: 44361.155 | AP275: 15.980003 | AQ275: 44361.112 | AR275: 14.470016
Y276: 44355.037 | Z276: 113.39043 | AA276: 44357.6 | AB276: 14.969998 | AC276: 44357.115 | AD276: 38.350014 | AE276: 44358.653 | AF276: 7.7599792 | AI276: 44362.094 | AJ276: 17.289993 | AM276: 44361.453 | AN276: 5.1200027 | AO276: 44361.179 | AP276: 16.520004 | AQ276: 44361.126 | AR276: 15.000015
Y277: 44355.038 | Z277: 113.89053 | AA277: 44357.614 | AB277: 15.479999 | AC277: 44357.143 | AD277: 38.880013 | AE277: 44358.655 | AF277: 8.2799835 | AI277: 44362.139 | AJ277: 17.79998 | AM277: 44361.479 | AN277: 5.6200104 | AO277: 44361.192 | AP277: 17.040009 | AQ277: 44361.139 | AR277: 15.52002
Y278: 44355.038 | Z278: 114.41064 | AA278: 44357.614 | AB278: 16 | AC278: 44357.144 | AD278: 39.400009 | AE278: 44358.656 | AF278: 8.7899857 | AI278: 44362.153 | AJ278: 18.349976 | AM278: 44361.493 | AN278: 6.1299973 | AO278: 44361.212 | AP278: 0 | AQ278: 44361.153 | AR278: 16.030014
Y279: 44355.069 | Z279: 114.91076 | AA279: 44357.624 | AB279: 15.419996 | AC279: 44357.157 | AD279: 39.900017 | AE279: 44358.691 | AF279: 9.2999878 | AI279: 44362.192 | AJ279: 18.85997 | AM279: 44361.522 | AN279: 6.6300049 | AO279: 44361.229 | AP279: 0.52000427 | AQ279: 44361.176 | AR279: 16.530022
Y280: 44355.069 | Z280: 115.43084 | AA280: 44357.624 | AB280: 15.969996 | AC280: 44357.159 | AD280: 40.400024 | AE280: 44358.704 | AF280: 9.8299866 | AI280: 44362.212 | AJ280: 0 | AM280: 44361.538 | AN280: 7.1399994 | AO280: 44361.245 | AP280: 1.0200119 | AQ280: 44361.19 | AR280: 17.040016
Y281: 44355.07 | Z281: 115.94095 | AA281: 44357.625 | AB281: 16.479996 | AC281: 44357.18 | AD281: 40.920029 | AE281: 44358.73 | AF281: 10.329994 | AI281: 44362.236 | AJ281: 0.50999451 | AM281: 44361.578 | AN281: 7.6500015 | AO281: 44361.274 | AP281: 1.5400009 | AQ281: 44361.212 | AR281: 0
Y282: 44355.07 | Z282: 116.45105 | AA282: 44357.66 | AB282: 17.020002 | AC282: 44357.181 | AD282: 41.460022 | AE282: 44358.744 | AF282: 10.859993 | AI282: 44362.264 | AJ282: 1.0100021 | AM282: 44361.612 | AN282: 8.1500092 | AO282: 44361.289 | AP282: 2.0499878 | AQ282: 44361.241 | AR282: 0.52000427
Y283: 44355.07 | Z283: 116.97116 | AA283: 44357.66 | AB283: 17.550003 | AC283: 44357.194 | AD283: 41.96003 | AE283: 44358.744 | AF283: 10.790001 | AI283: 44362.311 | AJ283: 1.5499954 | AM283: 44361.621 | AN283: 8.6600113 | AO283: 44361.31 | AP283: 2.5599976 | AQ283: 44361.442 | AR283: 1.0399933
Y284: 44355.07 | Z284: 117.54127 | AA284: 44357.661 | AB284: 18.150009 | AC284: 44357.212 | AD284: 0 | AE284: 44358.744 | AF284: 10.879997 | AI284: 44362.322 | AJ284: 2.0500031 | AM284: 44361.648 | AN284: 9.1900024 | AO284: 44361.322 | AP284: 3.0600052 | AQ284: 44361.451 | AR284: 1.5400009
Y285: 44355.08 | Z285: 118.05137 | AA285: 44357.728 | AB285: 18.660007 | AC285: 44357.226 | AD285: 0.51000214 | AE285: 44358.779 | AF285: 11.409996 | AI285: 44362.322 | AJ285: 2.1500015 | AM285: 44361.661 | AN285: 9.6999969 | AO285: 44361.351 | AP285: 3.5600128 | AQ285: 44361.465 | AR285: 2.0500031
Y286: 44355.081 | Z286: 118.56147 | AA286: 44357.728 | AB286: 19.220005 | AC286: 44357.239 | AD286: 1.0100098 | AE286: 44358.781 | AF286: 11.919998 | AI286: 44362.648 | AJ286: 2.1500015 | AM286: 44361.691 | AN286: 10.219994 | AO286: 44361.373 | AP286: 4.0699921 | AQ286: 44361.478 | AR286: 2.5599976
Y287: 44355.081 | Z287: 119.08158 | AA287: 44357.741 | AB287: 18.630007 | AC287: 44357.24 | AD287: 1.5300064 | AE287: 44358.812 | AF287: 12.43 | AI287: 44363.052 | AJ287: 2.1500015 | AM287: 44361.699 | AN287: 10.730003 | AO287: 44361.375 | AP287: 4.5699997 | AQ287: 44361.492 | AR287: 3.0699921
... Y317: 44355.203 | Z317: 134.37067 | AA317: 44358.113 | AB317: 31.090027 | AC317: 44357.602 | AD317: 16.890022 | AE317: 44359.154 | AF317: 27.750015 | AI317: 44363.991 | AJ317: 12.040001 | AM317: 44362.648 | AN317: 2.6999969 | AO317: 44362.155 | AP317: 19.990021 | AQ317: 44362.139 | AR317: 18.490021
Y318: 44355.203 | Z318: 134.90051 | AA318: 44358.113 | AB318: 31.590036 | AC318: 44357.615 | AD318: 17.39003 | AE318: 44359.187 | AF318: 28.26001 | AM318: 44363.053 | AN318: 2.6999969 | AO318: 44362.18 | AP318: 20.510017 | AQ318: 44362.178 | AR318: 18.990028
Y319: 44355.203 | Z319: 135.42033 | AA319: 44358.113 | AB319: 32.130043 | AC319: 44357.616 | AD319: 17.900032 | AE319: 44359.201 | AF319: 28.770012 | AM319: 44363.067 | AN319: 3.2099915 | AO319: 44362.194 | AP319: 21.020027 | AQ319: 44362.192 | AR319: 19.490036
Y320: 44355.212 | Z320: 0 | AA320: 44358.15 | AB320: 32.640049 | AC320: 44357.648 | AD320: 18.410034 | AE320: 44359.212 | AF320: 0 | AM320: 44363.113 | AN320: 3.7299957 | AO320: 44362.212 | AP320: 0 | AQ320: 44362.212 | AR320: 0
Y321: 44355.219 | Z321: 0.51000023 | AA321: 44358.15 | AB321: 33.160034 | AC321: 44357.649 | AD321: 18.920029 | AE321: 44359.229 | AF321: 0.55999756 | AM321: 44363.141 | AN321: 4.2300034 | AO321: 44362.225 | AP321: 0.51000214 | AQ321: 44362.236 | AR321: 0.50999451
Y322: 44355.22 | Z322: 1.0300007 | AA322: 44358.181 | AB322: 33.700008 | AC322: 44357.662 | AD322: 19.420036 | AE322: 44359.268 | AF322: 1.0699997 | AM322: 44363.184 | AN322: 4.7399979 | AO322: 44362.239 | AP322: 1.0200043 | AQ322: 44362.264 | AR322: 1.0299988
Y323: 44355.22 | Z323: 1.5400009 | AA323: 44358.181 | AB323: 34.239967 | AC323: 44357.684 | AD323: 19.930038 | AE323: 44359.282 | AF323: 1.5700073 | AM323: 44363.198 | AN323: 5.2599869 | AO323: 44362.267 | AP323: 1.5299988 | AQ323: 44362.278 | AR323: 1.5399933
Y324: 44355.22 | Z324: 2.0600014 | AA324: 44358.212 | AB324: 0 | AC324: 44357.686 | AD324: 20.460037 | AE324: 44359.283 | AF324: 2.0800095 | AM324: 44363.212 | AN324: 0 | AO324: 44362.281 | AP324: 2.0599976 | AQ324: 44362.308 | AR324: 2.0499878
Y325: 44355.221 | Z325: 2.5799999 | AA325: 44358.227 | AB325: 0.51999998 | AC325: 44357.699 | AD325: 21.000038 | AE325: 44359.315 | AF325: 2.5900116 | AM325: 44363.236 | AN325: 0.50999451 | AO325: 44362.314 | AP325: 2.5699921 | AQ325: 44362.322 | AR325: 2.5499954
Y326: 44355.233 | Z326: 3.0900002 | AA326: 44358.227 | AB326: 1.05 | AC326: 44357.7 | AD326: 21.500046 | AE326: 44359.355 | AF326: 3.1000061 | AM326: 44363.262 | AN326: 1.0199966 | AO326: 44362.324 | AP326: 3.0799942 | AQ326: 44362.322 | AR326: 2.7499924
Y327: 44355.233 | Z327: 3.6300011 | AA327: 44358.243 | AB327: 1.5799999 | AC327: 44357.703 | AD327: 22.01004 | AE327: 44359.369 | AF327: 3.6100006 | AM327: 44363.276 | AN327: 1.5299911 | AO327: 44362.325 | AP327: 3.4599991 | AQ327: 44362.648 | AR327: 2.7499924
Y328: 44355.234 | Z328: 4.1500015 | AA328: 44358.243 | AB328: 2.1099997 | AC328: 44357.705 | AD328: 22.530045 | AE328: 44359.397 | AF328: 4.1200027 | AM328: 44363.301 | AN328: 2.0399857 | AO328: 44362.648 | AP328: 3.4599991 | AQ328: 44363.052 | AR328: 2.7499924
Y329: 44355.234 | Z329: 4.6700001 | AA329: 44358.27 | AB329: 2.6299994 | AC329: 44357.707 | AD329: 23.040039 | AE329: 44359.41 | AF329: 4.6200104 | AM329: 44363.318 | AN329: 2.5699921 | AO329: 44363.053 | AP329: 3.4599991 | AQ329: 44363.066 | AR329: 3.269989
... Y348: 44355.313 | Z348: 14.490004 | AA348: 44358.627 | AB348: 12.980004 | AC348: 44357.936 | AD348: 32.750046 | AE348: 44359.729 | AF348: 14.310013 | AM348: 44363.736 | AN348: 11.41996 | AO348: 44363.553 | AP348: 5.0100098 | AQ348: 44363.477 | AR348: 6.3899918
Y349: 44355.314 | Z349: 15.000004 | AA349: 44358.627 | AB349: 13.510003 | AC349: 44357.949 | AD349: 33.260056 | AE349: 44359.74 | AF349: 14.820023 | AO349: 44363.567 | AP349: 5.5200119 | AQ349: 44363.506 | AR349: 6.8999863
Y350: 44355.314 | Z350: 15.530005 | AA350: 44358.627 | AB350: 14.060006 | AC350: 44357.95 | AD350: 33.760063 | AE350: 44359.742 | AF350: 15.350014 | AO350: 44363.594 | AP350: 6.0400085 | AQ350: 44363.519 | AR350: 7.3999939
Y351: 44355.343 | Z351: 16.040003 | AA351: 44358.628 | AB351: 14.640004 | AC351: 44357.973 | AD351: 34.270058 | AE351: 44359.843 | AF351: 15.860016 | AO351: 44363.607 | AP351: 6.5400162 | AQ351: 44363.549 | AR351: 7.9199982
Y352: 44355.344 | Z352: 16.550003 | AA352: 44358.628 | AB352: 15.190003 | AC352: 44357.975 | AD352: 34.800064 | AE352: 44359.845 | AF352: 16.370018 | AO352: 44363.664 | AP352: 7.0500183 | AQ352: 44363.563 | AR352: 8.4399948
Y353: 44355.344 | Z353: 17.080002 | AA353: 44358.628 | AB353: 15.710004 | AC353: 44357.988 | AD353: 35.320068 | AE353: 44359.846 | AF353: 16.88002 | AO353: 44363.681 | AP353: 7.5600204 | AQ353: 44363.591 | AR353: 8.9499893
Y354: 44355.344 | Z354: 17.600002 | AA354: 44358.657 | AB354: 16.229996 | AC354: 44358.014 | AD354: 35.820076 | AE354: 44359.856 | AF354: 17.390007 | AO354: 44363.768 | AP354: 8.0700226 | AQ354: 44363.605 | AR354: 9.4599915
Y355: 44355.357 | Z355: 18.140003 | AA355: 44358.657 | AB355: 16.75 | AC355: 44358.016 | AD355: 36.360077 | AE355: 44359.858 | AF355: 17.890015 | AO355: 44363.787 | AP355: 8.5900116 | AQ355: 44363.635 | AR355: 9.9699936
Y356: 44355.358 | Z356: 18.650002 | AA356: 44358.657 | AB356: 17.279995 | AC356: 44358.028 | AD356: 36.920067 | AE356: 44359.859 | AF356: 18.400009 | AO356: 44363.789 | AP356: 9.1000061 | AQ356: 44363.649 | AR356: 10.47998
Y357: 44355.358 | Z357: 19.200003 | AA357: 44358.658 | AB357: 17.809998 | AC357: 44358.03 | AD357: 37.440063 | AE357: 44359.884 | AF357: 18.920013 | AQ357: 44363.693 | AR357: 10.989983
Y358: 44355.358 | Z358: 19.740002 | AA358: 44358.658 | AB358: 18.339996 | AC358: 44358.054 | AD358: 37.940071 | AE358: 44359.886 | AF358: 19.420021 | AQ358: 44363.72 | AR358: 11.48999
Y359: 44355.359 | Z359: 20.260002 | AA359: 44358.658 | AB359: 18.859997 | AC359: 44358.056 | AD359: 38.450066 | AE359: 44359.887 | AF359: 19.930023 | AQ359: 44363.734 | AR359: 11.999985
Y360: 44355.392 | Z360: 20.77 | AA360: 44358.659 | AB360: 19.360001 | AC360: 44358.069 | AD360: 38.970062 | AE360: 44359.899 | AF360: 20.440018 | AQ360: 44363.766 | AR360: 12.529976
Y361: 44355.392 | Z361: 21.320002 | AA361: 44358.659 | AB361: 19.880001 | AC361: 44358.099 | AD361: 39.47007 | AE361: 44359.925 | AF361: 20.940025 | AQ361: 44363.767 | AR361: 13.039978
Y362: 44355.393 | Z362: 21.84 | AA362: 44358.663 | AB362: 20.449997 | AC362: 44358.101 | AD362: 39.980064 | AE362: 44359.938 | AF362: 21.450027 | AQ362: 44363.781 | AR362: 13.539986
Y363: 44355.393 | Z363: 22.35 | AA363: 44358.663 | AB363: 21.019997 | AC363: 44358.114 | AD363: 40.480072 | AE363: 44359.976 | AF363: 21.96003 | AQ363: 44363.807 | AR363: 14.049973
Y364: 44355.393 | Z364: 22.870001 | AA364: 44358.663 | AB364: 21.579998 | AC364: 44358.115 | AD364: 41.000069 | AE364: 44359.99 | AF364: 22.470032 | AQ364: 44363.821 | AR364: 14.559959
Y365: 44355.438 | Z365: 23.379999 | AA365: 44358.689 | AB365: 22.089996 | AC365: 44358.137 | AD365: 41.500076 | AE365: 44360.014 | AF365: 22.980026 | AQ365: 44363.822 | AR365: 15.079964
Y366: 44355.439 | Z366: 23.899996 | AA366: 44358.689 | AB366: 22.599995 | AC366: 44358.15 | AD366: 42.010063 | AE366: 44360.028 | AF366: 23.500031 | AQ366: 44363.85 | AR366: 15.579971
Y367: 44355.439 | Z367: 24.409994 | AA367: 44358.69 | AB367: 23.16 | AC367: 44358.152 | AD367: 42.520073 | AE367: 44360.054 | AF367: 24.010025 | AQ367: 44363.864 | AR367: 16.089966
Y368: 44355.439 | Z368: 24.939993 | AA368: 44358.69 | AB368: 23.699997 | AC368: 44358.181 | AD368: 43.060081 | AE368: 44360.067 | AF368: 24.52002 | AQ368: 44363.895 | AR368: 16.599976
... Y375: 44355.463 | Z375: 28.549994 | AA375: 44358.729 | AB375: 27.399998 | AC375: 44358.243 | AD375: 1.5500107 | AE375: 44360.212 | AF375: 0 | AQ375: 44363.991 | AR375: 20.209969
Y376: 44355.464 | Z376: 29.069996 | AA376: 44358.742 | AB376: 27.66 | AC376: 44358.271 | AD376: 2.0600128 | AE376: 44360.229 | AF376: 0.50000763
Y377: 44355.464 | Z377: 29.579994 | AA377: 44358.744 | AB377: 27.66 | AC377: 44358.272 | AD377: 2.6000137 | AE377: 44360.243 | AF377: 1.0100021
Y378: 44355.464 | Z378: 30.109993 | AA378: 44359.066 | AB378: 28.189999 | AC378: 44358.285 | AD378: 3.1200104 | AE378: 44360.274 | AF378: 1.5199966
Y379: 44355.464 | Z379: 30.629993 | AA379: 44359.066 | AB379: 28.710003 | AC379: 44358.286 | AD379: 3.6300125 | AE379: 44360.286 | AF379: 2.0299988
Y380: 44355.477 | Z380: 31.139997 | AA380: 44359.066 | AB380: 29.23 | AC380: 44358.313 | AD380: 4.1500015 | AE380: 44360.313 | AF380: 2.5300064
Y381: 44355.478 | Z381: 31.640009 | AA381: 44359.066 | AB381: 29.84 | AC381: 44358.315 | AD381: 4.6500092 | AE381: 44360.324 | AF381: 3.030014
Y382: 44355.478 | Z382: 32.160004 | AA382: 44359.111 | AB382: 30.369999 | AC382: 44358.327 | AD382: 5.1600113 | AE382: 44360.326 | AF382: 3.5500107
Y383: 44355.478 | Z383: 32.669991 | AA383: 44359.111 | AB383: 30.920002 | AC383: 44358.329 | AD383: 5.6700134 | AE383: 44360.355 | AF383: 4.0699997
Y384: 44355.478 | Z384: 33.179993 | AA384: 44359.153 | AB384: 31.490005 | AC384: 44358.331 | AD384: 6.1900101 | AE384: 44360.357 | AF384: 4.5700073
Y385: 44355.522 | Z385: 33.68998 | AA385: 44359.153 | AB385: 32.020004 | AC385: 44358.357 | AD385: 6.7099991 | AE385: 44360.369 | AF385: 5.0800095
Y386: 44355.522 | Z386: 34.19001 | AA386: 44359.202 | AB386: 32.540012 | AC386: 44358.359 | AD386: 7.2399979 | AE386: 44360.396 | AF386: 5.590004
Y387: 44355.522 | Z387: 34.720047 | AA387: 44359.202 | AB387: 33.060009 | AC387: 44358.485 | AD387: 7.75 | AE387: 44360.409 | AF387: 6.0900116
... Y549: 44356.185 | Z549: 117.18047 | AA549: 44361.291 | AB549: 2.0900002 | AC549: 44360.492 | AD549: 10.23999 | AE549: 44363.984 | AF549: 20.610046
...

Sheet Sheet3
B1: \\wsmlmes\WSMLPI_MDB\WSMLPI ModuleDB\Anglo Platinum\Smelters\Waterval Smelter\Hot Metals\Slag Cleaning Furnace 1\Feed\Profile|ACE.Profile.Delta.Port13 | D1: \\wsmlmes\WSMLPI_MDB\WSMLPI ModuleDB\Anglo Platinum\Smelters\Waterval Smelter\Hot Metals\Slag Cleaning Furnace 1\Feed\Profile|ACE.Profile.Delta.Port6 | F1: \\wsmlmes\WSMLPI_MDB\WSMLPI ModuleDB\Anglo Platinum\Smelters\Waterval Smelter\Hot Metals\Slag Cleaning Furnace 1\Feed\Profile|ACE.Profile.Delta.Port9 | H1: \\wsmlmes\WSMLPI_MDB\WSMLPI ModuleDB\Anglo Platinum\Smelters\Waterval Smelter\Hot Metals\Slag Cleaning Furnace 1\Feed\Profile|ACE.Profile.Total.Centre | J1: \\wsmlmes\WSMLPI_MDB\WSMLPI ModuleDB\Anglo Platinum\Smelters\Waterval Smelter\Hot Metals\Slag Cleaning Furnace 1\Feed\Profile|ACE.Profile.Total.Delta | L1: \\wsmlmes\WSMLPI_MDB\WSMLPI ModuleDB\Anglo Platinum\Smelters\Waterval Smelter\Hot Metals\Slag Cleaning Furnace 1\Feed\Profile|ACE.Profile.Total.Wall | N1: \\wsmlmes\WSMLPI_MDB\WSMLPI ModuleDB\Anglo Platinum\Smelters\Waterval Smelter\Hot Metals\Slag Cleaning Furnace 1\Feed\Profile|ACE.Profile.Wall.Port10 | P1: \\wsmlmes\WSMLPI_MDB\WSMLPI ModuleDB\Anglo Platinum\Smelters\Waterval Smelter\Hot Metals\Slag Cleaning Furnace 1\Feed\Profile|ACE.Profile.Wall.Port12 | R1: \\wsmlmes\WSMLPI_MDB\WSMLPI ModuleDB\Anglo Platinum\Smelters\Waterval Smelter\Hot Metals\Slag Cleaning Furnace 1\Feed\Profile|ACE.Profile.Wall.Port14 | T1: \\wsmlmes\WSMLPI_MDB\WSMLPI ModuleDB\Anglo Platinum\Smelters\Waterval Smelter\Hot Metals\Slag Cleaning Furnace 1\Feed\Profile|ACE.Profile.Wall.Port5 | V1: \\wsmlmes\WSMLPI_MDB\WSMLPI ModuleDB\Anglo Platinum\Smelters\Waterval Smelter\Hot Metals\Slag Cleaning Furnace 1\Feed\Profile|ACE.Profile.Wall.Port7 | X1: \\wsmlmes\WSMLPI_MDB\WSMLPI ModuleDB\Anglo Platinum\Smelters\Waterval Smelter\Hot Metals\Slag Cleaning Furnace 1\Feed\Profile|ACE.Profile.Wall.Port8 | Z1: \\wsmlmes\WSMLPI_MDB\WSMLPI ModuleDB\Anglo Platinum\Smelters\Waterval Smelter\Hot Metals\Slag Cleaning Furnace 1\Feed\Profile|WACS.Centre.Port11.tot | AB1: \\wsmlmes\WSMLPI_MDB\WSMLPI ModuleDB\Anglo Platinum\Smelters\Waterval Smelter\Hot Metals\Slag Cleaning Furnace 1\Feed\Profile|WACS.Delta.Port13.tot | AD1: \\wsmlmes\WSMLPI_MDB\WSMLPI ModuleDB\Anglo Platinum\Smelters\Waterval Smelter\Hot Metals\Slag Cleaning Furnace 1\Feed\Profile|WACS.Delta.Port6.tot | AF1: \\wsmlmes\WSMLPI_MDB\WSMLPI ModuleDB\Anglo Platinum\Smelters\Waterval Smelter\Hot Metals\Slag Cleaning Furnace 1\Feed\Profile|WACS.Delta.Port9.tot | AH1: \\wsmlmes\WSMLPI_MDB\WSMLPI ModuleDB\Anglo Platinum\Smelters\Waterval Smelter\Hot Metals\Slag Cleaning Furnace 1\Feed\Profile|WACS.Wall.Port10.tot | AJ1: \\wsmlmes\WSMLPI_MDB\WSMLPI ModuleDB\Anglo Platinum\Smelters\Waterval Smelter\Hot Metals\Slag Cleaning Furnace 1\Feed\Profile|WACS.Wall.Port12.tot | AL1: \\wsmlmes\WSMLPI_MDB\WSMLPI ModuleDB\Anglo Platinum\Smelters\Waterval Smelter\Hot Metals\Slag Cleaning Furnace 1\Feed\Profile|WACS.Wall.Port14.tot | AN1: \\wsmlmes\WSMLPI_MDB\WSMLPI ModuleDB\Anglo Platinum\Smelters\Waterval Smelter\Hot Metals\Slag Cleaning Furnace 1\Feed\Profile|WACS.Wall.Port5.tot | AP1: \\wsmlmes\WSMLPI_MDB\WSMLPI ModuleDB\Anglo Platinum\Smelters\Waterval Smelter\Hot Metals\Slag Cleaning Furnace 1\Feed\Profile|WACS.Wall.Port7.tot | AR1: \\wsmlmes\WSMLPI_MDB\WSMLPI ModuleDB\Anglo Platinum\Smelters\Waterval Smelter\Hot Metals\Slag Cleaning Furnace 1\Feed\Profile|WACS.Wall.Port8.tot
A2: {=_xll.PICompDat(Sheet3!$B$1,"2021-07-25","2021-07-30",9,"","inside")} -> 44402.208 | B2: 32.382572 | C2: {=_xll.PICompDat(Sheet3!$D$1,"2021-07-25","2021-07-30",9,"","inside")} -> 44402.208 | D2: 34.342987 | E2: {=_xll.PICompDat(Sheet3!$F$1,"2021-07-25","2021-07-30",9,"","inside")} -> 44402.208 | F2: 33.274441 | G2: {=_xll.PICompDat(Sheet3!$H$1,"2021-07-25","2021-07-30",9,"","inside")} -> 44402.208 | H2: 40.616993 | I2: {=_xll.PICompDat(Sheet3!$J$1,"2021-07-25","2021-07-30",9,"","inside")} -> 44402.208 | J2: 40.616993 | K2: {=_xll.PICompDat(Sheet3!$L$1,"2021-07-25","2021-07-30",9,"","inside")} -> 44402.208 | L2: 26.55961 | M2: {=_xll.PICompDat(Sheet3!$N$1,"2021-07-25","2021-07-30",9,"","inside")} -> 44402.208 | N2: 8.0541296 | O2: {=_xll.PICompDat(Sheet3!$P$1,"2021-07-25","2021-07-30",9,"","inside")} -> 44402.208 | P2: 18.902115 | Q2: {=_xll.PICompDat(Sheet3!$R$1,"2021-07-25","2021-07-30",9,"","inside")} -> 44402.208 | R2: 8.5561476 | S2: {=_xll.PICompDat(Sheet3!$T$1,"2021-07-25","2021-07-30",9,"","inside")} -> 44402.208 | T2: 26.55961 | U2: {=_xll.PICompDat(Sheet3!$V$1,"2021-07-25","2021-07-30",9,"","inside")} -> 44402.208 | V2: 19.480543 | W2: {=_xll.PICompDat(Sheet3!$X$1,"2021-07-25","2021-07-30",9,"","inside")} -> 44402.208 | X2: 21.925121 | Y2: {=_xll.PICompDat(Sheet3!$Z$1,"2021-07-25","2021-07-30",9,"","inside")} -> 44402.018 | Z2: 107.71968 | AA2: {=_xll.PICompDat(Sheet3!$AB$1,"2021-07-25","2021-07-30",9,"","inside")} -> 44402.027 | AB2: 29.410017 | AC2: {=_xll.PICompDat(Sheet3!$AD$1,"2021-07-25","2021-07-30",9,"","inside")} -> 44402.027 | AD2: 29.649979 | AE2: {=_xll.PICompDat(Sheet3!$AF$1,"2021-07-25","2021-07-30",9,"","inside")} -> 44402.027 | AF2: 30.029984 | AG2: {=_xll.PICompDat(Sheet3!$AH$1,"2021-07-25","2021-07-30",9,"","inside")} -> 44402.039 | AH2: 5.1700211 | AI2: {=_xll.PICompDat(Sheet3!$AJ$1,"2021-07-25","2021-07-30",9,"","inside")} -> 44402.023 | AJ2: 14.590012 | AK2: {=_xll.PICompDat(Sheet3!$AL$1,"2021-07-25","2021-07-30",9,"","inside")} -> 44402.024 | AL2: 5.7199936 | AM2: {=_xll.PICompDat(Sheet3!$AN$1,"2021-07-25","2021-07-30",9,"","inside")} -> 44402.024 | AN2: 16.530022 | AO2: {=_xll.PICompDat(Sheet3!$AP$1,"2021-07-25","2021-07-30",9,"","inside")} -> 44402.025 | AP2: 13.620018 | AQ2: {=_xll.PICompDat(Sheet3!$AR$1,"2021-07-25","2021-07-30",9,"","inside")} -> 44402.178 | AR2: 19.060013
A3: 44402.208 | B3: 27.876688 | C3: 44402.208 | D3: 37.228489 | E3: 44402.208 | F3: 34.894821 | G3: 44402.208 | H3: 39.717865 | I3: 44402.208 | J3: 39.717865 | K3: 44402.208 | L3: 24.978222 | M3: 44402.208 | N3: 13.205716 | O3: 44402.208 | P3: 10.894432 | Q3: 44402.208 | R3: 15.023472 | S3: 44402.208 | T3: 24.978222 | U3: 44402.208 | V3: 23.02879 | W3: 44402.208 | X3: 15.55314 | Y3: 44402.018 | Z3: 108.22977 | AA3: 44402.027 | AB3: 29.94002 | AC3: 44402.029 | AD3: 30.159981 | AE3: 44402.029 | AF3: 30.539978 | AG3: 44402.062 | AH3: 5.7000122 | AI3: 44402.06 | AJ3: 15.100014 | AK3: 44402.061 | AL3: 6.2200012 | AM3: 44402.038 | AN3: 17.050018 | AO3: 44402.039 | AP3: 14.130013 | AQ3: 44402.194 | AR3: 19.580009
A4: 44403.208 | B4: 27.876688 | C4: 44403.208 | D4: 37.228489 | E4: 44403.208 | F4: 34.894821 | G4: 44403.208 | H4: 39.717865 | I4: 44403.208 | J4: 39.717865 | K4: 44403.208 | L4: 24.978222 | M4: 44403.208 | N4: 13.205716 | O4: 44403.208 | P4: 10.894432 | Q4: 44403.208 | R4: 15.023472 | S4: 44403.208 | T4: 24.978222 | U4: 44403.208 | V4: 23.02879 | W4: 44403.208 | X4: 15.55314 | Y4: 44402.019 | Z4: 108.73988 | AA4: 44402.027 | AB4: 29.320021 | AC4: 44402.041 | AD4: 30.679985 | AE4: 44402.042 | AF4: 31.039986 | AG4: 44402.102 | AH4: 6.2100067 | AI4: 44402.074 | AJ4: 15.710022 | AK4: 44402.1 | AL4: 6.7600021 | AM4: 44402.061 | AN4: 17.56002 | AO4: 44402.04 | AP4: 14.63002 | AQ4: 44402.203 | AR4: 20.090004
A5: 44403.208 | B5: 21.713308 | C5: 44403.208 | D5: 38.833168 | E5: 44403.208 | F5: 39.453522 | G5: 44403.208 | H5: 40.26828 | I5: 44403.208 | J5: 40.26828 | K5: 44403.208 | L5: 21.566305 | M5: 44403.208 | N5: 7.3113437 | O5: 44403.208 | P5: 8.6662149 | Q5: 44403.208 | R5: 11.00207 | S5: 44403.208 | T5: 21.566305 | U5: 44403.208 | V5: 13.66504 | W5: 44403.208 | X5: 31.417896 | Y5: 44402.019 | Z5: 109.24997 | AA5: 44402.041 | AB5: 29.830023 | AC5: 44402.043 | AD5: 31.189987 | AE5: 44402.064 | AF5: 31.549988 | AG5: 44402.124 | AH5: 6.8200073 | AI5: 44402.136 | AJ5: 16.230019 | AK5: 44402.137 | AL5: 7.2800064 | AM5: 44402.075 | AN5: 18.080017 | AO5: 44402.063 | AP5: 15.140015 | AQ5: 44402.214 | AR5: 0
A6: 44404.208 | B6: 21.713308 | C6: 44404.208 | D6: 38.833168 | E6: 44404.208 | F6: 39.453522 | G6: 44404.208 | H6: 40.26828 | I6: 44404.208 | J6: 40.26828 | K6: 44404.208 | L6: 21.566305 | M6: 44404.208 | N6: 7.3113437 | O6: 44404.208 | P6: 8.6662149 | Q6: 44404.208 | R6: 11.00207 | S6: 44404.208 | T6: 21.566305 | U6: 44404.208 | V6: 13.66504 | W6: 44404.208 | X6: 31.417896 | Y6: 44402.019 | Z6: 109.75007 | AA6: 44402.041 | AB6: 30.340025 | AC6: 44402.065 | AD6: 31.709991 | AE6: 44402.066 | AF6: 32.05999 | AG6: 44402.148 | AH6: 7.3800049 | AI6: 44402.145 | AJ6: 16.760025 | AK6: 44402.156 | AL6: 7.840004 | AM6: 44402.123 | AN6: 18.590019 | AO6: 44402.076 | AP6: 15.670013 | AQ6: 44402.229 | AR6: 0.51998901
A7: 44404.208 | B7: 33.96027 | C7: 44404.208 | D7: 31.00264 | E7: 44404.208 | F7: 35.03709 | G7: 44404.208 | H7: 36.799675 | I7: 44404.208 | J7: 36.799675 | K7: 44404.208 | L7: 28.855783 | M7: 44404.208 | N7: 13.216795 | O7: 44404.208 | P7: 20.606102 | Q7: 44404.208 | R7: 15.804191 | S7: 44404.208 | T7: 28.855783 | U7: 44404.208 | V7: 29.393936 | W7: 44404.208 | X7: 20.978977 | Y7: 44402.022 | Z7: 110.27017 | AA7: 44402.041 | AB7: 31.040022 | AC7: 44402.077 | AD7: 32.220001 | AE7: 44402.079 | AF7: 32.569984 | AG7: 44402.214 | AH7: 0 | AI7: 44402.156 | AJ7: 17.320023 | AK7: 44402.214 | AL7: 0 | AM7: 44402.137 | AN7: 19.100006 | AO7: 44402.102 | AP7: 16.230026 | AQ7: 44402.242 | AR7: 1.0299911
A8: 44405.208 | B8: 33.96027 | C8: 44405.208 | D8: 31.00264 | E8: 44405.208 | F8: 35.03709 | G8: 44405.208 | H8: 36.799675 | I8: 44405.208 | J8: 36.799675 | K8: 44405.208 | L8: 28.855783 | M8: 44405.208 | N8: 13.216795 | O8: 44405.208 | P8: 20.606102 | Q8: 44405.208 | R8: 15.804191 | S8: 44405.208 | T8: 28.855783 | U8: 44405.208 | V8: 29.393936 | W8: 44405.208 | X8: 20.978977 | Y8: 44402.022 | Z8: 110.78027 | AA8: 44402.077 | AB8: 31.580027 | AC8: 44402.079 | AD8: 32.730003 | AE8: 44402.104 | AF8: 33.069992 | AG8: 44402.278 | AH8: 0.51000214 | AI8: 44402.214 | AJ8: 0 | AK8: 44402.264 | AL8: 0.59999847 | AM8: 44402.146 | AN8: 19.600014 | AO8: 44402.124 | AP8: 16.760025 | AQ8: 44402.263 | AR8: 1.5699844
A9: 44405.208 | B9: 100 | C9: 44405.208 | D9: 0 | E9: 44405.208 | F9: 0 | G9: 44405.208 | H9: 38.728836 | I9: 44405.208 | J9: 38.728836 | K9: 44405.208 | L9: 42.098362 | M9: 44405.208 | N9: 24.802872 | O9: 44405.208 | P9: 27.16803 | Q9: 44405.208 | R9: 23.529413 | S9: 44405.208 | T9: 42.098362 | U9: 44405.208 | V9: 24.499685 | W9: 44405.208 | X9: 0 | Y9: 44402.022 | Z9: 111.29037 | AA9: 44402.077 | AB9: 32.120022 | AC9: 44402.103 | AD9: 33.230011 | AE9: 44402.106 | AF9: 33.579987 | AG9: 44402.28 | AH9: 1.0399933 | AI9: 44402.402 | AJ9: 0.54000854 | AK9: 44402.266 | AL9: 1.1100006 | AM9: 44402.156 | AN9: 20.130005 | AO9: 44402.147 | AP9: 17.280037 | AQ9: 44402.345 | AR9: 2.0799789
A10: 44406.208 | B10: 100 | C10: 44406.208 | D10: 0 | E10: 44406.208 | F10: 0 | G10: 44406.208 | H10: 38.728836 | I10: 44406.208 | J10: 38.728836 | K10: 44406.208 | L10: 42.098362 | M10: 44406.208 | N10: 24.802872 | O10: 44406.208 | P10: 27.16803 | Q10: 44406.208 | R10: 23.529413 | S10: 44406.208 | T10: 42.098362 | U10: 44406.208 | V10: 24.499685 | W10: 44406.208 | X10: 0 | Y10: 44402.022 | Z10: 111.81049 | AA10: 44402.103 | AB10: 32.670021 | AC10: 44402.105 | AD10: 33.750008 | AE10: 44402.127 | AF10: 34.079994 | AG10: 44402.3 | AH10: 1.640007 | AI10: 44402.43 | AJ10: 1.0800018 | AK10: 44402.346 | AL10: 1.6399918 | AM10: 44402.179 | AN10: 20.640007 | AO10: 44402.157 | AP10: 17.850037 | AQ10: 44402.36 | AR10: 2.6099701
A11: 44406.208 | B11: Bad Data | C11: 44406.208 | D11: Bad Data | E11: 44406.208 | F11: Bad Data | G11: 44406.208 | H11: Bad Data | I11: 44406.208 | J11: Bad Data | K11: 44406.208 | L11: Bad Data | M11: 44406.208 | N11: Bad Data | O11: 44406.208 | P11: Bad Data | Q11: 44406.208 | R11: Bad Data | S11: 44406.208 | T11: Bad Data | U11: 44406.208 | V11: Bad Data | W11: 44406.208 | X11: Bad Data | Y11: 44402.023 | Z11: 112.33058 | AA11: 44402.103 | AB11: 33.240021 | AC11: 44402.126 | AD11: 34.270004 | AE11: 44402.149 | AF11: 34.599998 | AG11: 44402.302 | AH11: 2.1500092 | AI11: 44402.473 | AJ11: 1.590004 | AK11: 44402.347 | AL11: 2.1599884 | AM11: 44402.195 | AN11: 21.150002 | AO11: 44402.214 | AP11: 0 | AQ11: 44402.388 | AR11: 3.1099777
Y12: 44402.023 | Z12: 112.84068 | AA12: 44402.162 | AB12: 33.810024 | AC12: 44402.128 | AD12: 34.780006 | AE12: 44402.151 | AF12: 35.119995 | AG12: 44402.362 | AH12: 2.6800079 | AI12: 44402.517 | AJ12: 2.1000061 | AK12: 44402.391 | AL12: 2.659996 | AM12: 44402.214 | AN12: 0 | AO12: 44402.394 | AP12: 0.51000214 | AQ12: 44402.401 | AR12: 3.6399765
Y13: 44402.023 | Z13: 113.34079 | AA13: 44402.163 | AB13: 34.360023 | AC13: 44402.15 | AD13: 35.290009 | AE13: 44402.16 | AF13: 35.639999 | AG13: 44402.364 | AH13: 3.1999969 | AI13: 44402.551 | AJ13: 2.6100082 | AK13: 44402.392 | AL13: 3.1699905 | AM13: 44402.243 | AN13: 0.51000214 | AO13: 44402.406 | AP13: 1.0199966 | AQ13: 44402.429 | AR13: 4.1599731
Y14: 44402.023 | Z14: 113.85089 | AA14: 44402.181 | AB14: 34.870022 | AC14: 44402.151 | AD14: 35.810005 | AE14: 44402.181 | AF14: 36.149986 | AG14: 44402.365 | AH14: 3.7000046 | AI14: 44402.569 | AJ14: 3.1700058 | AK14: 44402.403 | AL14: 3.679985 | AM14: 44402.263 | AN14: 1.0299988 | AO14: 44402.432 | AP14: 1.5299988 | AQ14: 44402.443 | AR14: 4.6599808
Y15: 44402.024 | Z15: 114.35099 | AA15: 44402.181 | AB15: 35.390022 | AC15: 44402.16 | AD15: 36.320007 | AE15: 44402.183 | AF15: 36.659988 | AG15: 44402.432 | AH15: 4.2200089 | AI15: 44402.595 | AJ15: 3.7500076 | AK15: 44402.43 | AL15: 4.1999817 | AM15: 44402.277 | AN15: 1.5300064 | AO15: 44402.445 | AP15: 2.0300064 | AQ15: 44402.472 | AR15: 5.1799774
Y16: 44402.024 | Z16: 114.85109 | AA16: 44402.181 | AB16: 35.910023 | AC16: 44402.162 | AD16: 36.840012 | AE16: 44402.197 | AF16: 37.169983 | AG16: 44402.488 | AH16: 4.7300262 | AI16: 44402.641 | AJ16: 4.3100128 | AK16: 44402.444 | AL16: 4.6999893 | AM16: 44402.299 | AN16: 2.0400085 | AO16: 44402.474 | AP16: 2.5400009 | AQ16: 44402.486 | AR16: 5.6899719
Y17: 44402.024 | Z17: 115.3612 | AA17: 44402.182 | AB17: 36.430023 | AC17: 44402.183 | AD17: 37.350006 | AE17: 44402.199 | AF17: 37.679977 | AG17: 44402.597 | AH17: 5.3000259 | AI17: 44402.676 | AJ17: 4.8200073 | AK17: 44402.487 | AL17: 5.2099915 | AM17: 44402.313 | AN17: 2.5400162 | AO17: 44402.476 | AP17: 3.0500031 | AQ17: 44402.517 | AR17: 6.2099762
Y18: 44402.024 | Z18: 115.8713 | AA18: 44402.182 | AB18: 37.240025 | AC18: 44402.198 | AD18: 37.860001 | AE18: 44402.214 | AF18: 0 | AG18: 44402.611 | AH18: 5.8300247 | AI18: 44402.691 | AJ18: 5.4000015 | AK18: 44402.532 | AL18: 5.7299957 | AM18: 44402.346 | AN18: 3.0500107 | AO18: 44402.519 | AP18: 3.5600128 | AQ18: 44402.531 | AR18: 6.7299728
Y19: 44402.025 | Z19: 116.37139 | AA19: 44402.182 | AB19: 36.670025 | AC19: 44402.199 | AD19: 38.370003 | AE19: 44402.233 | AF19: 0.51999664 | AG19: 44402.643 | AH19: 6.3400192 | AI19: 44402.744 | AJ19: 5.9199905 | AK19: 44402.571 | AL19: 6.2499924 | AM19: 44402.361 | AN19: 3.5700073 | AO19: 44402.533 | AP19: 4.070015 | AQ19: 44402.552 | AR19: 7.2399673
Y20: 44402.029 | Z20: 116.87153 | AA20: 44402.214 | AB20: 0 | AC20: 44402.208 | AD20: 38.889999 | AE20: 44402.235 | AF20: 1.0599976 | AG20: 44402.656 | AH20: 6.8500137 | AI20: 44402.935 | AJ20: 6.4199982 | AK20: 44402.61 | AL20: 6.7600021 | AM20: 44402.39 | AN20: 4.0900192 | AO20: 44402.534 | AP20: 4.5800171 | AQ20: 44402.731 | AR20: 7.7899628
Y21: 44402.029 | Z21: 117.38163 | AA21: 44402.231 | AB21: 0.50999832 | AC21: 44402.214 | AD21: 0 | AE21: 44402.247 | AF21: 1.5600052 | AG21: 44402.783 | AH21: 7.3700027 | AI21: 44402.949 | AJ21: 6.9300079 | AK21: 44402.654 | AL21: 7.3100052 | AM21: 44402.403 | AN21: 4.6300125 | AO21: 44402.554 | AP21: 5.1200104 | AQ21: 44402.743 | AR21: 8.2899704
Y22: 44402.061 | Z22: 117.89169 | AA22: 44402.231 | AB22: 1.0299988 | AC22: 44402.233 | AD22: 0.50000763 | AE22: 44402.249 | AF22: 2.0699997 | AG22: 44402.813 | AH22: 7.8799973 | AI22: 44403.022 | AJ22: 7.4500046 | AK22: 44402.77 | AL22: 7.8199997 | AM22: 44402.431 | AN22: 5.140007 | AO22: 44402.573 | AP22: 5.620018 | AQ22: 44402.935 | AR22: 8.789978
Y23: 44402.062 | Z23: 118.42177 | AA23: 44402.232 | AB23: 1.5499992 | AC23: 44402.245 | AD23: 1.0200043 | AE23: 44402.27 | AF23: 2.5800018 | AG23: 44402.846 | AH23: 8.3899918 | AI23: 44403.032 | AJ23: 8.0000076 | AK23: 44402.783 | AL23: 8.3600006 | AM23: 44402.444 | AN23: 5.6400146 | AO23: 44402.598 | AP23: 6.1300201 | AQ23: 44402.949 | AR23: 9.2899857
... Y67: 44402.23 | Z67: 0.52000046 | AA67: 44402.861 | AB67: 18.480005 | AC67: 44402.748 | AD67: 23.69001 | AE67: 44402.815 | AF67: 25.350044 | AG67: 44406.214 | AH67: 0 | AI67: 44405.315 | AJ67: 1.5600033 | AK67: 44404.974 | AL67: 6.7799988 | AM67: 44403.562 | AN67: 7.5300331 | AO67: 44404.185 | AP67: 5.8500099 | AQ67: 44403.575 | AR67: 8.140007
Y68: 44402.23 | Z68: 1.0499992 | AA68: 44402.861 | AB68: 19.040007 | AC68: 44402.772 | AD68: 24.200005 | AE68: 44402.817 | AF68: 25.860046 | AI68: 44405.348 | AJ68: 2.0600052 | AK68: 44405.214 | AL68: 0.010000229 | AM68: 44403.575 | AN68: 7.5300331 | AO68: 44404.214 | AP68: 0 | AQ68: 44403.575 | AR68: 8.1800079
Y69: 44402.23 | Z69: 1.5600014 | AA69: 44402.861 | AB69: 19.550005 | AC69: 44402.774 | AD69: 24.710007 | AE69: 44402.827 | AF69: 26.370033 | AI69: 44405.349 | AJ69: 2.5800056 | AK69: 44405.265 | AL69: 0.52000046 | AM69: 44403.575 | AN69: 7.4900322 | AO69: 44404.231 | AP69: 0.51000214 | AQ69: 44403.575 | AR69: 8.1900101
Y70: 44402.231 | Z70: 2.1100006 | AA70: 44402.861 | AB70: 20.070005 | AC70: 44402.786 | AD70: 25.220001 | AE70: 44402.849 | AF70: 26.870041 | AI70: 44405.392 | AJ70: 3.1000061 | AK70: 44405.315 | AL70: 1.0300007 | AM70: 44403.575 | AN70: 7.5700302 | AO70: 44404.251 | AP70: 1.0400009 | AQ70: 44403.575 | AR70: 8.2100067
Y71: 44402.231 | Z71: 2.6499996 | AA71: 44402.89 | AB71: 20.600004 | AC71: 44402.787 | AD71: 25.740005 | AE71: 44402.85 | AF71: 27.380035 | AI71: 44405.403 | AJ71: 3.6200066 | AK71: 44405.329 | AL71: 1.5300026 | AM71: 44403.575 | AN71: 7.5600319 | AO71: 44404.257 | AP71: 1.5499992 | AQ71: 44403.575 | AR71: 8.2200089
Y72: 44402.244 | Z72: 3.1500006 | AA72: 44402.891 | AB72: 21.150005 | AC72: 44402.792 | AD72: 26.240013 | AE72: 44402.862 | AF72: 27.890038 | AI72: 44405.482 | AJ72: 4.1200085 | AK72: 44405.349 | AL72: 2.0400009 | AM72: 44403.575 | AN72: 7.5500298 | AO72: 44404.294 | AP72: 2.0899963 | AQ72: 44403.575 | AR72: 8.2400131
Y73: 44402.244 | Z73: 3.7000008 | AA73: 44402.891 | AB73: 21.660002 | AC73: 44402.815 | AD73: 26.76001 | AE73: 44402.864 | AF73: 28.410042 | AI73: 44405.527 | AJ73: 4.4800091 | AK73: 44405.393 | AL73: 2.5500011 | AM73: 44403.575 | AN73: 7.5700302 | AO73: 44404.363 | AP73: 2.6099968 | AQ73: 44403.575 | AR73: 8.230011
Y74: 44402.244 | Z74: 4.210001 | AA74: 44402.938 | AB74: 22.17001 | AC74: 44402.817 | AD74: 27.270004 | AE74: 44402.891 | AF74: 28.980042 | AI74: 44406.214 | AJ74: 4.4800091 | AK74: 44405.437 | AL74: 3.0699997 | AM74: 44403.575 | AN74: 7.600029 | AO74: 44404.395 | AP74: 3.1199913 | AQ74: 44403.575 | AR74: 8.2600098
Y75: 44402.244 | Z75: 4.7200012 | AA75: 44402.939 | AB75: 22.69001 | AC75: 44402.826 | AD75: 27.780006 | AE75: 44402.893 | AF75: 29.51004 | AI75: 44406.214 | AJ75: 0 | AK75: 44405.527 | AL75: 3.5799999 | AM75: 44403.575 | AN75: 7.570034 | AO75: 44404.396 | AP75: 3.4199944 | AQ75: 44403.575 | AR75: 8.2700043
Y76: 44402.245 | Z76: 5.2400007 | AA76: 44402.953 | AB76: 23.240007 | AC76: 44402.848 | AD76: 28.320015 | AE76: 44402.894 | AF76: 30.030045 | AK76: 44405.527 | AL76: 3.8800011 | AM76: 44403.575 | AN76: 7.6000328 | AO76: 44404.409 | AP76: 3.4199944 | AQ76: 44403.575 | AR76: 8.2900085
Y77: 44402.267 | Z77: 5.7400017 | AA77: 44402.953 | AB77: 23.760006 | AC77: 44402.849 | AD77: 28.830009 | AE77: 44402.905 | AF77: 30.550034 | AK77: 44406.214 | AL77: 3.8800011 | AM77: 44403.575 | AN77: 7.5800285 | AO77: 44404.413 | AP77: 3.4199944 | AQ77: 44403.575 | AR77: 8.3000031
Y78: 44402.268 | Z78: 6.25 | AA78: 44402.998 | AB78: 24.310005 | AC78: 44402.861 | AD78: 29.330025 | AE78: 44402.939 | AF78: 31.070045 | AK78: 44406.214 | AL78: 0 | AM78: 44403.575 | AN78: 7.6100311 | AO78: 44404.437 | AP78: 3.9299889 | AQ78: 44403.575 | AR78: 8.3100052
Y79: 44402.268 | Z79: 6.7500019 | AA79: 44402.998 | AB79: 23.700006 | AC79: 44402.863 | AD79: 29.840019 | AE79: 44402.953 | AF79: 31.58004 | AM79: 44403.575 | AN79: 7.6000328 | AO79: 44404.452 | AP79: 4.4299927 | AQ79: 44403.575 | AR79: 8.3300095
Y80: 44402.268 | Z80: 7.2600002 | AA80: 44402.998 | AB80: 24.240009 | AC80: 44402.891 | AD80: 30.350014 | AE80: 44402.99 | AF80: 32.09005 | AM80: 44403.575 | AN80: 7.6200294 | AO80: 44404.495 | AP80: 4.9499969 | AQ80: 44403.575 | AR80: 8.3800049
Y81: 44402.268 | Z81: 7.7700024 | AA81: 44402.999 | AB81: 24.790007 | AC81: 44402.893 | AD81: 30.860016 | AE81: 44402.999 | AF81: 32.630043 | AM81: 44403.575 | AN81: 7.6500282 | AO81: 44404.515 | AP81: 5.4700012 | AQ81: 44403.575 | AR81: 8.4000092
Y82: 44402.269 | Z82: 8.2800007 | AA82: 44403.035 | AB82: 25.340008 | AC82: 44402.905 | AD82: 31.390022 | AE82: 44403.026 | AF82: 33.150047 | AM82: 44403.575 | AN82: 7.6700325 | AO82: 44404.56 | AP82: 5.9800034 | AQ82: 44403.575 | AR82: 8.4100037
Y83: 44402.278 | Z83: 8.7800045 | AA83: 44403.035 | AB83: 25.84001 | AC83: 44402.939 | AD83: 31.900017 | AE83: 44403.036 | AF83: 33.680038 | AM83: 44403.575 | AN83: 7.6200294 | AO83: 44404.599 | AP83: 6.4900055 | AQ83: 44403.575 | AR83: 8.4200058
Y84: 44402.278 | Z84: 9.300005 | AA84: 44403.071 | AB84: 25.270012 | AC84: 44402.94 | AD84: 32.410019 | AE84: 44403.072 | AF84: 34.20005 | AM84: 44403.575 | AN84: 7.6900291 | AO84: 44404.613 | AP84: 7.0100021 | AQ84: 44403.575 | AR84: 8.4100037
Y85: 44402.278 | Z85: 9.8200035 | AA85: 44403.071 | AB85: 25.770014 | AC85: 44402.953 | AD85: 32.920006 | AE85: 44403.082 | AF85: 34.730042 | AM85: 44403.575 | AN85: 7.6800308 | AO85: 44404.655 | AP85: 7.5299988 | AQ85: 44403.575 | AR85: 8.4200058
Y86: 44402.279 | Z86: 10.330004 | AA86: 44403.071 | AB86: 26.29001 | AC86: 44402.955 | AD86: 33.430008 | AE86: 44403.114 | AF86: 35.250046 | AM86: 44403.575 | AN86: 7.6900291 | AO86: 44404.721 | AP86: 8.0300064 | AQ86: 44403.575 | AR86: 8.4600067
Y87: 44402.279 | Z87: 10.840004 | AA87: 44403.081 | AB87: 26.820011 | AC87: 44402.991 | AD87: 33.94001 | AE87: 44403.115 | AF87: 35.770042 | AM87: 44403.575 | AN87: 7.7000313 | AO87: 44404.783 | AP87: 8.5400009 | AQ87: 44403.575 | AR87: 8.4800034
Y88: 44402.3 | Z88: 11.350003 | AA88: 44403.081 | AB88: 27.60001 | AC88: 44402.992 | AD88: 34.460014 | AE88: 44403.124 | AF88: 36.320045 | AM88: 44403.575 | AN88: 7.7100296 | AO88: 44404.821 | AP88: 9.0400047 | AQ88: 44403.575 | AR88: 8.480011
Y89: 44402.3 | Z89: 11.890004 | AA89: 44403.122 | AB89: 28.110012 | AC89: 44403 | AD89: 34.970016 | AE89: 44403.153 | AF89: 36.820053 | AM89: 44403.575 | AN89: 7.7300301 | AO89: 44404.822 | AP89: 9.5500031 | AQ89: 44403.576 | AR89: 8.480011
Y90: 44402.3 | Z90: 12.400003 | AA90: 44403.122 | AB90: 28.630018 | AC90: 44403.026 | AD90: 35.500015 | AE90: 44403.155 | AF90: 37.350044 | AM90: 44403.575 | AN90: 7.7400322 | AO90: 44404.852 | AP90: 10.060001 | AQ90: 44403.596 | AR90: 8.480011
... Y106: 44402.362 | Z106: 20.660009 | AA106: 44403.274 | AB106: 2.6199999 | AC106: 44403.211 | AD106: 43.710007 | AE106: 44403.324 | AF106: 22.839951 | AM106: 44403.576 | AN106: 7.8900299 | AO106: 44406.214 | AP106: 0 | AQ106: 44404.315 | AR106: 2.0699921
Y107: 44402.363 | Z107: 21.170012 | AA107: 44403.274 | AB107: 3.1499996 | AC107: 44403.214 | AD107: 0 | AE107: 44403.324 | AF107: 3.1999893 | AM107: 44403.576 | AN107: 7.9000282 | AQ107: 44404.357 | AR107: 2.5899887
Y108: 44402.363 | Z108: 21.690012 | AA108: 44403.311 | AB108: 3.519999 | AC108: 44403.229 | AD108: 0.51000214 | AE108: 44403.325 | AF108: 3.7099838 | AM108: 44403.576 | AN108: 7.9200287 | AQ108: 44404.393 | AR108: 3.0999794
Y109: 44402.363 | Z109: 22.210009 | AA109: 44403.324 | AB109: 2.6200008 | AC109: 44403.242 | AD109: 1.0100098 | AE109: 44403.327 | AF109: 4.219986 | AM109: 44403.576 | AN109: 7.9300308 | AQ109: 44404.393 | AR109: 3.2599831
Y110: 44402.393 | Z110: 22.730007 | AA110: 44403.324 | AB110: 3.519999 | AC110: 44403.244 | AD110: 1.5200043 | AE110: 44403.328 | AF110: 4.469986 | AM110: 44403.576 | AN110: 7.9400291 | AQ110: 44404.409 | AR110: 3.2599831
Y111: 44402.393 | Z111: 23.240007 | AA111: 44403.328 | AB111: 3.519999 | AC111: 44403.275 | AD111: 2.0400009 | AE111: 44403.328 | AF111: 4.469986 | AM111: 44403.576 | AN111: 7.9500313 | AQ111: 44404.413 | AR111: 3.2599831
Y112: 44402.393 | Z112: 23.760006 | AA112: 44403.329 | AB112: 4.0399995 | AC112: 44403.277 | AD112: 2.5499954 | AE112: 44403.335 | AF112: 4.469986 | AM112: 44403.576 | AN112: 7.9500275 | AQ112: 44404.429 | AR112: 3.7699852
Y113: 44402.394 | Z113: 24.280006 | AA113: 44403.33 | AB113: 4.599999 | AC113: 44403.289 | AD113: 3.0699997 | AE113: 44403.355 | AF113: 4.9799805 | AM113: 44403.576 | AN113: 8.0300293 | AQ113: 44404.436 | AR113: 4.299984
Y114: 44402.394 | Z114: 24.790007 | AA114: 44403.33 | AB114: 5.1299996 | AC114: 44403.31 | AD114: 3.5799942 | AE114: 44403.369 | AF114: 5.4999771 | AM114: 44403.576 | AN114: 7.9800301 | AQ114: 44404.45 | AR114: 4.8099861
Y115: 44402.405 | Z115: 25.300007 | AA115: 44403.33 | AB115: 5.4500003 | AC115: 44403.311 | AD115: 4.0999908 | AE115: 44403.394 | AF115: 6.0299835 | AM115: 44403.576 | AN115: 7.9700356 | AQ115: 44404.493 | AR115: 5.3199844
Y116: 44402.405 | Z116: 25.810007 | AA116: 44403.335 | AB116: 5.4500003 | AC116: 44403.312 | AD116: 4.4099884 | AE116: 44403.396 | AF116: 6.5599823 | AM116: 44403.576 | AN116: 7.9800301 | AQ116: 44404.513 | AR116: 5.8399849
Y117: 44402.405 | Z117: 26.340008 | AA117: 44403.377 | AB117: 6.0200009 | AC117: 44403.324 | AD117: 22.129951 | AE117: 44403.397 | AF117: 7.0699768 | AM117: 44403.576 | AN117: 7.9700356 | AQ117: 44404.52 | AR117: 6.3799858
Y118: 44402.406 | Z118: 26.870007 | AA118: 44403.377 | AB118: 6.5500007 | AC118: 44403.324 | AD118: 4.4399872 | AE118: 44403.408 | AF118: 7.5899811 | AM118: 44403.576 | AN118: 7.9600334 | AQ118: 44404.527 | AR118: 6.9199867
... Y123: 44402.432 | Z123: 29.429998 | AA123: 44403.564 | AB123: 9.25 | AC123: 44403.355 | AD123: 5.8099976 | AE123: 44403.452 | AF123: 10.159988 | AM123: 44403.596 | AN123: 7.9600334 | AQ123: 44405.214 | AR123: 0
Y124: 44402.432 | Z124: 29.939997 | AA124: 44403.564 | AB124: 9.1999998 | AC124: 44403.368 | AD124: 6.3399963 | AE124: 44403.453 | AF124: 10.679985 | AM124: 44403.616 | AN124: 8.4700356
Y125: 44402.432 | Z125: 30.439999 | AA125: 44403.576 | AB125: 9.1999998 | AC125: 44403.369 | AD125: 6.8700027 | AE125: 44403.483 | AF125: 11.18998 | AM125: 44403.641 | AN125: 8.9800339
Y126: 44402.445 | Z126: 30.949997 | AA126: 44403.596 | AB126: 9.1999998 | AC126: 44403.394 | AD126: 7.3800049 | AE126: 44403.485 | AF126: 11.699974 | AM126: 44403.655 | AN126: 9.5000305
Y127: 44402.445 | Z127: 31.469995 | AA127: 44403.627 | AB127: 9.7600012 | AC127: 44403.395 | AD127: 7.8899994 | AE127: 44403.486 | AF127: 12.199982 | AM127: 44403.685 | AN127: 10.010033
Y128: 44402.445 | Z128: 31.969999 | AA128: 44403.627 | AB128: 10.290001 | AC128: 44403.399 | AD128: 8.4100037 | AE128: 44403.488 | AF128: 12.709976 | AM128: 44403.7 | AN128: 10.520031
Y129: 44402.446 | Z129: 32.480022 | AA129: 44403.627 | AB129: 10.950001 | AC129: 44403.407 | AD129: 8.9100113 | AE129: 44403.496 | AF129: 13.209984 | AM129: 44403.741 | AN129: 11.030025
Y130: 44402.446 | Z130: 33.000034 | AA130: 44403.704 | AB130: 11.46 | AC130: 44403.409 | AD130: 9.4300003 | AE130: 44403.521 | AF130: 13.719994 | AM130: 44403.742 | AN130: 11.420029
Y131: 44402.446 | Z131: 33.500053 | AA131: 44403.704 | AB131: 11.99 | AC131: 44403.438 | AD131: 9.9300079 | AE131: 44403.523 | AF131: 14.229988 | AM131: 44404.145 | AN131: 11.420029
Y132: 44402.474 | Z132: 34.010086 | AA132: 44403.704 | AB132: 12.52 | AC132: 44403.439 | AD132: 10.480011 | AE132: 44403.536 | AF132: 14.759987 | AM132: 44404.183 | AN132: 11.96003
Y133: 44402.475 | Z133: 34.540123 | AA133: 44403.705 | AB133: 12.68 | AC133: 44403.451 | AD133: 11.000008 | AE133: 44403.537 | AF133: 15.269989 | AM133: 44404.214 | AN133: 0
Y134: 44402.475 | Z134: 35.040161 | AA134: 44404.14 | AB134: 12.68 | AC134: 44403.453 | AD134: 11.51001 | AE134: 44403.538 | AF134: 15.779984 | AM134: 44404.293 | AN134: -0.51000595
Y135: 44402.475 | Z135: 35.550201 | AA135: 44404.14 | AB135: 13.22 | AC135: 44403.482 | AD135: 12.020004 | AE135: 44403.565 | AF135: 16.289986 | AM135: 44404.395 | AN135: -0.20000458
... Y141: 44402.489 | Z141: 38.640423 | AA141: 44404.151 | AB141: 16.450003 | AC141: 44403.536 | AD141: 15.06002 | AE141: 44403.582 | AF141: 18.279984 | AM141: 44405.214 | AN141: 0
Y142: 44402.519 | Z142: 39.140442 | AA142: 44404.214 | AB142: 0 | AC142: 44403.538 | AD142: 15.570023 | AE142: 44403.596 | AF142: 18.279984
Y143: 44402.52 | Z143: 39.650452 | AA143: 44404.231 | AB143: 0.50999975 | AC143: 44403.54 | AD143: 16.080017 | AE143: 44403.605 | AF143: 18.79998
Y144: 44402.52 | Z144: 40.170456 | AA144: 44404.231 | AB144: 1.0699997 | AC144: 44403.542 | AD144: 16.580025 | AE144: 44403.606 | AF144: 19.309986
Y145: 44402.52 | Z145: 40.690487 | AA145: 44404.232 | AB145: 1.8099995 | AC145: 44403.565 | AD145: 17.090019 | AE145: 44403.619 | AF145: 19.819984
Y146: 44402.52 | Z146: 41.210518 | AA146: 44404.332 | AB146: 2.3599992 | AC146: 44403.566 | AD146: 17.490021 | AE146: 44403.645 | AF146: 20.349983
Y147: 44402.533 | Z147: 41.710526 | AA147: 44404.366 | AB147: 2.8699994 | AC147: 44403.576 | AD147: 17.490021 | AE147: 44403.646 | AF147: 20.859985
Y148: 44402.533 | Z148: 42.220551 | AA148: 44404.367 | AB148: 3.5099993 | AC148: 44403.579 | AD148: 18.010021 | AE148: 44403.648 | AF148: 21.369987
Y149: 44402.533 | Z149: 42.730564 | AA149: 44404.396 | AB149: 4.0599995 | AC149: 44403.582 | AD149: 18.530022 | AE149: 44403.657 | AF149: 21.879982
Y150: 44402.533 | Z150: 43.250553 | AA150: 44404.396 | AB150: 4.5999994 | AC150: 44403.584 | AD150: 19.04002 | AE150: 44403.658 | AF150: 22.389984
Y151: 44402.534 | Z151: 43.750565 | AA151: 44404.396 | AB151: 3.7099991 | AC151: 44403.585 | AD151: 19.560017 | AE151: 44403.66 | AF151: 22.909981
Y152: 44402.553 | Z152: 44.270561 | AA152: 44404.396 | AB152: 4.4199996 | AC152: 44403.587 | AD152: 20.06002 | AE152: 44403.661 | AF152: 23.419983
Y153: 44402.554 | Z153: 44.790546 | AA153: 44404.409 | AB153: 4.4199996 | AC153: 44403.588 | AD153: 20.270023 | AE153: 44403.688 | AF153: 23.929981
... Y196: 44402.695 | Z196: 66.791054 | AA196: 44406.214 | AB196: 0 | AC196: 44404.531 | AD196: 9.7900009 | AE196: 44404.692 | AF196: 13.799992
Y197: 44402.695 | Z197: 67.30114 | AC197: 44404.562 | AD197: 10.299999 | AE197: 44404.724 | AF197: 14.299995
Y198: 44402.733 | Z198: 67.801254 | AC198: 44404.574 | AD198: 10.810001 | AE198: 44404.726 | AF198: 14.809998
Y199: 44402.733 | Z199: 68.321304 | AC199: 44404.577 | AD199: 11.32 | AE199: 44404.78 | AF199: 15.319992
Y200: 44402.733 | Z200: 68.84137 | AC200: 44404.6 | AD200: 11.84 | AE200: 44404.781 | AF200: 15.819996
Y201: 44402.734 | Z201: 69.341415 | AC201: 44404.613 | AD201: 12.360001 | AE201: 44404.821 | AF201: 16.339996
Y202: 44402.734 | Z202: 69.851433 | AC202: 44404.615 | AD202: 12.860004 | AE202: 44404.822 | AF202: 16.849998
Y203: 44402.745 | Z203: 70.351463 | AC203: 44404.643 | AD203: 13.380001 | AE203: 44404.852 | AF203: 17.369999
Y204: 44402.745 | Z204: 70.861534 | AC204: 44404.693 | AD204: 13.889999 | AE204: 44404.908 | AF204: 17.889997
Y205: 44402.745 | Z205: 71.391602 | AC205: 44404.695 | AD205: 14.399998 | AE205: 44405.214 | AF205: 0
Y206: 44402.746 | Z206: 71.931648 | AC206: 44404.703 | AD206: 14.900002
Y207: 44402.746 | Z207: 72.441704 | AC207: 44404.724 | AD207: 15.410004
Y208: 44402.77 | Z208: 73.001808 | AC208: 44405.045 | AD208: 15.83
Y209: 44402.77 | Z209: 73.521858 | AC209: 44405.214 | AD209: 0
...

Sheet Sheet4
B1: ACE.Profile.Delta.Port13 | D1: ACE.Profile.Delta.Port6 | F1: ACE.Profile.Delta.Port9 | H1: ACE.Profile.Total.Centre | J1: ACE.Profile.Total.Delta | L1: ACE.Profile.Total.Wall | N1: ACE.Profile.Wall.Port10 | P1: ACE.Profile.Wall.Port12 | R1: ACE.Profile.Wall.Port14 | T1: ACE.Profile.Wall.Port5 | V1: ACE.Profile.Wall.Port7 | X1: ACE.Profile.Wall.Port8 | Z1: WACS.Centre.Port11.tot | AB1: WACS.Delta.Port13.tot | AD1: WACS.Delta.Port6.tot | AF1: WACS.Delta.Port9.tot | AH1: WACS.Wall.Port10.tot | AJ1: WACS.Wall.Port12.tot | AL1: WACS.Wall.Port14.tot | AN1: WACS.Wall.Port5.tot | AP1: WACS.Wall.Port7.tot | AR1: WACS.Wall.Port8.tot
A2: 44402.208 | B2: 32.382572 | C2: 44402.208 | D2: 34.342987 | E2: 44402.208 | F2: 33.274441 | G2: 44402.208 | H2: 40.616993 | I2: 44402.208 | J2: 40.616993 | K2: 44402.208 | L2: 26.55961 | M2: 44402.208 | N2: 8.0541296 | O2: 44402.208 | P2: 18.902115 | Q2: 44402.208 | R2: 8.5561476 | S2: 44402.208 | T2: 26.55961 | U2: 44402.208 | V2: 19.480543 | W2: 44402.208 | X2: 21.925121 | Y2: 44402.018 | Z2: 107.71968 | AA2: 44402.027 | AB2: 29.410017 | AC2: 44402.027 | AD2: 29.649979 | AE2: 44402.027 | AF2: 30.029984 | AG2: 44402.039 | AH2: 5.1700211 | AI2: 44402.023 | AJ2: 14.590012 | AK2: 44402.024 | AL2: 5.7199936 | AM2: 44402.024 | AN2: 16.530022 | AO2: 44402.025 | AP2: 13.620018 | AQ2: 44402.178 | AR2: 19.060013
A3: 44402.208 | B3: 27.876688 | C3: 44402.208 | D3: 37.228489 | E3: 44402.208 | F3: 34.894821 | G3: 44402.208 | H3: 39.717865 | I3: 44402.208 | J3: 39.717865 | K3: 44402.208 | L3: 24.978222 | M3: 44402.208 | N3: 13.205716 | O3: 44402.208 | P3: 10.894432 | Q3: 44402.208 | R3: 15.023472 | S3: 44402.208 | T3: 24.978222 | U3: 44402.208 | V3: 23.02879 | W3: 44402.208 | X3: 15.55314 | Y3: 44402.018 | Z3: 108.22977 | AA3: 44402.027 | AB3: 29.94002 | AC3: 44402.029 | AD3: 30.159981 | AE3: 44402.029 | AF3: 30.539978 | AG3: 44402.062 | AH3: 5.7000122 | AI3: 44402.06 | AJ3: 15.100014 | AK3: 44402.061 | AL3: 6.2200012 | AM3: 44402.038 | AN3: 17.050018 | AO3: 44402.039 | AP3: 14.130013 | AQ3: 44402.194 | AR3: 19.580009
A4: 44403.208 | B4: 27.876688 | C4: 44403.208 | D4: 37.228489 | E4: 44403.208 | F4: 34.894821 | G4: 44403.208 | H4: 39.717865 | I4: 44403.208 | J4: 39.717865 | K4: 44403.208 | L4: 24.978222 | M4: 44403.208 | N4: 13.205716 | O4: 44403.208 | P4: 10.894432 | Q4: 44403.208 | R4: 15.023472 | S4: 44403.208 | T4: 24.978222 | U4: 44403.208 | V4: 23.02879 | W4: 44403.208 | X4: 15.55314 | Y4: 44402.019 | Z4: 108.73988 | AA4: 44402.027 | AB4: 29.320021 | AC4: 44402.041 | AD4: 30.679985 | AE4: 44402.042 | AF4: 31.039986 | AG4: 44402.102 | AH4: 6.2100067 | AI4: 44402.074 | AJ4: 15.710022 | AK4: 44402.1 | AL4: 6.7600021 | AM4: 44402.061 | AN4: 17.56002 | AO4: 44402.04 | AP4: 14.63002 | AQ4: 44402.203 | AR4: 20.090004
A5: 44403.208 | B5: 21.713308 | C5: 44403.208 | D5: 38.833168 | E5: 44403.208 | F5: 39.453522 | G5: 44403.208 | H5: 40.26828 | I5: 44403.208 | J5: 40.26828 | K5: 44403.208 | L5: 21.566305 | M5: 44403.208 | N5: 7.3113437 | O5: 44403.208 | P5: 8.6662149 | Q5: 44403.208 | R5: 11.00207 | S5: 44403.208 | T5: 21.566305 | U5: 44403.208 | V5: 13.66504 | W5: 44403.208 | X5: 31.417896 | Y5: 44402.019 | Z5: 109.24997 | AA5: 44402.041 | AB5: 29.830023 | AC5: 44402.043 | AD5: 31.189987 | AE5: 44402.064 | AF5: 31.549988 | AG5: 44402.124 | AH5: 6.8200073 | AI5: 44402.136 | AJ5: 16.230019 | AK5: 44402.137 | AL5: 7.2800064 | AM5: 44402.075 | AN5: 18.080017 | AO5: 44402.063 | AP5: 15.140015 | AQ5: 44402.214 | AR5: 0
A6: 44404.208 | B6: 21.713308 | C6: 44404.208 | D6: 38.833168 | E6: 44404.208 | F6: 39.453522 | G6: 44404.208 | H6: 40.26828 | I6: 44404.208 | J6: 40.26828 | K6: 44404.208 | L6: 21.566305 | M6: 44404.208 | N6: 7.3113437 | O6: 44404.208 | P6: 8.6662149 | Q6: 44404.208 | R6: 11.00207 | S6: 44404.208 | T6: 21.566305 | U6: 44404.208 | V6: 13.66504 | W6: 44404.208 | X6: 31.417896 | Y6: 44402.019 | Z6: 109.75007 | AA6: 44402.041 | AB6: 30.340025 | AC6: 44402.065 | AD6: 31.709991 | AE6: 44402.066 | AF6: 32.05999 | AG6: 44402.148 | AH6: 7.3800049 | AI6: 44402.145 | AJ6: 16.760025 | AK6: 44402.156 | AL6: 7.840004 | AM6: 44402.123 | AN6: 18.590019 | AO6: 44402.076 | AP6: 15.670013 | AQ6: 44402.229 | AR6: 0.51998901
A7: 44404.208 | B7: 33.96027 | C7: 44404.208 | D7: 31.00264 | E7: 44404.208 | F7: 35.03709 | G7: 44404.208 | H7: 36.799675 | I7: 44404.208 | J7: 36.799675 | K7: 44404.208 | L7: 28.855783 | M7: 44404.208 | N7: 13.216795 | O7: 44404.208 | P7: 20.606102 | Q7: 44404.208 | R7: 15.804191 | S7: 44404.208 | T7: 28.855783 | U7: 44404.208 | V7: 29.393936 | W7: 44404.208 | X7: 20.978977 | Y7: 44402.022 | Z7: 110.27017 | AA7: 44402.041 | AB7: 31.040022 | AC7: 44402.077 | AD7: 32.220001 | AE7: 44402.079 | AF7: 32.569984 | AG7: 44402.214 | AH7: 0 | AI7: 44402.156 | AJ7: 17.320023 | AK7: 44402.214 | AL7: 0 | AM7: 44402.137 | AN7: 19.100006 | AO7: 44402.102 | AP7: 16.230026 | AQ7: 44402.242 | AR7: 1.0299911
A8: 44405.208 | B8: 33.96027 | C8: 44405.208 | D8: 31.00264 | E8: 44405.208 | F8: 35.03709 | G8: 44405.208 | H8: 36.799675 | I8: 44405.208 | J8: 36.799675 | K8: 44405.208 | L8: 28.855783 | M8: 44405.208 | N8: 13.216795 | O8: 44405.208 | P8: 20.606102 | Q8: 44405.208 | R8: 15.804191 | S8: 44405.208 | T8: 28.855783 | U8: 44405.208 | V8: 29.393936 | W8: 44405.208 | X8: 20.978977 | Y8: 44402.022 | Z8: 110.78027 | AA8: 44402.077 | AB8: 31.580027 | AC8: 44402.079 | AD8: 32.730003 | AE8: 44402.104 | AF8: 33.069992 | AG8: 44402.278 | AH8: 0.51000214 | AI8: 44402.214 | AJ8: 0 | AK8: 44402.264 | AL8: 0.59999847 | AM8: 44402.146 | AN8: 19.600014 | AO8: 44402.124 | AP8: 16.760025 | AQ8: 44402.263 | AR8: 1.5699844
A9: 44405.208 | B9: 100 | C9: 44405.208 | D9: 0 | E9: 44405.208 | F9: 0 | G9: 44405.208 | H9: 38.728836 | I9: 44405.208 | J9: 38.728836 | K9: 44405.208 | L9: 42.098362 | M9: 44405.208 | N9: 24.802872 | O9: 44405.208 | P9: 27.16803 | Q9: 44405.208 | R9: 23.529413 | S9: 44405.208 | T9: 42.098362 | U9: 44405.208 | V9: 24.499685 | W9: 44405.208 | X9: 0 | Y9: 44402.022 | Z9: 111.29037 | AA9: 44402.077 | AB9: 32.120022 | AC9: 44402.103 | AD9: 33.230011 | AE9: 44402.106 | AF9: 33.579987 | AG9: 44402.28 | AH9: 1.0399933 | AI9: 44402.402 | AJ9: 0.54000854 | AK9: 44402.266 | AL9: 1.1100006 | AM9: 44402.156 | AN9: 20.130005 | AO9: 44402.147 | AP9: 17.280037 | AQ9: 44402.345 | AR9: 2.0799789
A10: 44406.208 | B10: 100 | C10: 44406.208 | D10: 0 | E10: 44406.208 | F10: 0 | G10: 44406.208 | H10: 38.728836 | I10: 44406.208 | J10: 38.728836 | K10: 44406.208 | L10: 42.098362 | M10: 44406.208 | N10: 24.802872 | O10: 44406.208 | P10: 27.16803 | Q10: 44406.208 | R10: 23.529413 | S10: 44406.208 | T10: 42.098362 | U10: 44406.208 | V10: 24.499685 | W10: 44406.208 | X10: 0 | Y10: 44402.022 | Z10: 111.81049 | AA10: 44402.103 | AB10: 32.670021 | AC10: 44402.105 | AD10: 33.750008 | AE10: 44402.127 | AF10: 34.079994 | AG10: 44402.3 | AH10: 1.640007 | AI10: 44402.43 | AJ10: 1.0800018 | AK10: 44402.346 | AL10: 1.6399918 | AM10: 44402.179 | AN10: 20.640007 | AO10: 44402.157 | AP10: 17.850037 | AQ10: 44402.36 | AR10: 2.6099701
A11: 44406.208 | B11: Bad Data | C11: 44406.208 | D11: Bad Data | E11: 44406.208 | F11: Bad Data | G11: 44406.208 | H11: Bad Data | I11: 44406.208 | J11: Bad Data | K11: 44406.208 | L11: Bad Data | M11: 44406.208 | N11: Bad Data | O11: 44406.208 | P11: Bad Data | Q11: 44406.208 | R11: Bad Data | S11: 44406.208 | T11: Bad Data | U11: 44406.208 | V11: Bad Data | W11: 44406.208 | X11: Bad Data | Y11: 44402.023 | Z11: 112.33058 | AA11: 44402.103 | AB11: 33.240021 | AC11: 44402.126 | AD11: 34.270004 | AE11: 44402.149 | AF11: 34.599998 | AG11: 44402.302 | AH11: 2.1500092 | AI11: 44402.473 | AJ11: 1.590004 | AK11: 44402.347 | AL11: 2.1599884 | AM11: 44402.195 | AN11: 21.150002 | AO11: 44402.214 | AP11: 0 | AQ11: 44402.388 | AR11: 3.1099777
Y12: 44402.023 | Z12: 112.84068 | AA12: 44402.162 | AB12: 33.810024 | AC12: 44402.128 | AD12: 34.780006 | AE12: 44402.151 | AF12: 35.119995 | AG12: 44402.362 | AH12: 2.6800079 | AI12: 44402.517 | AJ12: 2.1000061 | AK12: 44402.391 | AL12: 2.659996 | AM12: 44402.214 | AN12: 0 | AO12: 44402.394 | AP12: 0.51000214 | AQ12: 44402.401 | AR12: 3.6399765
Y13: 44402.023 | Z13: 113.34079 | AA13: 44402.163 | AB13: 34.360023 | AC13: 44402.15 | AD13: 35.290009 | AE13: 44402.16 | AF13: 35.639999 | AG13: 44402.364 | AH13: 3.1999969 | AI13: 44402.551 | AJ13: 2.6100082 | AK13: 44402.392 | AL13: 3.1699905 | AM13: 44402.243 | AN13: 0.51000214 | AO13: 44402.406 | AP13: 1.0199966 | AQ13: 44402.429 | AR13: 4.1599731
Y14: 44402.023 | Z14: 113.85089 | AA14: 44402.181 | AB14: 34.870022 | AC14: 44402.151 | AD14: 35.810005 | AE14: 44402.181 | AF14: 36.149986 | AG14: 44402.365 | AH14: 3.7000046 | AI14: 44402.569 | AJ14: 3.1700058 | AK14: 44402.403 | AL14: 3.679985 | AM14: 44402.263 | AN14: 1.0299988 | AO14: 44402.432 | AP14: 1.5299988 | AQ14: 44402.443 | AR14: 4.6599808
Y15: 44402.024 | Z15: 114.35099 | AA15: 44402.181 | AB15: 35.390022 | AC15: 44402.16 | AD15: 36.320007 | AE15: 44402.183 | AF15: 36.659988 | AG15: 44402.432 | AH15: 4.2200089 | AI15: 44402.595 | AJ15: 3.7500076 | AK15: 44402.43 | AL15: 4.1999817 | AM15: 44402.277 | AN15: 1.5300064 | AO15: 44402.445 | AP15: 2.0300064 | AQ15: 44402.472 | AR15: 5.1799774
Y16: 44402.024 | Z16: 114.85109 | AA16: 44402.181 | AB16: 35.910023 | AC16: 44402.162 | AD16: 36.840012 | AE16: 44402.197 | AF16: 37.169983 | AG16: 44402.488 | AH16: 4.7300262 | AI16: 44402.641 | AJ16: 4.3100128 | AK16: 44402.444 | AL16: 4.6999893 | AM16: 44402.299 | AN16: 2.0400085 | AO16: 44402.474 | AP16: 2.5400009 | AQ16: 44402.486 | AR16: 5.6899719
Y17: 44402.024 | Z17: 115.3612 | AA17: 44402.182 | AB17: 36.430023 | AC17: 44402.183 | AD17: 37.350006 | AE17: 44402.199 | AF17: 37.679977 | AG17: 44402.597 | AH17: 5.3000259 | AI17: 44402.676 | AJ17: 4.8200073 | AK17: 44402.487 | AL17: 5.2099915 | AM17: 44402.313 | AN17: 2.5400162 | AO17: 44402.476 | AP17: 3.0500031 | AQ17: 44402.517 | AR17: 6.2099762
Y18: 44402.024 | Z18: 115.8713 | AA18: 44402.182 | AB18: 37.240025 | AC18: 44402.198 | AD18: 37.860001 | AE18: 44402.214 | AF18: 0 | AG18: 44402.611 | AH18: 5.8300247 | AI18: 44402.691 | AJ18: 5.4000015 | AK18: 44402.532 | AL18: 5.7299957 | AM18: 44402.346 | AN18: 3.0500107 | AO18: 44402.519 | AP18: 3.5600128 | AQ18: 44402.531 | AR18: 6.7299728
Y19: 44402.025 | Z19: 116.37139 | AA19: 44402.182 | AB19: 36.670025 | AC19: 44402.199 | AD19: 38.370003 | AE19: 44402.233 | AF19: 0.51999664 | AG19: 44402.643 | AH19: 6.3400192 | AI19: 44402.744 | AJ19: 5.9199905 | AK19: 44402.571 | AL19: 6.2499924 | AM19: 44402.361 | AN19: 3.5700073 | AO19: 44402.533 | AP19: 4.070015 | AQ19: 44402.552 | AR19: 7.2399673
Y20: 44402.029 | Z20: 116.87153 | AA20: 44402.214 | AB20: 0 | AC20: 44402.208 | AD20: 38.889999 | AE20: 44402.235 | AF20: 1.0599976 | AG20: 44402.656 | AH20: 6.8500137 | AI20: 44402.935 | AJ20: 6.4199982 | AK20: 44402.61 | AL20: 6.7600021 | AM20: 44402.39 | AN20: 4.0900192 | AO20: 44402.534 | AP20: 4.5800171 | AQ20: 44402.731 | AR20: 7.7899628
Y21: 44402.029 | Z21: 117.38163 | AA21: 44402.231 | AB21: 0.50999832 | AC21: 44402.214 | AD21: 0 | AE21: 44402.247 | AF21: 1.5600052 | AG21: 44402.783 | AH21: 7.3700027 | AI21: 44402.949 | AJ21: 6.9300079 | AK21: 44402.654 | AL21: 7.3100052 | AM21: 44402.403 | AN21: 4.6300125 | AO21: 44402.554 | AP21: 5.1200104 | AQ21: 44402.743 | AR21: 8.2899704
Y22: 44402.061 | Z22: 117.89169 | AA22: 44402.231 | AB22: 1.0299988 | AC22: 44402.233 | AD22: 0.50000763 | AE22: 44402.249 | AF22: 2.0699997 | AG22: 44402.813 | AH22: 7.8799973 | AI22: 44403.022 | AJ22: 7.4500046 | AK22: 44402.77 | AL22: 7.8199997 | AM22: 44402.431 | AN22: 5.140007 | AO22: 44402.573 | AP22: 5.620018 | AQ22: 44402.935 | AR22: 8.789978
Y23: 44402.062 | Z23: 118.42177 | AA23: 44402.232 | AB23: 1.5499992 | AC23: 44402.245 | AD23: 1.0200043 | AE23: 44402.27 | AF23: 2.5800018 | AG23: 44402.846 | AH23: 8.3899918 | AI23: 44403.032 | AJ23: 8.0000076 | AK23: 44402.783 | AL23: 8.3600006 | AM23: 44402.444 | AN23: 5.6400146 | AO23: 44402.598 | AP23: 6.1300201 | AQ23: 44402.949 | AR23: 9.2899857
... Y67: 44402.23 | Z67: 0.52000046 | AA67: 44402.861 | AB67: 18.480005 | AC67: 44402.748 | AD67: 23.69001 | AE67: 44402.815 | AF67: 25.350044 | AG67: 44406.214 | AH67: 0 | AI67: 44405.315 | AJ67: 1.5600033 | AK67: 44404.974 | AL67: 6.7799988 | AM67: 44403.562 | AN67: 7.5300331 | AO67: 44404.185 | AP67: 5.8500099 | AQ67: 44403.575 | AR67: 8.140007
Y68: 44402.23 | Z68: 1.0499992 | AA68: 44402.861 | AB68: 19.040007 | AC68: 44402.772 | AD68: 24.200005 | AE68: 44402.817 | AF68: 25.860046 | AI68: 44405.348 | AJ68: 2.0600052 | AK68: 44405.214 | AL68: 0.010000229 | AM68: 44403.575 | AN68: 7.5300331 | AO68: 44404.214 | AP68: 0 | AQ68: 44403.575 | AR68: 8.1800079
Y69: 44402.23 | Z69: 1.5600014 | AA69: 44402.861 | AB69: 19.550005 | AC69: 44402.774 | AD69: 24.710007 | AE69: 44402.827 | AF69: 26.370033 | AI69: 44405.349 | AJ69: 2.5800056 | AK69: 44405.265 | AL69: 0.52000046 | AM69: 44403.575 | AN69: 7.4900322 | AO69: 44404.231 | AP69: 0.51000214 | AQ69: 44403.575 | AR69: 8.1900101
Y70: 44402.231 | Z70: 2.1100006 | AA70: 44402.861 | AB70: 20.070005 | AC70: 44402.786 | AD70: 25.220001 | AE70: 44402.849 | AF70: 26.870041 | AI70: 44405.392 | AJ70: 3.1000061 | AK70: 44405.315 | AL70: 1.0300007 | AM70: 44403.575 | AN70: 7.5700302 | AO70: 44404.251 | AP70: 1.0400009 | AQ70: 44403.575 | AR70: 8.2100067
Y71: 44402.231 | Z71: 2.6499996 | AA71: 44402.89 | AB71: 20.600004 | AC71: 44402.787 | AD71: 25.740005 | AE71: 44402.85 | AF71: 27.380035 | AI71: 44405.403 | AJ71: 3.6200066 | AK71: 44405.329 | AL71: 1.5300026 | AM71: 44403.575 | AN71: 7.5600319 | AO71: 44404.257 | AP71: 1.5499992 | AQ71: 44403.575 | AR71: 8.2200089
Y72: 44402.244 | Z72: 3.1500006 | AA72: 44402.891 | AB72: 21.150005 | AC72: 44402.792 | AD72: 26.240013 | AE72: 44402.862 | AF72: 27.890038 | AI72: 44405.482 | AJ72: 4.1200085 | AK72: 44405.349 | AL72: 2.0400009 | AM72: 44403.575 | AN72: 7.5500298 | AO72: 44404.294 | AP72: 2.0899963 | AQ72: 44403.575 | AR72: 8.2400131
Y73: 44402.244 | Z73: 3.7000008 | AA73: 44402.891 | AB73: 21.660002 | AC73: 44402.815 | AD73: 26.76001 | AE73: 44402.864 | AF73: 28.410042 | AI73: 44405.527 | AJ73: 4.4800091 | AK73: 44405.393 | AL73: 2.5500011 | AM73: 44403.575 | AN73: 7.5700302 | AO73: 44404.363 | AP73: 2.6099968 | AQ73: 44403.575 | AR73: 8.230011
Y74: 44402.244 | Z74: 4.210001 | AA74: 44402.938 | AB74: 22.17001 | AC74: 44402.817 | AD74: 27.270004 | AE74: 44402.891 | AF74: 28.980042 | AI74: 44406.214 | AJ74: 4.4800091 | AK74: 44405.437 | AL74: 3.0699997 | AM74: 44403.575 | AN74: 7.600029 | AO74: 44404.395 | AP74: 3.1199913 | AQ74: 44403.575 | AR74: 8.2600098
Y75: 44402.244 | Z75: 4.7200012 | AA75: 44402.939 | AB75: 22.69001 | AC75: 44402.826 | AD75: 27.780006 | AE75: 44402.893 | AF75: 29.51004 | AI75: 44406.214 | AJ75: 0 | AK75: 44405.527 | AL75: 3.5799999 | AM75: 44403.575 | AN75: 7.570034 | AO75: 44404.396 | AP75: 3.4199944 | AQ75: 44403.575 | AR75: 8.2700043
Y76: 44402.245 | Z76: 5.2400007 | AA76: 44402.953 | AB76: 23.240007 | AC76: 44402.848 | AD76: 28.320015 | AE76: 44402.894 | AF76: 30.030045 | AK76: 44405.527 | AL76: 3.8800011 | AM76: 44403.575 | AN76: 7.6000328 | AO76: 44404.409 | AP76: 3.4199944 | AQ76: 44403.575 | AR76: 8.2900085
Y77: 44402.267 | Z77: 5.7400017 | AA77: 44402.953 | AB77: 23.760006 | AC77: 44402.849 | AD77: 28.830009 | AE77: 44402.905 | AF77: 30.550034 | AK77: 44406.214 | AL77: 3.8800011 | AM77: 44403.575 | AN77: 7.5800285 | AO77: 44404.413 | AP77: 3.4199944 | AQ77: 44403.575 | AR77: 8.3000031
Y78: 44402.268 | Z78: 6.25 | AA78: 44402.998 | AB78: 24.310005 | AC78: 44402.861 | AD78: 29.330025 | AE78: 44402.939 | AF78: 31.070045 | AK78: 44406.214 | AL78: 0 | AM78: 44403.575 | AN78: 7.6100311 | AO78: 44404.437 | AP78: 3.9299889 | AQ78: 44403.575 | AR78: 8.3100052
Y79: 44402.268 | Z79: 6.7500019 | AA79: 44402.998 | AB79: 23.700006 | AC79: 44402.863 | AD79: 29.840019 | AE79: 44402.953 | AF79: 31.58004 | AM79: 44403.575 | AN79: 7.6000328 | AO79: 44404.452 | AP79: 4.4299927 | AQ79: 44403.575 | AR79: 8.3300095
Y80: 44402.268 | Z80: 7.2600002 | AA80: 44402.998 | AB80: 24.240009 | AC80: 44402.891 | AD80: 30.350014 | AE80: 44402.99 | AF80: 32.09005 | AM80: 44403.575 | AN80: 7.6200294 | AO80: 44404.495 | AP80: 4.9499969 | AQ80: 44403.575 | AR80: 8.3800049
Y81: 44402.268 | Z81: 7.7700024 | AA81: 44402.999 | AB81: 24.790007 | AC81: 44402.893 | AD81: 30.860016 | AE81: 44402.999 | AF81: 32.630043 | AM81: 44403.575 | AN81: 7.6500282 | AO81: 44404.515 | AP81: 5.4700012 | AQ81: 44403.575 | AR81: 8.4000092
Y82: 44402.269 | Z82: 8.2800007 | AA82: 44403.035 | AB82: 25.340008 | AC82: 44402.905 | AD82: 31.390022 | AE82: 44403.026 | AF82: 33.150047 | AM82: 44403.575 | AN82: 7.6700325 | AO82: 44404.56 | AP82: 5.9800034 | AQ82: 44403.575 | AR82: 8.4100037
Y83: 44402.278 | Z83: 8.7800045 | AA83: 44403.035 | AB83: 25.84001 | AC83: 44402.939 | AD83: 31.900017 | AE83: 44403.036 | AF83: 33.680038 | AM83: 44403.575 | AN83: 7.6200294 | AO83: 44404.599 | AP83: 6.4900055 | AQ83: 44403.575 | AR83: 8.4200058
Y84: 44402.278 | Z84: 9.300005 | AA84: 44403.071 | AB84: 25.270012 | AC84: 44402.94 | AD84: 32.410019 | AE84: 44403.072 | AF84: 34.20005 | AM84: 44403.575 | AN84: 7.6900291 | AO84: 44404.613 | AP84: 7.0100021 | AQ84: 44403.575 | AR84: 8.4100037
Y85: 44402.278 | Z85: 9.8200035 | AA85: 44403.071 | AB85: 25.770014 | AC85: 44402.953 | AD85: 32.920006 | AE85: 44403.082 | AF85: 34.730042 | AM85: 44403.575 | AN85: 7.6800308 | AO85: 44404.655 | AP85: 7.5299988 | AQ85: 44403.575 | AR85: 8.4200058
Y86: 44402.279 | Z86: 10.330004 | AA86: 44403.071 | AB86: 26.29001 | AC86: 44402.955 | AD86: 33.430008 | AE86: 44403.114 | AF86: 35.250046 | AM86: 44403.575 | AN86: 7.6900291 | AO86: 44404.721 | AP86: 8.0300064 | AQ86: 44403.575 | AR86: 8.4600067
Y87: 44402.279 | Z87: 10.840004 | AA87: 44403.081 | AB87: 26.820011 | AC87: 44402.991 | AD87: 33.94001 | AE87: 44403.115 | AF87: 35.770042 | AM87: 44403.575 | AN87: 7.7000313 | AO87: 44404.783 | AP87: 8.5400009 | AQ87: 44403.575 | AR87: 8.4800034
Y88: 44402.3 | Z88: 11.350003 | AA88: 44403.081 | AB88: 27.60001 | AC88: 44402.992 | AD88: 34.460014 | AE88: 44403.124 | AF88: 36.320045 | AM88: 44403.575 | AN88: 7.7100296 | AO88: 44404.821 | AP88: 9.0400047 | AQ88: 44403.575 | AR88: 8.480011
Y89: 44402.3 | Z89: 11.890004 | AA89: 44403.122 | AB89: 28.110012 | AC89: 44403 | AD89: 34.970016 | AE89: 44403.153 | AF89: 36.820053 | AM89: 44403.575 | AN89: 7.7300301 | AO89: 44404.822 | AP89: 9.5500031 | AQ89: 44403.576 | AR89: 8.480011
Y90: 44402.3 | Z90: 12.400003 | AA90: 44403.122 | AB90: 28.630018 | AC90: 44403.026 | AD90: 35.500015 | AE90: 44403.155 | AF90: 37.350044 | AM90: 44403.575 | AN90: 7.7400322 | AO90: 44404.852 | AP90: 10.060001 | AQ90: 44403.596 | AR90: 8.480011
... Y106: 44402.362 | Z106: 20.660009 | AA106: 44403.274 | AB106: 2.6199999 | AC106: 44403.211 | AD106: 43.710007 | AE106: 44403.324 | AF106: 22.839951 | AM106: 44403.576 | AN106: 7.8900299 | AO106: 44406.214 | AP106: 0 | AQ106: 44404.315 | AR106: 2.0699921
Y107: 44402.363 | Z107: 21.170012 | AA107: 44403.274 | AB107: 3.1499996 | AC107: 44403.214 | AD107: 0 | AE107: 44403.324 | AF107: 3.1999893 | AM107: 44403.576 | AN107: 7.9000282 | AQ107: 44404.357 | AR107: 2.5899887
Y108: 44402.363 | Z108: 21.690012 | AA108: 44403.311 | AB108: 3.519999 | AC108: 44403.229 | AD108: 0.51000214 | AE108: 44403.325 | AF108: 3.7099838 | AM108: 44403.576 | AN108: 7.9200287 | AQ108: 44404.393 | AR108: 3.0999794
Y109: 44402.363 | Z109: 22.210009 | AA109: 44403.324 | AB109: 2.6200008 | AC109: 44403.242 | AD109: 1.0100098 | AE109: 44403.327 | AF109: 4.219986 | AM109: 44403.576 | AN109: 7.9300308 | AQ109: 44404.393 | AR109: 3.2599831
Y110: 44402.393 | Z110: 22.730007 | AA110: 44403.324 | AB110: 3.519999 | AC110: 44403.244 | AD110: 1.5200043 | AE110: 44403.328 | AF110: 4.469986 | AM110: 44403.576 | AN110: 7.9400291 | AQ110: 44404.409 | AR110: 3.2599831
Y111: 44402.393 | Z111: 23.240007 | AA111: 44403.328 | AB111: 3.519999 | AC111: 44403.275 | AD111: 2.0400009 | AE111: 44403.328 | AF111: 4.469986 | AM111: 44403.576 | AN111: 7.9500313 | AQ111: 44404.413 | AR111: 3.2599831
Y112: 44402.393 | Z112: 23.760006 | AA112: 44403.329 | AB112: 4.0399995 | AC112: 44403.277 | AD112: 2.5499954 | AE112: 44403.335 | AF112: 4.469986 | AM112: 44403.576 | AN112: 7.9500275 | AQ112: 44404.429 | AR112: 3.7699852
Y113: 44402.394 | Z113: 24.280006 | AA113: 44403.33 | AB113: 4.599999 | AC113: 44403.289 | AD113: 3.0699997 | AE113: 44403.355 | AF113: 4.9799805 | AM113: 44403.576 | AN113: 8.0300293 | AQ113: 44404.436 | AR113: 4.299984
Y114: 44402.394 | Z114: 24.790007 | AA114: 44403.33 | AB114: 5.1299996 | AC114: 44403.31 | AD114: 3.5799942 | AE114: 44403.369 | AF114: 5.4999771 | AM114: 44403.576 | AN114: 7.9800301 | AQ114: 44404.45 | AR114: 4.8099861
Y115: 44402.405 | Z115: 25.300007 | AA115: 44403.33 | AB115: 5.4500003 | AC115: 44403.311 | AD115: 4.0999908 | AE115: 44403.394 | AF115: 6.0299835 | AM115: 44403.576 | AN115: 7.9700356 | AQ115: 44404.493 | AR115: 5.3199844
Y116: 44402.405 | Z116: 25.810007 | AA116: 44403.335 | AB116: 5.4500003 | AC116: 44403.312 | AD116: 4.4099884 | AE116: 44403.396 | AF116: 6.5599823 | AM116: 44403.576 | AN116: 7.9800301 | AQ116: 44404.513 | AR116: 5.8399849
Y117: 44402.405 | Z117: 26.340008 | AA117: 44403.377 | AB117: 6.0200009 | AC117: 44403.324 | AD117: 22.129951 | AE117: 44403.397 | AF117: 7.0699768 | AM117: 44403.576 | AN117: 7.9700356 | AQ117: 44404.52 | AR117: 6.3799858
Y118: 44402.406 | Z118: 26.870007 | AA118: 44403.377 | AB118: 6.5500007 | AC118: 44403.324 | AD118: 4.4399872 | AE118: 44403.408 | AF118: 7.5899811 | AM118: 44403.576 | AN118: 7.9600334 | AQ118: 44404.527 | AR118: 6.9199867
... Y123: 44402.432 | Z123: 29.429998 | AA123: 44403.564 | AB123: 9.25 | AC123: 44403.355 | AD123: 5.8099976 | AE123: 44403.452 | AF123: 10.159988 | AM123: 44403.596 | AN123: 7.9600334 | AQ123: 44405.214 | AR123: 0
Y124: 44402.432 | Z124: 29.939997 | AA124: 44403.564 | AB124: 9.1999998 | AC124: 44403.368 | AD124: 6.3399963 | AE124: 44403.453 | AF124: 10.679985 | AM124: 44403.616 | AN124: 8.4700356
Y125: 44402.432 | Z125: 30.439999 | AA125: 44403.576 | AB125: 9.1999998 | AC125: 44403.369 | AD125: 6.8700027 | AE125: 44403.483 | AF125: 11.18998 | AM125: 44403.641 | AN125: 8.9800339
Y126: 44402.445 | Z126: 30.949997 | AA126: 44403.596 | AB126: 9.1999998 | AC126: 44403.394 | AD126: 7.3800049 | AE126: 44403.485 | AF126: 11.699974 | AM126: 44403.655 | AN126: 9.5000305
Y127: 44402.445 | Z127: 31.469995 | AA127: 44403.627 | AB127: 9.7600012 | AC127: 44403.395 | AD127: 7.8899994 | AE127: 44403.486 | AF127: 12.199982 | AM127: 44403.685 | AN127: 10.010033
Y128: 44402.445 | Z128: 31.969999 | AA128: 44403.627 | AB128: 10.290001 | AC128: 44403.399 | AD128: 8.4100037 | AE128: 44403.488 | AF128: 12.709976 | AM128: 44403.7 | AN128: 10.520031
Y129: 44402.446 | Z129: 32.480022 | AA129: 44403.627 | AB129: 10.950001 | AC129: 44403.407 | AD129: 8.9100113 | AE129: 44403.496 | AF129: 13.209984 | AM129: 44403.741 | AN129: 11.030025
Y130: 44402.446 | Z130: 33.000034 | AA130: 44403.704 | AB130: 11.46 | AC130: 44403.409 | AD130: 9.4300003 | AE130: 44403.521 | AF130: 13.719994 | AM130: 44403.742 | AN130: 11.420029
Y131: 44402.446 | Z131: 33.500053 | AA131: 44403.704 | AB131: 11.99 | AC131: 44403.438 | AD131: 9.9300079 | AE131: 44403.523 | AF131: 14.229988 | AM131: 44404.145 | AN131: 11.420029
Y132: 44402.474 | Z132: 34.010086 | AA132: 44403.704 | AB132: 12.52 | AC132: 44403.439 | AD132: 10.480011 | AE132: 44403.536 | AF132: 14.759987 | AM132: 44404.183 | AN132: 11.96003
Y133: 44402.475 | Z133: 34.540123 | AA133: 44403.705 | AB133: 12.68 | AC133: 44403.451 | AD133: 11.000008 | AE133: 44403.537 | AF133: 15.269989 | AM133: 44404.214 | AN133: 0
Y134: 44402.475 | Z134: 35.040161 | AA134: 44404.14 | AB134: 12.68 | AC134: 44403.453 | AD134: 11.51001 | AE134: 44403.538 | AF134: 15.779984 | AM134: 44404.293 | AN134: -0.51000595
Y135: 44402.475 | Z135: 35.550201 | AA135: 44404.14 | AB135: 13.22 | AC135: 44403.482 | AD135: 12.020004 | AE135: 44403.565 | AF135: 16.289986 | AM135: 44404.395 | AN135: -0.20000458
... Y141: 44402.489 | Z141: 38.640423 | AA141: 44404.151 | AB141: 16.450003 | AC141: 44403.536 | AD141: 15.06002 | AE141: 44403.582 | AF141: 18.279984 | AM141: 44405.214 | AN141: 0
Y142: 44402.519 | Z142: 39.140442 | AA142: 44404.214 | AB142: 0 | AC142: 44403.538 | AD142: 15.570023 | AE142: 44403.596 | AF142: 18.279984
Y143: 44402.52 | Z143: 39.650452 | AA143: 44404.231 | AB143: 0.50999975 | AC143: 44403.54 | AD143: 16.080017 | AE143: 44403.605 | AF143: 18.79998
Y144: 44402.52 | Z144: 40.170456 | AA144: 44404.231 | AB144: 1.0699997 | AC144: 44403.542 | AD144: 16.580025 | AE144: 44403.606 | AF144: 19.309986
Y145: 44402.52 | Z145: 40.690487 | AA145: 44404.232 | AB145: 1.8099995 | AC145: 44403.565 | AD145: 17.090019 | AE145: 44403.619 | AF145: 19.819984
Y146: 44402.52 | Z146: 41.210518 | AA146: 44404.332 | AB146: 2.3599992 | AC146: 44403.566 | AD146: 17.490021 | AE146: 44403.645 | AF146: 20.349983
Y147: 44402.533 | Z147: 41.710526 | AA147: 44404.366 | AB147: 2.8699994 | AC147: 44403.576 | AD147: 17.490021 | AE147: 44403.646 | AF147: 20.859985
Y148: 44402.533 | Z148: 42.220551 | AA148: 44404.367 | AB148: 3.5099993 | AC148: 44403.579 | AD148: 18.010021 | AE148: 44403.648 | AF148: 21.369987
Y149: 44402.533 | Z149: 42.730564 | AA149: 44404.396 | AB149: 4.0599995 | AC149: 44403.582 | AD149: 18.530022 | AE149: 44403.657 | AF149: 21.879982
Y150: 44402.533 | Z150: 43.250553 | AA150: 44404.396 | AB150: 4.5999994 | AC150: 44403.584 | AD150: 19.04002 | AE150: 44403.658 | AF150: 22.389984
Y151: 44402.534 | Z151: 43.750565 | AA151: 44404.396 | AB151: 3.7099991 | AC151: 44403.585 | AD151: 19.560017 | AE151: 44403.66 | AF151: 22.909981
Y152: 44402.553 | Z152: 44.270561 | AA152: 44404.396 | AB152: 4.4199996 | AC152: 44403.587 | AD152: 20.06002 | AE152: 44403.661 | AF152: 23.419983
Y153: 44402.554 | Z153: 44.790546 | AA153: 44404.409 | AB153: 4.4199996 | AC153: 44403.588 | AD153: 20.270023 | AE153: 44403.688 | AF153: 23.929981
... Y196: 44402.695 | Z196: 66.791054 | AA196: 44406.214 | AB196: 0 | AC196: 44404.531 | AD196: 9.7900009 | AE196: 44404.692 | AF196: 13.799992
Y197: 44402.695 | Z197: 67.30114 | AC197: 44404.562 | AD197: 10.299999 | AE197: 44404.724 | AF197: 14.299995
Y198: 44402.733 | Z198: 67.801254 | AC198: 44404.574 | AD198: 10.810001 | AE198: 44404.726 | AF198: 14.809998
Y199: 44402.733 | Z199: 68.321304 | AC199: 44404.577 | AD199: 11.32 | AE199: 44404.78 | AF199: 15.319992
Y200: 44402.733 | Z200: 68.84137 | AC200: 44404.6 | AD200: 11.84 | AE200: 44404.781 | AF200: 15.819996
Y201: 44402.734 | Z201: 69.341415 | AC201: 44404.613 | AD201: 12.360001 | AE201: 44404.821 | AF201: 16.339996
Y202: 44402.734 | Z202: 69.851433 | AC202: 44404.615 | AD202: 12.860004 | AE202: 44404.822 | AF202: 16.849998
Y203: 44402.745 | Z203: 70.351463 | AC203: 44404.643 | AD203: 13.380001 | AE203: 44404.852 | AF203: 17.369999
Y204: 44402.745 | Z204: 70.861534 | AC204: 44404.693 | AD204: 13.889999 | AE204: 44404.908 | AF204: 17.889997
Y205: 44402.745 | Z205: 71.391602 | AC205: 44404.695 | AD205: 14.399998 | AE205: 44405.214 | AF205: 0
Y206: 44402.746 | Z206: 71.931648 | AC206: 44404.703 | AD206: 14.900002
Y207: 44402.746 | Z207: 72.441704 | AC207: 44404.724 | AD207: 15.410004
Y208: 44402.77 | Z208: 73.001808 | AC208: 44405.045 | AD208: 15.83
Y209: 44402.77 | Z209: 73.521858 | AC209: 44405.214 | AD209: 0
...
